nome;preco;categoria;sku;estoque;imagem;descricao
Bateria Fenix Recarregável 14500 800mAh 3.6V 2.88Wh De Íon de Lítio ARB-L14-800;85.00;Acessório;PH-1440;67;https://images.tcdn.com.br/img/img_prod/620600/bateria_14500_recarregvel_fenix_arb_l14_800_1_20260526151003_05efb5c81d73.jpg;Bateria Fenix Recarregável 14500 800mAh 3.6V ARB-L14-800 A ARB-L14-800 é uma bateria recarregável de íon-lítio no formato 14500, desenvolvid
Bateria Fenix Recarregável 18650 2600mAh 3.6V 9.36Wh De Íon de Lítio ARB-L18-2600U;146.00;Acessório;PH-1444;482;https://images.tcdn.com.br/img/img_prod/620600/bateria_fenix_18650_2600u_mah_usb_1444_1_26e3124f5acc96006c779e61b6171178_20260526151003.jpg;Bateria Fenix Recarregável 18650 2600mAh 3.6V ARB-L18-2600U A ARB-L18-2600U é uma bateria recarregável de íon-lítio no formato 18650 com por
Bateria Fenix Recarregável 18650 3500mAh 3.6V 12.6Wh De Íon de Lítio ARB-L18-3500;250.00;Acessório;PH-1448;94;https://images.tcdn.com.br/img/img_prod/620600/bateria_18650_recarregvel_fenix_arb_l18_3500_1_20260526151003_59b747ca6538.jpg;Bateria Fenix Recarregável 18650 3500mAh 3.6V ARB-L18-3500 A ARB-L18-3500 é uma bateria recarregável de íon-lítio no formato 18650, desenvol
Bateria Fenix Recarregável 14500 1600mAh 1.5V 2.4Wh De Íon de Lítio ARB-L14-1600U;105.00;Acessório;PH-1476;14;https://images.tcdn.com.br/img/img_prod/620600/bateria_14500_recarregvel_fenix_arb_l14_1600u_1_20260526151003_989ed2efe96a.jpg;Bateria Fenix Recarregável 14500 1600mAh 1.5V ARB-L14-1600U A ARB-L14-1600U é uma bateria recarregável no formato 14500 com saída regulada d
Porta Sistema de Hidratação Warfare - Preto;110.35;Acessório;PH-1560;1;https://images.tcdn.com.br/img/img_prod/620600/porta_sistema_de_hidratacao_warfare_preto_1560_1_65bc69d6c18f4b6b6832daf70ce87ff0_20260526150847.jpg;Bolso Porta Sistema de Hidratação - Black Este bolso modular pode ser acoplado a qualquer plataforma MOLLE seja coletes ou mochilas. Tem cap
Canivete Multifuncional Ruike S21-B;204.00;Acessório;PH-1602;12;https://images.tcdn.com.br/img/img_prod/620600/canivete_multifuncional_ruike_s21_b_1602_1_d486e852d194b1c843a364d75af75483_20260526151024.png;Canivete Multifuncional Ruike S21-B - Preto O canivete S21 é uma ótima opção para quem procura um canivete simples para light outdoors e uso
Canivete Multifuncional Ruike S22-B;236.00;Acessório;PH-1604;12;https://images.tcdn.com.br/img/img_prod/620600/canivete_multifuncional_ruike_s22_b_1604_1_d020dad049582b0381eb29753a9f2ca3_20260526151024.jpg;Canivete Multifuncional Ruike S22-B - Preto O canivete S22 é uma ótima opção para quem procura um canivete simples para light outdoors e uso
Canivete Multifuncional Ruike S22-G;236.00;Acessório;PH-1606;10;https://images.tcdn.com.br/img/img_prod/620600/canivete_ruike_s22_g_1606_1_da3a162e3a8f5c6a523aa36ffdfee7ee_20260526151024.jpg;Canivete Multifuncional Ruike S22-G - Verde O canivete S22 é uma ótima opção para quem procura um canivete simples para light outdoors e uso
Canivete Multifuncional Ruike S21-G;204.00;Acessório;PH-1608;5;https://images.tcdn.com.br/img/img_prod/620600/canivete_multifuncional_ruike_s21_g_1608_1_1c49cbdd2ea8d3e2475173299893ba0e_20260526151024.png;Canivete Multifuncional Ruike S21-G - Verde O canivete S21 é uma ótima opção para quem procura um canivete simples para light outdoors e uso
Canivete Multifuncional Ruike S31-B;272.00;Acessório;PH-1610;10;https://images.tcdn.com.br/img/img_prod/620600/canivete_ruike_modelo_s31_b_1610_1_8eec10f2c42f8aae72f8abe210ef9633_20260526151024.jpg;Canivete Dobrável Ruike S31-B - Preto O canivete S31 é uma ótima opção para quem procura um canivete simples para light outdoors e uso EDC. 
Canivete Multifuncional Ruike S31-G;272.00;Acessório;PH-1616;7;https://images.tcdn.com.br/img/img_prod/620600/canivete_ruike_s31_g_1616_1_ed3be245204a51625f03d6cbde28413f_20260526151024.jpg;Canivete Dobrável Ruike S31-G - Verde O canivete S31 é uma ótima opção para quem procura um canivete simples para light outdoors e uso EDC. 
Carregador de Bateria Fenix ARE-X1;159.90;Acessório;PH-1642;58;https://images.tcdn.com.br/img/img_prod/620600/carregador_de_bateria_fenix_are_x1_1_20260526151005_3d0e47c0cf55.jpg;Carregador Fenix Are-X1 Fabricado para carregar baterias dos modelos 18650 e 26650, o X1 permite carga e descarga de bateria por porta micro
Bastão Sinalizador (40mm) para Lanternas Fenix - AOT-L;47.00;Acessório;PH-1674;4;https://images.tcdn.com.br/img/img_prod/620600/difusor_fenix_aot_l_para_lanternas_com_cabeca_de_40mm_1674_1_20260526150946.jpg;Bastão Sinalizador (40mm) para Lanternas Fenix - AOT-L AOT-L pode converter sua lanterna em uma varinha de alta visibilidade vermelho brilha
Bastão Sinalizador (24mm) para Lanternas Fenix - AOT-S;47.00;Acessório;PH-1676;189;https://images.tcdn.com.br/img/img_prod/620600/difusor_fenix_aot_s_para_lanternas_com_cabeca_de_24mm_1676_1_20260526150946.jpg;Bastão Sinalizador (24mm) para Lanternas Fenix - AOT-S O AOT-S pode converter sua lanterna em uma varinha de alta visibilidade vermelho bril
Bastão Sinalizador (34mm) para Lanternas Fenix - AOT-M;47.00;Acessório;PH-1678;96;https://images.tcdn.com.br/img/img_prod/620600/difusor_fenix_aot_m_para_lanternas_com_cabeca_de_34mm_1678_1_20260526150947.jpg;Bastão Sinalizador (34mm) para Lanternas Fenix - AOT-M O AOT-M pode converter sua lanterna em uma varinha de alta visibilidade vermelho bril
Difusor Fenix AD202 Para Lanternas Com Cabeça De 34mm;29.90;Acessório;PH-1680;19;https://images.tcdn.com.br/img/img_prod/620600/difusor_fenix_para_lanternas_com_cabeca_de_34mm_1680_1_20260526150947.jpg;Bastão Sinalizador ( 34mm) para Lanternas Fenix - AD202 O difusor Fenix foi fabricado com a ideia de auxiliar quem precisa sinalizar seja no
Extensor Fenix Para Lanterna TK75;384.00;Acessório;PH-1704;3;https://images.tcdn.com.br/img/img_prod/620600/extensor_fenix_para_lanterna_tk75_1704_1_20260526150947.jpg;Extensor Fenix Para Lanterna TK75 O extensor para TK75 te permite aumentar ainda mais a duração adicionando um slot para mais quatro bateria
Acionador Remoto para Lanterna Fenix AR102;215.00;Acessório;PH-1718;5;https://images.tcdn.com.br/img/img_prod/620600/acionador_remoto_para_lanterna_fenix_ar102_1_20260526150947_db65d1dee54a.jpg;Interruptor para Acionamento Remoto - Fenix AR102 Especialmente projetado para lanternas táticas, o AR102 possui três sensores conectados em
Lanterna para Bike Fenix BC30 - 1800 Lúmens;1218.90;Acessório;PH-1734;6;https://images.tcdn.com.br/img/img_prod/620600/lanterna_para_bike_fenix_bc30_1800_lumens_1734_1_c0390b85a8ef11ab3577dd0b83e52016_20260526150944.jpg;Lanterna para Bike Fenix BC30 - 1800 Lúmens A lanterna BC30 é mais do que uma lanterna, é uma aliada para os amantes de bicicleta. Com seus 
Lanterna EDC Fenix E15 - 450 Lúmens;346.00;Acessório;PH-1758;1;https://images.tcdn.com.br/img/img_prod/620600/lanterna_fenix_e15_alcance_de_ate_132m_450_lumens_1758_1_0a04c9cf3e5688743fa1c9cdfdd5120f_20260526150925.jpg;Lanterna EDC Fenix E15 - 450 Lúmens A Fenix E15 (2016) pode parecer apenas uma pequena lanterna de chaveiro, mas seu desempenho surpreendent
Lanterna EDC Fenix E20 - 265 Lúmens;455.60;Acessório;PH-1764;2;https://images.tcdn.com.br/img/img_prod/620600/lanterna_edc_fenix_e20_265_lmens_1_20260526150926_ca29cee94561.jpg;Lanterna EDC Fenix E20 - 265 Lúmens A E20 é uma lanterna portátil , ideal para suas atividades diárias. Com apenas duas pilhas AA, ela é cap
Lanterna EDC Fenix E50 - 780 Lúmens;530.00;Acessório;PH-1768;6;https://images.tcdn.com.br/img/img_prod/620600/lanterna_fenix_e50_780_lumens_1768_1_20260526150926.jpg;Lanterna EDC Fenix E50 - 780 Lúmens A Lanterna Fenix E50 é uma lanterna tática de alta qualidade, leve e potente. Com seus 780 lumens sendo 
Lanterna para Cabeça Fenix HL30 Verde - 230 Lúmens;552.30;Acessório;PH-1780;1;https://images.tcdn.com.br/img/img_prod/620600/lanterna_fenix_hl30_verde_230_lumens_1780_1_20260526150935.jpg;Lanterna para Cabeça Fenix HL30 Verde - 230 Lúmens A HL30 2018 é uma lanterna de caminhada de alto desempenho para ambientes externos. Possu
Lanterna para Cabeça Fenix HM50R 500 Lúmens;710.00;Acessório;PH-1786;1;https://images.tcdn.com.br/img/img_prod/620600/lanterna_de_cabeca_fenix_hm50r_500_lumens_black_1786_1_0bbfc248be3c8f0509cd041d83d909e2_20260526150935.jpg;Lanterna para Cabeça Fenix HM50R - 500 Lúmens A lanterna recarregável HM50R foi projetado para resistir a temperaturas frias, oferecendo des
Lanterna para Pesca Fenix HP40F - 450 Lúmens;1249.00;Acessório;PH-1792;12;https://images.tcdn.com.br/img/img_prod/620600/lanterna_para_pesca_fenix_hp40f_450_lmens_1_20260526150935_0d7295e04b45.jpg;Lanterna para Pesca Fenix HP40F - 450 Lúmens A lanterna HP40F é uma lanterna de alto desempenho da série HP da Fenix. Com quatro níveis de i
Lanterna Fenix LD12 - 125 Lúmens;570.00;Acessório;PH-1794;9;https://images.tcdn.com.br/img/img_prod/620600/lanterna_fenix_ld12_autonomia_de_ate_100h_125_lumens_1794_1_20260526150953.jpg;Lanterna para Atividades Profissionais Fenix LD12 - 125 Lúmens A Fenix LD12 torna suas tarefas ao ar livre mais simples e eficientes. Com pe
Lanterna Fenix LD41 - 520 Lúmens;702.90;Acessório;PH-1796;1;https://images.tcdn.com.br/img/img_prod/620600/lanterna_fenix_ld41_520_lmens_1_20260526150953_f289ab181ac4.jpg;Lanterna para Atividade Profissional Fenix LD41- 520 Lúmens A Fenix LD41 é a escolha ideal para quem busca qualidade e economia . Com uma po
Lanterna Camping Fenix CL09 Cinza - 200 Lúmens;413.00;Acessório;PH-1808;3;https://images.tcdn.com.br/img/img_prod/620600/lanterna_para_camping_fenix_cl09_cinza_200_lumens_1808_1_a1c7f1a9efa9f23a9bf1af1534551709_20260526150945.jpg;Lanterna Camping Fenix CL09 Cinza - 200 Lúmens A Lanterna Fenix CL09 oferece uma solução moderna, compacta, leve e prática. Com uma luminosi
Lanterna para Camping Fenix CL09 Preto - 200 Lúmens;413.00;Acessório;PH-1810;8;https://images.tcdn.com.br/img/img_prod/620600/lanterna_fenix_cl09_200_lumens_preto_1810_1_d033392e05127264cfd61f4e2ade8e50_20260526150945.jpg;Lanterna para Camping Fenix CL09 Preto - 200 Lúmens A Lanterna Fenix CL09 oferece uma solução moderna, compacta, leve e prática. Com uma lum
Lanterna Fenix LD41 - 680 Lúmens;916.80;Acessório;PH-1812;5;https://images.tcdn.com.br/img/img_prod/620600/lanterna_fenix_ld41_autonomia_de_160h_680_lumens_1812_1_20260526150954.jpg;Lanterna para Atividade Profissional Fenix LD41 - 680 Lúmens A Lanterna Fenix LD41 é uma excelente opção para quem busca uma lanterna de alt
Lanterna Tática Fenix PD32 - 900 Lúmens;675.00;Acessório;PH-1820;7;https://images.tcdn.com.br/img/img_prod/620600/lanterna_fenix_pd32_alcance_de_ate_240m_900_lumens_1820_1_75e718b9ed0289d68bcdf8891e03a525_20260526150911.jpg;Lanterna Tática Fenix PD32 - 900 Lúmens À procura de uma lanterna confiável e prática para iluminar seu caminho. A Fenix PD32 é a escolha pe
Lanterna Recarregável Fenix RC20 - 1000 Lúmens;1407.00;Acessório;PH-1830;17;https://images.tcdn.com.br/img/img_prod/620600/lanterna_fenix_rc20_1000_lumens_1830_1_e56a027beea222d365ad97b8b84a7fd7_20260526150954.jpg;Lanterna Recarregável Fenix RC20 - 1000 Lúmens A lanterna Fenix RC20 é uma excelente opção para quem busca uma fonte de luz portátil e confi
Lanterna Subaquática Fenix SD11 - 1000 Lúmens;1123.00;Acessório;PH-1836;10;https://images.tcdn.com.br/img/img_prod/620600/lanterna_fenix_sd11_1000_lumens_1836_1_210e6f8dd376ae9026f9839a9ce5affb_20260526150954.jpg;Lanterna Subaquática Fenix SD11 - 1000 Lú mens A Lanterna Fenix SD11 é uma lanterna de alta qualidade projetada para fotografia subaquática 
Lanterna Tática Fenix TK16 - 1000 Lúmens;850.00;Acessório;PH-1846;11;https://images.tcdn.com.br/img/img_prod/620600/lanterna_fenix_tk16_1000_lumens_1846_1_d8112bb7bd95fc27126f9fe21be11c0b_20260526150911.jpg;Lanterna Tática Fenix TK16 - 1000 Lúmens A lanterna Fenix TK16 é uma ferramenta tática de alta performance , ideal para situações de emergên
Lanterna Tática Fenix TK20R - 1000 Lúmens;1184.00;Acessório;PH-1848;1;https://images.tcdn.com.br/img/img_prod/620600/lanterna_fenix_tk20r_alcance_de_275m_1000_lumens_1848_1_7b40bede60a4f3230f93d86062ffa3ce_20260526150911.jpg;Lanterna Tática Fenix TK20R - 1000 Lúmens A Fenix TK20R é a lanterna ideal para quem busca potência, resistência e praticidade em qualquer s
Lanterna Tática com Infravermelho Fenix TK25 IR - 1000 Lúmens;1101.00;Acessório;PH-1850;10;https://images.tcdn.com.br/img/img_prod/620600/lanterna_fenix_tk25_ir_com_infravermelho_1850_1_667ee4a9993f6c59e75b2e281e87e0cf_20260526150911.jpg;Lanterna Tática com infravermelho Fenix TK25 IR - 1000 Lúmens Descubra um novo nível de aventura com a Fenix TK25 IR . Esta lanterna oferece
Lanterna Tática e Multicolor Fenix TK25 R&B - 1000 Lúmens;1101.00;Acessório;PH-1852;15;https://images.tcdn.com.br/img/img_prod/620600/lanterna_fenix_tk25_reamp_b_multicolor_e_tatica_1852_1_5026582284e974c20611c7a61c731826_20260526150911.jpg;Lanterna Tática e Multicolor Fenix TK25 R&B - 1000 Lúmens A TK25 R&B é uma lanterna tática e multicolorida da Fenix, que pode ajudar em vári
Lanterna Tática Fenix TK65R - 3200 Lúmens;2656.40;Acessório;PH-1858;4;https://images.tcdn.com.br/img/img_prod/620600/lanterna_fenix_tk65r_3200_lumens_1858_5_9592e1b71b36c46e0dd48dd3323452b9_20260526150911.jpg;Lanterna Tática Fenix TK65R - 3200 Lúmens A Fenix TK65R é uma lanterna de alta performance , ideal para uso em operações de segurança, polic
Lanterna para Camping Fenix CL30R Preto - 650 Lúmens;1291.00;Acessório;PH-1872;7;https://images.tcdn.com.br/img/img_prod/620600/lanterna_fenixcl30r_para_camping_650_lumens_1872_1_96f7c7c701dcda3ec1e2517cc2ccbfd2_20260526150945.jpg;Lanterna para Camping Fenix CL30R Preto - 650 Lúmens Com uma potência incrível, a CL30R é capaz de iluminar uma distância de 35 metros de di
Lanterna Para Pistola Trustfire Com Bateria - Trilho Picatinny TFP10 - 320 Lumens;279.90;Acessório;PH-1884;52;https://images.tcdn.com.br/img/img_prod/620600/lanterna_para_pistola_trustfire_com_bateria_trilho_picatinny_tfp10_320_lumens_1884_1_28fe22aa173c9f03c1183e1d856dabff_20260526151322.jpg;Lanterna Para Pistola Trustfire Com Bateria - Trilho Picatinny TFP10 - 320 Lumens Lanterna Para Pistola TrustFire TFP10 – 320 Lumens ! Desen
Lanterna Tática Fenix PD35 Tactical Edition - 1000 Lúmens;848.00;Acessório;PH-1930;25;https://images.tcdn.com.br/img/img_prod/620600/lanterna_fenix_pd35_tactical_edition_1000_lumens_1930_1_c0c5366b651eea3c9039995913128894_20260526150912.jpg;Lanterna Tática Fenix PD35 Tactical Edition - 1000 Lúmens Se você procura uma lanterna de alta performance , durabilidade e versatilidade , 
Mosquetão Militar Warfare - Tan;17.00;Acessório;PH-1966;1;https://images.tcdn.com.br/img/img_prod/620600/mosqueto_militar_warfare_tan_1_20260526151128_1d4e057755b9.jpg;MOSQUETÃO MILITAR WARFARE - TAN Use em seu colete ou plataforma modular para carregar objetos como luvas e demais acessórios que necessitam 
Mosquetão Militar Warfare - Verde;17.00;Acessório;PH-1968;8;https://images.tcdn.com.br/img/img_prod/620600/mosqueto_militar_warfare_verde_1_20260526151128_426918af724a.jpg;MOSQUETÃO MILITAR WARFARE - VERDE Use em seu colete ou plataforma modular para carregar objetos como luvas e demais acessórios que necessita
Mosquetão Militar Warfare - Preto;17.00;Acessório;PH-1970;6;https://images.tcdn.com.br/img/img_prod/620600/mosqueto_militar_warfare_preto_1_20260526151128_fa5cf6f593c1.jpg;Mosquetão Militar Warfare - Preto Use em seu colete ou plataforma modular para carregar objetos como luvas e demais acessórios que necessita
"Pistola Tanfoglio Force 22L - Cal .22 LR 5,2""";9900.00;Arma;PH-2124;33;https://images.tcdn.com.br/img/img_prod/620600/pistola_tanfoglio_force_22l_calibre_22lr_2124_1_ac2096ff121a8bc3505475eb4391f499_20260526150745.jpg;"Pistola Tanfoglio Force 22L - Calibre .22 RL 5,2"" Pistola Tanfoglio Force 22L Calibre .22 LR – perfeita para treinamento e tiro esportivo co"
"Pistola Tanfoglio FT9 Carry - Cal .380 ACP 3,8""";10500.00;Arma;PH-2126;3;https://images.tcdn.com.br/img/img_prod/620600/pistola_tanfoglio_ft9_carry_calibre_380_acp_2126_1_a2ea5028cb2c855a271e090a58730d06_20260526150745.jpg;"Pistola Tanfoglio FT9 Carry - Calibre .380 ACP 3,8"" Pistola Tanfoglio FT9 Carry - Modelo semiautomático de ação dupla projetado para defesa "
"Pistola Tanfoglio FT9 Full Size - Cal .380ACP 4,6""";10700.00;Arma;PH-2128;0;https://images.tcdn.com.br/img/img_prod/620600/pistola_tanfoglio_ft9_fs_full_size_calibre_380_acp_2128_1_61eaaa11d3455bdc0cd766953a0ebfed_20260526150746.jpg;"Pistola Tanfoglio FT9 Full Size - Calibre 380ACP 4,6"" Pistola Tanfoglio FT9 Full Size Calibre .380 ACP, modelo semiautomático de ação dupla "
Pistola Taurus PT 58 HC Plus Calibre .380 - Oxidada;10834.39;Arma;PH-2130;1;https://images.tcdn.com.br/img/img_prod/620600/pistola_taurus_pt_58_hc_plus_calibre_380_oxidada_1_20260526150746_74a41b5ae0a9.png;Pistola Taurus PT 58 HC Plus Calibre .380 - Oxidada A Taurus PT 58HC Plus é uma pistola de ação simples e dupla com funcionamento semi autom
Pistola Taurus PT59S Calibre .380 ACP - Inox;12583.13;Arma;PH-2134;1;https://images.tcdn.com.br/img/img_prod/620600/pistola_taurus_pt59s_calibre_380_acp_inox_1_20260526150746_8c9f449d9de0.jpg;Pistola Taurus PT 59S Inox Calibre .380 ACP 19+1 A Pistola Taurus PT 59S Inox no calibre .380 ACP é um modelo tradicional da Taurus, reconhe
Pistola Taurus PT 59 S Calibre .380 ACP - Oxidada;10749.45;Arma;PH-2136;1;https://images.tcdn.com.br/img/img_prod/620600/pistola_taurus_pt_59_s_calibre_380_acp_oxidada_2136_1_20260526150746.png;Pistola Taurus PT 59 S Calibre .380 ACP - Oxidada Versão oxidada da pistola semi automática Taurus 59S, que é uma pistola de ação simples ou
Placa De Perna Warfare - Ambidestra - Coyote;133.30;Acessório;PH-2150;3;https://images.tcdn.com.br/img/img_prod/620600/placa_de_perna_warfare_ambidestra_coyote_2150_1_8300177c5ac1b4c1d0f7c88c84e9cedd_20260526150847.jpg;Placa de Perna Warfare - Ambidestra - Coyote A Plataforma de perna ganhou sua versão 2 com laser cut. Mais limpa em seu design porém com a m
Placa De Perna Warfare - Ambidestra - Verde;133.30;Acessório;PH-2152;1;https://images.tcdn.com.br/img/img_prod/620600/placa_de_perna_warfare_ambidestra_verde_2152_1_dc4b01a1e7ea3760fe5886e49c11f24d_20260526150847.jpg;Placa De Perna Warfare - Ambidestra - Verde A Plataforma de perna ganhou sua versão 2 com laser cut. Mais limpa em seu design porém com a me
Porta Carregador Fenrir 1x556 Warfare - Coyote;48.00;Acessório;PH-2156;2;https://images.tcdn.com.br/img/img_prod/620600/porta_carregador_fenrir_1x556_warfare_coyote_2156_1_cdcac46310d1e11d9de92421ffd4518c_20260526150848.jpg;Porta Carregador 1x556 M.O.L.L.E Fenrir - Coyote Utilize esse porta carregador se você deseja um perfil mais baixo em seu colete ou platafor
Porta Carregador 2x556  Warfare - Coyote;57.72;Acessório;PH-2158;2;https://images.tcdn.com.br/img/img_prod/620600/porta_carregador_2x556_warfare_coyote_2158_1_791a94dbef98707f706e3d0b61739794_20260526150848.jpg;Porta Carregador 2x556 Warfare - Coyote Porta carregador com capacidade para 2 carregadores em cal 556 ou 01 em cal 7,62mm. Com um elástico 
Porta Rádio Police Desert;55.90;Acessório;PH-2182;2;https://images.tcdn.com.br/img/img_prod/620600/porta_radio_police_coyote_2182_1_4bafb680d613ce3edfce67dd117ff0e6_20260526150848.jpg;Porta Rádio Police Desert- Warfare O porta rádio comunicador é peça fundamental para você levar em suas missões. Sem comunicação não como pe
Porta Rádio Police Preto;55.90;Acessório;PH-2184;1;https://images.tcdn.com.br/img/img_prod/620600/porta_radio_police_preto_2184_1_e3a3b11acf2a923b61daf7d6aed9d9fd_20260526150848.jpg;Porta Rádio Police Preto - Warfare O porta rádio comunicador é peça fundamental para você levar em suas missões. Sem comunicação não como pe
"Revólver Taurus RT82S/6 .38SPL 4"" Oxidado Fosco Zarelho";8787.12;Arma;PH-2194;1;https://images.tcdn.com.br/img/img_prod/620600/revlver_taurus_rt82s6_38spl_4_oxidado_fosco_zarelh_1_20260526150808_cbeda0ac41af.jpg;"REVÓLVER TAURUS RT 82S/6 4"" CALIBRE .38SPL Oxidado Fosco Zarelho O revólver Taurus 82S possui cano de 4 polegadas, e calibre .38 special. É "
"Revólver Taurus RT838/8 .38 SPL 6,5"" Inox Fosco";9486.57;Arma;PH-2196;1;https://images.tcdn.com.br/img/img_prod/620600/revlver_taurus_rt8388_38_spl_65_inox_fosco_1_20260526150808_9f6b7b883c34.png;"Revólver Taurus RT 838 Calibre .38 SPL 6,5"" O Revólver Taurus RT 838 é um modelo de ação SA/DA (simples e dupla ação) , no calibre .38 Speci"
"Revólver Taurus RT85S/5 .38 SPL 2"" Inox";6717.32;Arma;PH-2202;1;https://images.tcdn.com.br/img/img_prod/620600/revolver_taurus_rt85s_5_38_spl_2_inox_2202_1_20260526150808.jpg;"Revólver Taurus RT85S/5 .38 SPL 2"" Inox O Revólver Taurus RT 85S é um modelo bastante pequeno e prático, com excelente acabamento e cabo de "
Faca Jager Ruike F118-B;824.00;Acessório;PH-2280;9;https://images.tcdn.com.br/img/img_prod/620600/faca_jager_ruike_f118_b_2280_1_b23960c2f0e124d70ce206ecb1970916_20260526150824.jpg;Faca Ruike Jager F118 - Preto Uma grande e resistente lâmina fixa de qualidade. A alça G10 de tamanho completo se encaixa perfeitamente na m
Faca Jager Ruike F118-G;824.00;Acessório;PH-2282;8;https://images.tcdn.com.br/img/img_prod/620600/ruike_knife_f118_faca_jagger_com_bainha_green_2282_1_20260526150824.jpg;Faca Ruike Jager F118 - Green O Canivete Ruike F118 é de lâmina fixa. Sua lâmina é feita de aço inoxidável Sandvik 14C28N com 9,5 cm de comp
Faca com Bainha Ruike F815-B;562.00;Acessório;PH-2284;11;https://images.tcdn.com.br/img/img_prod/620600/faca_ruike_f815_hornet_com_bainha_black_2284_1_488d6fa290fc12d5941ab7e910701893_20260526150825.jpg;Faca com Bainha Ruike F815 - Preto A Faca Ruike F815 é uma excelente escolha para aqueles que procuram uma faca de alta qualidade e durabili
Canivete Dobrável Ruike L11-G;341.00;Acessório;PH-2286;8;https://images.tcdn.com.br/img/img_prod/620600/canivete_ruike_l11_para_uso_diario_green_2286_5_c375a9740482f7f4ac921e9407619bd4_20260526151033.jpg;Canivete Dobrável Ruike L11-G A lâmina principal da linha L dos canivetes Ruike têm espessura e largura aumentadas, promovendo maior durabil
Faca com Bainha Ruike F815-J;562.00;Acessório;PH-2288;10;https://images.tcdn.com.br/img/img_prod/620600/faca_ruike_f815_laranja_2288_1_0ad6a500181e18566e117ac460380ad7_20260526150825.jpg;Faca com Bainha Ruike F815 - Laranja A faca Ruike F815 é uma excelente escolha para aqueles que procuram uma faca de alta qualidade e durabi
Canivete Dobrável Ruike L11-B;341.00;Acessório;PH-2290;15;https://images.tcdn.com.br/img/img_prod/620600/canivete_dobrvel_ruike_l11_b_1_20260526151033_8d8f8c6e91d5.jpg;Canivete Dobrável Ruike L11-N - Black A lâmina principal da linha L dos canivetes Ruike têm espessura e largura aumentadas, promovendo maior
Canivete Multifuncional Ruike L21-B;399.00;Acessório;PH-2292;12;https://images.tcdn.com.br/img/img_prod/620600/canivete_ruike_l21_multifuncional_black_2292_1_aaeb89dfd5db071f1280074072a6e54e_20260526151024.jpg;Canivete Multifuncional Ruike L21-B - Preto A lâmina principal da linha L dos canivetes Ruike têm espessura e largura aumentadas, promovendo
Canivete Multifuncional Ruike L21-G;399.00;Acessório;PH-2294;5;https://images.tcdn.com.br/img/img_prod/620600/ruike_knife_l21_canivete_multifuncional_green_2294_1_20260526151024.jpg;Canivete Multifuncional Ruike L21-G - Verde A lâmina principal da linha L dos canivetes Ruike têm espessura e largura aumentadas, promovendo
Canivete Multifuncional Ruike L31-B;500.00;Acessório;PH-2296;9;https://images.tcdn.com.br/img/img_prod/620600/ruike_knife_l31_canivete_multifuncional_black_2296_2_20260526151025.jpg;Canivete Multifuncional Ruike L31-B - Preto A lâmina principal da linha L dos canivetes Ruike têm espessura e largura aumentadas, promovendo
Canivete Multifuncional Ruike L31-G;500.00;Acessório;PH-2298;10;https://images.tcdn.com.br/img/img_prod/620600/ruike_knife_l31_canivete_multifuncional_green_2298_1_20260526151025.jpg;Canivete Multifuncional Ruike L31-G - Verde A lâmina principal da linha L dos canivetes Ruike têm espessura e largura aumentadas, promovendo
Canivete Multifuncional Ruike L51-B;676.00;Acessório;PH-2300;9;https://images.tcdn.com.br/img/img_prod/620600/ruike_knife_l51_canivete_multifuncional_black_2300_1_20260526151025.jpg;Canivete Multifuncional Ruike L51-B - Preto A lâmina principal da linha L dos canivetes Ruike têm espessura e largura aumentadas, promovendo
Canivete Multifuncional Ruike L51-G;676.00;Acessório;PH-2302;4;https://images.tcdn.com.br/img/img_prod/620600/ruike_knife_l51_canivete_multifuncional_green_2302_1_20260526151025.jpg;Canivete Multifuncional Ruike L51-G - Verde A lâmina principal da linha L dos canivetes Ruike têm espessura e largura aumentadas, promovendo
Canivete Multifuncional Ruike LD11-B;350.00;Acessório;PH-2304;7;https://images.tcdn.com.br/img/img_prod/620600/ruike_knife_ld11_canivete_para_uso_diario_black_2304_2_20260526151025.jpg;Canivete Multifuncional Ruike LD11 Preto O Canivete Ruike LD11 é uma faca dobrável com lâmina de aço inoxidável de alta qualidade feita de a
Canivete Multifuncional Ruike LD21-B;477.00;Acessório;PH-2306;11;https://images.tcdn.com.br/img/img_prod/620600/ruike_knife_ld21_canivete_multifuncional_black_2306_1_d586c0534a640bd01ed832dc597adb5f_20260526151026.jpg;Canivete Multifuncional Ruike LD21 Preto O Canivete Ruike LD2 1 é uma faca dobrável com lâmina de aço inoxidável de alta qualidade feita de 
Canivete Multifuncional Ruike LD31-B;591.00;Acessório;PH-2308;10;https://images.tcdn.com.br/img/img_prod/620600/ruike_knife_ld31_canivete_multifuncional_black_2308_2_20260526151026.jpg;Canivete Multifuncional Ruike LD31-B O Canivete Ruike LD31 é uma faca dobrável com lâmina de aço inoxidável de alta qualidade feita de aço S
Canivete Ruike Multifuncional LD32-B;591.00;Acessório;PH-2310;10;https://images.tcdn.com.br/img/img_prod/620600/ruike_knife_ld32_multifuncional_black_2310_1_20260526151027.jpg;Canivete Ruike Multifuncional LD32-B O Canivete Ruike LD32 é uma faca dobrável com lâmina de aço inoxidável de alta qualidade feita de aço S
Canivete Multifuncional Ruike LD42-B;674.00;Acessório;PH-2312;4;https://images.tcdn.com.br/img/img_prod/620600/ruike_knife_ld42_canivete_multifuncional_black_2312_1_20260526151027.jpg;Canivete Multifuncional Ruike LD42 Preto O Canivete Ruike LD42 é uma faca dobrável com lâmina de aço inoxidável de alta qualidade feita de a
Canivete Multifuncional Ruike LD43-G;712.00;Acessório;PH-2314;11;https://images.tcdn.com.br/img/img_prod/620600/ruike_knife_ld43_canivete_multifuncional_yellow_green_2314_1_20260526151027.jpg;Canivete Multifuncional Ruike LD43-G O Ruike LD43 é uma combinação de faca/ferramenta de qualidade profissional projetada para situações exi
Canivete Multifuncional Ruike LD41-B;674.00;Acessório;PH-2316;6;https://images.tcdn.com.br/img/img_prod/620600/ruike_knife_ld41_canivete_multifuncional_black_2316_3_2381a475bf6bdbc20e6c0fe67cc7899d_20260526151027.jpg;Canivete Multifuncional Ruike LD41 Preto O Canivete Ruike LD41 é uma faca dobrável com lâmina de aço inoxidável de alta qualidade feita de a
Canivete Dobrável Ruike M11-B;324.00;Acessório;PH-2318;14;https://images.tcdn.com.br/img/img_prod/620600/ruike_knife_m11_canivete_para_uso_diario_black_2318_2_20260526151033.jpg;Canivete Dobrável Ruike M11-B - Preto O Ruike M11 é uma f aca multifuncional de tamanho médio apresenta cinco funções básicas: lâmina média,
Canivete Multifuncional Ruike M21-B;337.00;Acessório;PH-2324;11;https://images.tcdn.com.br/img/img_prod/620600/ruike_knife_m21_canivete_multifuncional_black_2324_1_20260526151028.jpg;Canivete Multifuncional Ruike M21-B - Preto O Ruike M21 é uma f aca multifuncional de tamanho médio apresenta cinco funções básicas: lâmina 
Canivete Multifuncional Ruike M21-G;337.00;Acessório;PH-2326;6;https://images.tcdn.com.br/img/img_prod/620600/ruike_knife_m21_canivete_multifuncional_green_2326_1_20260526151028.jpg;Canivete Multifuncional Ruike M21-G - Verde O Ruike M21 é uma f aca multifuncional de tamanho médio apresenta cinco funções básicas: lâmina 
Canivete Multifuncional Ruike M32-B;435.00;Acessório;PH-2328;11;https://images.tcdn.com.br/img/img_prod/620600/canivete_ruike_m32_multifuncional_black_2328_1_1fa6cdb22e5762e1ab5a681e1f1b31ad_20260526151028.jpg;Canivete Multifuncional Ruike M32-B - Preto O Ruike M32 é uma f aca multifuncional de tamanho médio apresenta cinco funções básicas: lâmina 
Canivete Multifuncional Ruike M31-G;435.00;Acessório;PH-2330;4;https://images.tcdn.com.br/img/img_prod/620600/canivete_ruike_m31_multifuncional_green_2330_1_2d08d95af0c45be1e22e2b755a88797d_20260526151028.jpg;Canivete Multifuncional Ruike M31-G - Verde O Ruike M31 é uma f aca multifuncional de tamanho médio apresenta cinco funções básicas: lâmina 
Canivete Multifuncional Ruike M31-B;435.00;Acessório;PH-2332;12;https://images.tcdn.com.br/img/img_prod/620600/ruike_knife_m31_canivete_multifuncional_black_2332_2_20260526151028.jpg;Canivete Multifuncional Ruike M31-B - Preto O Ruike M31 é uma f aca multifuncional de tamanho médio apresenta cinco funções básicas: lâmina 
Canivete Multifuncional Ruike M41-B;549.00;Acessório;PH-2334;11;https://images.tcdn.com.br/img/img_prod/620600/canivete_ruike_m41_multifuncional_black_2334_1_5b2b76f226268f66a6aedc74b363fa62_20260526151028.jpg;Canivete Multifuncional Ruike M41-B - Preto O Ruike M41 é uma f aca multifuncional que apresenta cinco funções básicas: lâmina média, quebra
Canivete Multifuncional Ruike M41-G;549.00;Acessório;PH-2338;7;https://images.tcdn.com.br/img/img_prod/620600/ruike_knife_m41_canivete_multifuncional_green_2338_1_6edf87f4b57842aab78805a769a7f6c6_20260526151028.jpg;Canivete Multifuncional Ruike M41-G - Verde O Ruike M41 é uma f aca multifuncional que apresenta cinco funções básicas: lâmina média, quebra
Canivete Multifuncional Ruike M42-B;549.00;Acessório;PH-2340;7;https://images.tcdn.com.br/img/img_prod/620600/ruike_knife_m42_canivete_multifuncional_black_2340_2_20260526151029.jpg;Canivete Multifuncional Ruike M42-B - Preto O Ruike M42 é uma f aca multifuncional que apresenta cinco funções básicas: lâmina média, quebra
Canivete Multifuncional Ruike M42-G;549.00;Acessório;PH-2342;6;https://images.tcdn.com.br/img/img_prod/620600/canivete_multifuncional_ruike_m42_g_1_20260526151029_eab1872f1049.jpg;Canivete Multifuncional Ruike M42-G - Verde O Ruike M42 é uma f aca multifuncional que apresenta cinco funções básicas: lâmina média, quebra
Canivete Multifuncional Ruike M51-B;619.00;Acessório;PH-2344;6;https://images.tcdn.com.br/img/img_prod/620600/canivete_multifuncional_ruike_m51_b_1_20260526151029_c02542a45870.jpg;Canivete Multifuncional Ruike M51-B - Preto O Ruike M51 é uma f aca multifuncional que apresenta cinco funções básicas: lâmina média, quebra
Canivete Multifuncional Ruike M51-G;619.00;Acessório;PH-2346;7;https://images.tcdn.com.br/img/img_prod/620600/ruike_knife_m51_canivete_multifuncional_green_2346_1_51d93cf9d352aa48c2eff0f79ab02ee3_20260526151030.jpg;Canivete Multifuncional Ruike M51-G - Verde O Ruike M51 é uma f aca multifuncional que apresenta cinco funções básicas: lâmina média, quebra
Canivete Multifuncional Ruike M61-B;704.00;Acessório;PH-2348;5;https://images.tcdn.com.br/img/img_prod/620600/canivete_ruike_m61_multifuncional_black_2348_1_401f69714f3c5fcd682e53acea7ecc1b_20260526151030.jpg;Canivete Multifuncional Ruike M61-B - Preto O Ruike M61 é uma f aca multifuncional que apresenta cinco funções básicas: lâmina média, quebra
Canivete Multifuncional Ruike M61-G;704.00;Acessório;PH-2350;4;https://images.tcdn.com.br/img/img_prod/620600/canivete_ruike_m61_multifuncional_green_2350_1_0ba1af20003810f113998c485a932b9f_20260526151030.jpg;Canivete Multifuncional Ruike M61-G - Verde O Ruike M61 é uma f aca multifuncional que apresenta cinco funções básicas: lâmina média, quebra
Canivete Profissional Ruike P105-Q - Black/Blue;445.00;Acessório;PH-2352;10;https://images.tcdn.com.br/img/img_prod/620600/canivete_ruike_p105_profissional_black_blue_2352_1_3b0e4cf27f24a299433d9ba664214620_20260526151034.jpg;Canivete Profissional Ruike P105-Q - Black/Blue Com uma lâmina grande, robusta e afiada, a Fang P105 distingue-se no corte de muitos materia
Canivete Profissional Ruike P105-K - Black/Grey;445.00;Acessório;PH-2354;12;https://images.tcdn.com.br/img/img_prod/620600/canivete_ruike_p105_profissional_black_grey_2354_1_a639d5cf513c44dc2d2a5632651d0ff4_20260526151034.jpg;Canivete Profissional Ruike P105-K - Black/Grey Com uma lâmina grande, robusta e afiada, a Fang P105 distingue-se no corte de muitos materia
Canivete Profissional Ruike P108 -SF;477.00;Acessório;PH-2356;3;https://images.tcdn.com.br/img/img_prod/620600/canivete_ruike_p108_profissional_sf_2356_1_d3b69b36d3ed4f6959d160c3293629f7_20260526151034.jpg;Canivete Ruike Profissional P108 - SF O Ruike P108 é um canivete multiuso com lâmina de aço inoxidável Sandvik 14C28N, empunhadura de materi
Canivete de Lâmina Longa Ruike P121-G;426.00;Acessório;PH-2358;10;https://images.tcdn.com.br/img/img_prod/620600/canivete_de_lamina_longa_ruike_p121_g_2358_1_5e514dcf515094582c30849b915061fb_20260526151035.jpg;Canivete de Lâmina Longa Ruike P121 - Green O Canivete Ruike P121 é um modelo de alta qualidade com lâmina em aço inoxidável Sandvik 14C28N,
Canivete Dobrável Ruike P128-SF;545.00;Acessório;PH-2360;1;https://images.tcdn.com.br/img/img_prod/620600/ruike_knife_p128_canivete_profissional_steel_2360_1_69cb25d94a5342c5c6e06fd112ea7f36_20260526151035.jpg;Canivete Dobrável Ruike P128 - SF O Canivete Ruike P128 é um modelo compacto e de alta qualidade, com lâmina em aço inoxidável Sandvik 14C28
Canivete de Lâmina Longa Ruike P121-B;426.00;Acessório;PH-2364;10;https://images.tcdn.com.br/img/img_prod/620600/ruike_knife_p121_canivete_de_lamina_longa_black_2364_1_20260526151036.jpg;Canivete de Lâmina Longa Ruike P121 - Black O Canivete Ruike P121 é um modelo de alta qualidade com lâmina em aço inoxidável Sandvik 14C28N,
Canivete Dobrável com Rolamento de Esferas Ruike P138  - Black;689.90;Acessório;PH-2366;7;https://images.tcdn.com.br/img/img_prod/620600/canivete_ruike_p138_rolamento_de_esferas_e_trava_de_seguranca_black_2366_1_b8644904f688c7a359652ae85c269a77_20260526151036.jpg;Canivete Dobrável com Rolamento de Esferas Ruike P138 - Black O canivete Ruike P138-B é uma ferramenta de corte versátil e robusta. Sua lâmi
Canivete Dobrável com Rolamento de Esferas Ruike P138 - Desert Sand;689.90;Acessório;PH-2368;6;https://images.tcdn.com.br/img/img_prod/620600/canivete_ruike_p138_rolamento_de_esferas_e_trava_de_seguranca_desert_sand_2368_1_d475fa681a561c172f51acaf690ff5f9_20260526151036.jpg;Canivete Dobrável com Rolamento de Esferas Ruike P138 - Desert Sand P138-W é uma ferramenta de corte prática devido à sua robusta lâmina. Fe
Canivete Dobrável Ruike P831-SF;479.90;Acessório;PH-2370;6;https://images.tcdn.com.br/img/img_prod/620600/canivete_ruike_p831_profissional_silver_2370_1_6447a9bde15445584457c5e0417561cd_20260526151036.jpg;Canivete Dobrável Ruike P831-SF A Ruike P831 é uma faca elegante e durável, projetada para atender às necessidades de caçadores , campistas 
Canivete Dobrável Ruike P841;483.00;Acessório;PH-2372;6;https://images.tcdn.com.br/img/img_prod/620600/canivete_ruike_p841_l_profissional_black_2372_1_5eea5bbace6cedd4a7d62625d5cf4e32_20260526151036.jpg;Canivete Dobrável Ruike P841-L A P841 atende às exigências dos amantes do outdoor e usuários de facas. A faca está equipada com um thumbstud
Canivete Dobrável Ruike S11-G;200.00;Acessório;PH-2374;4;https://images.tcdn.com.br/img/img_prod/620600/canivete_multifuncional_ruike_s11_g_2374_1_571225fda7a8deb2edc9a0f2381ad8a3_20260526151036.png;Canivete Dobrável Ruike S11-G - Verde O canivete S11 é uma ótima opção para quem procura um canivete simples para light outdoors e uso EDC. 
Canivete Dobrável Ruike P801-SF;360.00;Acessório;PH-2376;10;https://images.tcdn.com.br/img/img_prod/620600/ruike_knife_p801_sf_canivete_versatil_2376_1_1112ac5c7e512b0bf75f905cc8ab3d81_20260526151036.jpg;Canivete Dobrável Ruike P801 - SF A Ruike P801 é uma faca de alta qualidade que oferece um equilíbrio perfeito entre funcionalidade e estilo
"Revólver Taurus RT889/6 .38 SPL 6"" Inox";9022.88;Arma;PH-2378;1;https://images.tcdn.com.br/img/img_prod/620600/revlver_taurus_rt8896_38_spl_6_inox_1_20260526150809_1841c9f33f20.jpg;"Revólver Taurus RT 889/6 Calibre .38 SPL 6"" Inox O Revólver Taurus RT 889/6 é um modelo robusto e de altíssima confiabilidade no calibre .38"
Canivete Multifuncional Ruike M32-G;435.00;Acessório;PH-2382;4;https://images.tcdn.com.br/img/img_prod/620600/ruike_knife_m32_canivete_multifuncional_green_2382_3_20260526151030.jpg;Canivete Multifuncional Ruike M32-G - Verde O Ruike M32 é uma f aca multifuncional que apresenta cinco funções básicas: lâmina média, quebra
Suporte de lanterna, Fenix,  ALG-01;139.00;Acessório;PH-2412;9;https://images.tcdn.com.br/img/img_prod/620600/suporte_de_lanterna_para_arma_fenix_alg01_com_rail_mount_2412_1_20260526150947.jpg;Fenix · Acessórios
Suporte de Lanterna para Bicicleta  ALB-10;200.00;Acessório;PH-2414;8;https://images.tcdn.com.br/img/img_prod/620600/suporte_de_lanterna_para_bicicleta_alb_10_2414_1_f4a23c4db5744dc28e86757fd8a35447_20260526150948.jpg;Suporte de Lanterna para Bicicleta ALB-10 da Fenix Tenha mais segurança e visibilidade nos seus passeios ou treinos noturnos com o suporte d
Colete Fenrir Warfare - Coyote tam M;522.00;Acessório;PH-2518;1;https://images.tcdn.com.br/img/img_prod/620600/colete_fenrir_warfare_coyote_2518_1_6a9040b5b824a93376b74a9967f5ca13_20260526150845.jpg;Colete Tático Fenrir Warfare - Coyote (Tamanho M) O Fenrir Warfare Tactical Vest Coyote M é um colete tático de alta resistência projetado p
Colete Fenrir Warfare - Verde tam G;522.00;Acessório;PH-2522;1;https://images.tcdn.com.br/img/img_prod/620600/colete_fenrir_warfare_verde_2522_1_82f0fe501a2014a0f9dbfd238cd7c9bc_20260526150846.jpg;Colete Tático Fenrir Warfare - Verde O Fenrir Warfare Tactical Vest Green é um colete tático desenvolvido para operações de segurança que ex
Bipé Tático 6-9'' - Vector Optics;493.00;Acessório;PH-2568;24;https://images.tcdn.com.br/img/img_prod/620600/bipe_harris_estilo_tactical_6_9_2568_1_20260526151245.jpg;"Bipé Tático 6-9'' - Vector Optics O Bipé Tático 6-9"" é fabricado totalmente em metal , garantindo resistência e longa durabilidade . Com aju"
Câmera Digital para Esporte e Ação - Portátil - FULL HD - MC30;339.37;Acessório;PH-2572;5;https://images.tcdn.com.br/img/img_prod/620600/camera_digital_de_esporte_de_acao_portatil_full_hd_mc30_2572_1_20260526151128.jpg;Câmera Digital para Esporte e Ação - Portátil - FULL HD - MC30 A MC30 é perfeita para gravar esportes de ação é câmera de alta resolução com
Carregador De Baterias 2 Canais, Entrada 5V USB, Modelo MC2 - Xtar;98.00;Acessório;PH-2582;41;https://images.tcdn.com.br/img/img_prod/620600/carregador_de_baterias_2_canais_entrada_5v_usb_modelo_mc2_2582_1_20260526151005.jpg;Carregador de Baterias Xtar MC2 - Ultra Compacto e Portátil USB O Xtar MC2 é a solução ideal para quem busca praticidade extrema sem abrir m
Carregador De Baterias 4 Canais, Com Adaptador Veicular, Modelo VP4 Plus - Xtar;1088.00;Acessório;PH-2584;9;https://images.tcdn.com.br/img/img_prod/620600/carregador_de_baterias_4_canais_com_adaptador_veicular_modelo_vp4_plus_2584_1_20260526151006.jpg;Carregador Xtar Dragon VP4 Plus - Estação de Teste e Análise Profissional O Xtar Dragon VP4 Plus não é apenas um carregador, mas uma estação
Carregador de Baterias 4 Canais, Entrada 5V USB Modelo VC4 - Xtar;348.00;Acessório;PH-2586;13;https://images.tcdn.com.br/img/img_prod/620600/carregador_de_baterias_4_canais_entrada_5v_usb_modelo_vc4_2586_1_20260526151006.jpg;Carregador de Baterias Xtar VC4 - 4 Canais com Visor LCD Inteligente O Xtar VC4 é um carregador inteligente de alta performance que redefine
Carregador De Baterias 6 Canais, Entrada 5V, Modelo MC6 - Xtar;294.00;Acessório;PH-2588;27;https://images.tcdn.com.br/img/img_prod/620600/carregador_de_baterias_6_canais_entrada_5v_modelo_mc6_2588_1_20260526151006.jpg;Carregador de Baterias 6 Canais Xtar MC6 (Queen Ant) - LCD e USB O Xtar MC6, também conhecido como Queen Ant, é a solução definitiva para us
Colimador Para Calibre 12GA - Vector Optics;214.00;Acessório;PH-2590;98;https://images.tcdn.com.br/img/img_prod/620600/colimador_para_calibre_12ga_modelo_scbcr_02_2590_1_20260526151237.jpg;Colimador Para Calibre 12GA - Modelo SCBCR-02 - Vector Optics Para que serve? Ao projetar um feixe de laser do centro do eixo do cano da arm
Carregador De Baterias com Painel Digital 4 Canais, Entrada 5V USB, Modelo MC1 Plus - Xtar;83.00;Acessório;PH-2592;138;https://images.tcdn.com.br/img/img_prod/620600/carregador_de_baterias_painel_digital_4_canais_entrada_5v_usb_modelo_mc1_plus_2592_1_20260526151006.jpg;Carregador de Bateria Xtar MC1 Plus - USB Portátil para Li-ion O Xtar MC1 Plus é um carregador inteligente, potente e extremamente compacto,
Colimador Para Calibre 20GA - Modelo SCBCR-10;203.00;Acessório;PH-2594;8;https://images.tcdn.com.br/img/img_prod/620600/colimador_para_calibre_20ga_modelo_scbcr_10_2594_1_20260526151237.jpg;Colimador Para Calibre 20GA - Modelo SCBCR-10 Código SCBCR-10 Marca Vector Optics Potência Peso 81g Comprimento 68mm Bateria AG13 - 3 unidad
Colimador Para Calibre .223 Rem - Vector Optics;163.00;Acessório;PH-2596;80;https://images.tcdn.com.br/img/img_prod/620600/colimador_para_calibre_223_rem_modelo_scbcr_03_2596_1_20260526151238.jpg;Colimador Para Calibre .223 Rem - Modelo SCBCR-03 - Vector Optics Para que serve? Ao projetar um feixe de laser do centro do eixo do cano da
Colimador Para Calibre 9mm - Vector Optics;163.00;Acessório;PH-2600;81;https://images.tcdn.com.br/img/img_prod/620600/colimador_para_calibre_9mm_modelo_scbcr_11_2600_1_20260526151238.jpg;Colimador Para Calibre 9mm - Modelo SCBCR-11 - Vector Optics Para que serve? Ao projetar um feixe de laser do centro do eixo do cano da arma
Colimador Universal - Modelo SCBCR-01;248.57;Acessório;PH-2602;2;https://images.tcdn.com.br/img/img_prod/620600/colimador_universal_modelo_scbcr_01_2602_1_20260526151239.jpg;Colimador Universal - Modelo SCBCR-01 Potência: 5mW Ajustável para calibres de 0.22-0.5 Comprimento de onda: 650nM Dimensões: 155x16x5mm Pes
Colimador Para Calibre 25-06 Rem / 270 Win / 30-06 Springfield - Vector Optics;176.00;Acessório;PH-2604;44;https://images.tcdn.com.br/img/img_prod/620600/colimador_para_calibre_25_06_rem_270_win_30_06_springfield_modelo_scbcr_07_2604_1_20260526151239.jpg;Colimador Para Calibre 25-06 Rem / 270 Win / 30-06 Springfield - Modelo SCBCR-07 - Vectro Optics Para que serve? Ao projetar um feixe de las
Fonte USB Veicular, 5V - Modelo CAD - Xtar;39.99;Acessório;PH-2606;44;https://images.tcdn.com.br/img/img_prod/620600/fonte_de_alimentacao_5v_carregador_de_baterias_modelo_cad_xtar_2606_1_20260526151007.jpg;Fonte USB veicular - modelo CAD A fonte USB veicular CAD da Xtar permite o carregamento de dispositivos USB em veículos com alta velocidade 
Detector De Voltagem e Amperagem USB - XTAR;71.00;Acessório;PH-2608;52;https://images.tcdn.com.br/img/img_prod/620600/detector_de_voltagem_e_amperagem_usb_2608_1_20260526151004.jpg;Detector De Voltagem e Amperagem USB O Medidor USB de Voltagem e Corrente é a ferramenta definitiva para quem deseja monitorar a saúde de se
Fonte USB 5V 2.1A - Xtar;85.00;Acessório;PH-2610;37;https://images.tcdn.com.br/img/img_prod/620600/fonte_usb_5v_2_1a_2610_1_20260526151007.jpg;Fonte USB - ACD Fonte / carregador USB 5V 2.1A A Fonte USB Xtar 5V 2.1A é o componente de energia ideal para quem busca segurança e estabili
Lanterna De Trilho Removível De LED - Modelo Cyclops;479.90;Acessório;PH-2612;3;https://images.tcdn.com.br/img/img_prod/620600/lanterna_de_trilho_removivel_de_led_modelo_cyclops_2612_1_20260526151328.jpg;Lanterna de Trilho Removível de LED - Modelo Cyclops Intensidade 200 Lumens Led CREE Q5 LED Tensão 6V Tipo de bateria 2x 3V CR123 / 16340 Te
Carregador De Baterias Modelo Six-U - Slot USB 6 entradas - Xtar;325.00;Acessório;PH-2618;3;https://images.tcdn.com.br/img/img_prod/620600/slot_usb_6x_para_carregador_de_baterias_modelo_six_u_2618_1_20260526151007.jpg;Estação de Carregamento USB Six-U - 6 Portas 5V 2.4A A Estação de Carregamento USB Six-U é a solução definitiva para quem precisa de energia
Range Finder Magnificação 6x Objetiva De 25mm - Modelo Golf;1648.02;Acessório;PH-2636;1;https://images.tcdn.com.br/img/img_prod/620600/trena_eletronica_range_finder_magnificacao_6x_objetiva_de_25mm_modelo_golf_2636_1_20260526151224.jpg;Trena Eletrônica (Range Finder), Magnificação 6x Objetiva de 25mm - Modelo Golf Range finder ou trena eletrônica permite a medição de longas
Telêmetro (Range Finder) Vector Optics Rover 6x25;1542.47;Acessório;PH-2638;2;https://images.tcdn.com.br/img/img_prod/620600/trena_eletronica_range_finder_magnificacao_6x_objetiva_de_25mm_modelo_rover_2638_1_20260526151225.jpg;Telêmetro (Range Finder) Vector Optics Rover 6x25 Range finder ou trena eletrônica permite a medição de longas distâncias, basta apontar e c
Tamboreador Kyngty KD2000 Capacidade: 5kg;1500.00;Acessório;PH-2642;60;https://images.tcdn.com.br/img/img_prod/620600/tamboreador_rola_rola_kt2000_capacidade_5kg_2642_1_20260526151302.jpg;Tamboreador Kyngty Modelo Kt2000 Capacidade: 5kg Tamboreadores servem para limpar, polir ou até mesmo dar acabamento em objetos. No nosso ca
Tamboreador Kyngty KT6808 Capacidade 3kg;1026.00;Acessório;PH-2644;7;https://images.tcdn.com.br/img/img_prod/620600/tamboreador_rola_rola_kt6808_capacidade_3kg_2644_1_20260526151302.jpg;Tamboreador Kyngty KT6808 Capacidade 3kg Tamboreadores servem para limpar, polir ou até mesmo dar acabamento em objetos. No nosso caso utili
Rifle CZ 452-2E Standard - Calibre .22LR;9165.13;Arma;PH-2672;0;https://images.tcdn.com.br/img/img_prod/620600/rifle_cz_452_2e_standard_calibre_22lr_2672_1_20260526150639.jpg;PRODUTO CONTROLADO PELO EXÉRCITO Este item requer autorização prévia para a realização da compra. Caso não possua a autorização, a compra se
"Rifle Anschutz 1416 D HB G-20 Classic - Cal .22 LR 18""";26691.50;Arma;PH-2694;22;https://images.tcdn.com.br/img/img_prod/620600/rifle_anschutz_1416_d_hb_g_classic_cano_18_calibre_22lr_2694_1_cdd205a1b3c967a2ca408ba54f635141_20260526150642.jpg;"Rifle Anschutz 1416 D HB G Classic - Calibre .22 LR 18"" A ação do Match 64 tem uma construção mais leve do que a do Match 54. Devido à sua p"
"Rifle Anschutz 64 MP R Multi Purpose - Cal .22 LR 25,5""";32400.00;Arma;PH-2704;0;https://images.tcdn.com.br/img/img_prod/620600/rifle_anschutz_64_mp_r_multi_purpose_calibre_22_2704_1_dd77076a9ab82ec3f110bb8516be7ed6_20260526150644.jpg;"Rifle Anschutz - 64 MP R Multi Purpose - Cal .22 LR 25,5"" A ação do Match 64 tem uma construção mais leve do que a do Match 54. Devido à sua"
Kit Lanterna Tática Fenix TK20R 1000 Lúmens + Lanterna CL05 8 Lúmens;1228.00;Acessório;PH-2714;10;https://images.tcdn.com.br/img/img_prod/620600/lanterna_fenix_tk20r_1000_lumens_cl05_8_lumens_2714_1_20260526150912.jpg;Lanterna Tática Fenix TK20R - 1000 Lúmens A lanterna Fenix TK20R traz com ela a coragem e o conceito de favorita com 1000 lumens para equipa
Câmera Digital para Esporte e Ação - Portátil - FULL HD - MC29;339.37;Acessório;PH-2722;3;https://images.tcdn.com.br/img/img_prod/620600/camera_digital_de_esporte_de_acao_portatil_full_hd_mc29_2722_1_20260526151128.jpg;Câmera Digital para Esporte e Ação - Portátil - FULL HD - MC29 A MC29 é perfeita para gravar esportes de ação é câmera de alta resolução com
Câmera digital de esporte de ação - portátil - FULL HD - MC28;339.37;Acessório;PH-2724;9;https://images.tcdn.com.br/img/img_prod/620600/camera_digital_de_esporte_de_acao_portatil_full_hd_mc28_2724_1_20260526151129.jpeg;Câmera Digital para Esporte e Ação - Portátil - FULL HD - MC28 A CM28 é perfeita para gravar esportes de ação é câmera de alta resolução com
Carregador De Baterias 2 Canais, Modelo VC2 - Xtar;261.00;Acessório;PH-2734;28;https://images.tcdn.com.br/img/img_prod/620600/carregador_de_baterias_2_canais_modelo_vc2_2734_1_20260526151007.jpg;Carregador de Baterias Xtar VC2 - Inteligente com Visor LCD e USB O Xtar VC2 é um carregador inteligente que combina compacidade com uma int
Carregador e analisador de baterias  Skyrc MC3000 Bluetooth 4 slots;1247.37;Acessório;PH-2752;10;https://images.tcdn.com.br/img/img_prod/620600/carregador_e_analisador_de_baterias_skyrc_mc3000_bluetooth_4_slots_2752_1_e86504ae8a15f7ec69ff49de385d48f0_20260526151008.png;Carregador e Analisador Universal SKYRC MC3000 - Multi-chemistry Uma estação de tratamento e carregamento de baterias, com diversas funções 
Capa De Luneta Emborrachada - Tamanho P;74.91;Acessório;PH-2756;4;https://images.tcdn.com.br/img/img_prod/620600/copia_capa_de_luneta_emborrachada_tamanho_p_2756_1_20260526151224.jpg;Capa em Neoprene para Lunetas Protege sua luneta contra sujeira leves impactos e riscos. Observações : Imagens meramente ilustrativas.
Kit de Ferramenta para Sacador de Pino de Trava;240.00;Acessório;PH-2758;10;https://images.tcdn.com.br/img/img_prod/620600/kit_de_ferramenta_para_sacador_de_pino_trava_2758_1_20260526151129.jpg;Kit sacador de pino trava - Vector Optics 9 peças inclusas Sobre a Vector Optics A Vector Optics é um dos principais fabricantes de óptica e
Suporte para Lanterna Manual tipo Ring - Série TZ - Xtar;47.00;Acessório;PH-2796;90;https://images.tcdn.com.br/img/img_prod/620600/suporte_para_lanterna_manual_tipo_ring_serie_tz_2796_1_20260526150948.jpg;Suporte de Lanternas TZ para trilhos picatinny 21mm Diâmetro do furo: 25,4mm Material: Alumínio aeronáutico com tratamento superficial preto
Lanterna Tática Fenix TK72R Preta - 9000 Lúmens;4000.30;Acessório;PH-2798;1;https://images.tcdn.com.br/img/img_prod/620600/lanterna_fenix_tk72r_preta_9000_lumens_2798_1_e12ffb09e3c9666a1a659d9f9018634c_20260526150912.jpg;Lanterna Tática Fenix TK72R Preta - 9000 Lúmens A lanterna Fenix TK72R é um equipamento de iluminação de alto desempenho , capaz de produzir
Lanterna Tática Fenix PD35 V2.0 - 1000 Lúmens;828.00;Acessório;PH-2820;2;https://images.tcdn.com.br/img/img_prod/620600/lanterna_fenix_pd35_v2_0_1000_lumens_2820_1_be4f55748ae964d5101af7443156ec15_20260526150913.jpg;Lanterna Tática Fenix PD35 V2.0 - 1000 Lúmens A Fenix PD35 V2.0 é uma lanterna prática e resistente , equipada com LED Cree XP-L HI V3 para 
Lanterna Tática Fenix PD25 - 550 Lúmens;675.00;Acessório;PH-2822;23;https://images.tcdn.com.br/img/img_prod/620600/lanterna_ttica_fenix_pd25_preta_550_lmens_1_20260526150913_2affd98021f1.jpg;Lanterna Tática Fenix PD25 - 550 Lúmens Fenix PD25 é uma lanterna compacta e poderosa, equipada com um LED Cree XP-L e circuito de acionamen
Lanterna Fenix LD12 - 320 Lúmens;594.00;Acessório;PH-2824;16;https://images.tcdn.com.br/img/img_prod/620600/lanterna_fenix_ld12_2017_320_lumens_2824_1_e61daec427e771519a4931d86cc045a9_20260526150955.jpg;Lanterna para Atividade Profissional Fenix LD12 - 320 Lúmens A Fenix LD12 torna suas atividades ao ar livre mais simples e eficientes. Seu p
Lanterna para Cabeça Fenix HL40R Cinza -  600 Lúmens;712.00;Acessório;PH-2828;161;https://images.tcdn.com.br/img/img_prod/620600/lanterna_para_cabea_fenix_hl40r_cinza_600_lmens_1_20260526150935_db6ebb96c865.jpg;Lanterna para Cabeça Fenix HL40R Cinza - 600 Lúmens A HL40R é uma lanterna recarregável de alta qualidade que emite uma potência máxima de 6
Lanterna para Cabeça Fenix HL40R Azul - 600 Lúmens;712.00;Acessório;PH-2830;14;https://images.tcdn.com.br/img/img_prod/620600/lanterna_para_cabea_fenix_hl40r_azul_600_lmens_1_20260526150936_dcb10bd6ecc9.jpg;Lanterna para Cabeça Fenix HL40R Azul - 600 Lúmens A HL40R é uma lanterna recarregável de alta qualidade que emite uma potência máxima de 60
Lanterna para Cabeça Fenix HL32R Azul - 600 Lúmens;651.00;Acessório;PH-2834;10;https://images.tcdn.com.br/img/img_prod/620600/lanterna_de_cabeca_fenix_hl32r_600_lumens_azul_2834_1_3b425731eaff9fb5815883672358de35_20260526150936.jpg;Lanterna para Cabeça Fenix HL32R Azul - 600 Lúmens O Fenix HL32R é uma lanterna externo recarregável que oferece alto desempenho e grande co
Lanterna para Cabeça Fenix HL26R Azul - 450 Lúmens;604.20;Acessório;PH-2840;2;https://images.tcdn.com.br/img/img_prod/620600/lanterna_para_cabea_fenix_hl26r_azul_450_lmens_1_20260526150936_cf85b52a181b.jpg;Lanterna para Cabeça Fenix HL26R Azul - 450 Lúmens A Fenix HL26R é uma lanterna de cabeça recarregável , ultra leve e projetada especificame
Lanterna para Cabeça Fenix HL16 Amarelo - 70 Lúmens;302.10;Acessório;PH-2854;2;https://images.tcdn.com.br/img/img_prod/620600/lanterna_para_cabea_fenix_hl16_amarelo_70_lmens_1_20260526150936_f8bd72a4fcc1.jpg;Lanterna para Cabeça Fenix HL16 Amarelo - 70 Lúmens A Fenix HL16 é uma lanterna externa especialmente projetada e certificada para atender à
Lanterna para cabeça Fenix HL16 Rosa - 70 Lúmens;302.10;Acessório;PH-2856;2;https://images.tcdn.com.br/img/img_prod/620600/lanterna_fenix_hl16_roxo_70_lumens_2856_1_20260526150936.jpeg;Lanterna para Cabeça Fenix HL16 Rosa - 70 Lúmens A Fenix HL16 é uma lanterna externa especialmente projetada e certificada para atender às n
Lanterna para Cabeça Fenix HL10 Lilás - 70 Lúmens;152.70;Acessório;PH-2868;2;https://images.tcdn.com.br/img/img_prod/620600/lanterna_fenix_hl10_lilas_70_lumens_2868_1_a2ca63c080bcad01fc287b679485caf8_20260526150936.jpg;Lanterna para Cabeça Fenix HL10 Lilás - 70 Lúmens A Fenix HL10 é uma lanterna versátil em termos de funcionalidade. Funcionando com uma bate
Lanterna para Cabeça Fenix HL05 Vermelha - 8 Lúmens;181.40;Acessório;PH-2876;1;https://images.tcdn.com.br/img/img_prod/620600/lanterna_para_cabea_fenix_hl05_vermelha_8_lmens_1_20260526150937_84097787a7c6.jpg;Lanterna para Cabeça Fenix HL05 - 8 Lúmens A Fenix HL05 transcende as expectativas com sua versatilidade e praticidade. Com apenas 13 gramas
Lanterna Subaquática Fenix SD20 - 1000 Lúmens;1297.00;Acessório;PH-2884;10;https://images.tcdn.com.br/img/img_prod/620600/lanterna_fenix_sd20_1000_lumens_2884_1_00e9ef1dae3b6c3ea1f60af882aa1a36_20260526150955.jpg;Lanterna Subaquática Fenix SD20 - 1000 Lúmens A Lanterna Fenix SD20 oferece uma saída impressionante de 1000 lúmens em luz branca e 105 lume
Lanterna para Atividade Profissional Fenix LD15R - 500 Lúmens;632.00;Acessório;PH-2888;20;https://images.tcdn.com.br/img/img_prod/620600/lanterna_fenix_ld15r_500_lumens_preta_2888_1_9e5479ecbf3e4e8ffbac791c63423e5a_20260526150955.jpg;Lanterna para Atividade Profissional Fenix LD15R - 500 Lúmens A Fenix LD15R é uma lanterna compacta de ângulo reto com versatilidade incompa
Suporte para Lanterna Fenix ALB-20;148.00;Acessório;PH-2890;20;https://images.tcdn.com.br/img/img_prod/620600/suporte_para_lanterna_fenix_alb_20_1_20260526150948_2516293fe446.jpg;Suporte para Lanterna Fenix ALB-20 Feita de titânio TC4, a superfície é finamente jateada para dar uma aparência matte e uma textura delicad
Suporte para Lanterna Fenix ALG-03 V2.0;157.00;Acessório;PH-2892;1;https://images.tcdn.com.br/img/img_prod/620600/suporte_para_lanterna_fenix_alg_03_v20_1_20260526150948_213ce1c83c9d.jpg;Suporte para Lanterna Fenix ALG-03 V2.0 O acessório de Lanterna ALG-03 é especificamente projetado para fixação de HL55 e HL60R em capacetes
Filtro para Lanterna Fenix - Modelo AOF-S+ Vermelho;140.80;Acessório;PH-2898;10;https://images.tcdn.com.br/img/img_prod/620600/filtro_para_lanterna_fenix_modelo_aof_s_vermelho_2898_1_20260526150949.jpg;AOF-S+ FILTER ADAPTER Este é um acessório para as lanternas Fenix, que possuem excelente capacidade de filtragem para manter a luz vermelha,
Filtro para Lanterna Fenix - Modelo AOF-S+ Verde;140.80;Acessório;PH-2900;10;https://images.tcdn.com.br/img/img_prod/620600/filtro_para_lanterna_fenix_modelo_aof_s_verde_2900_1_20260526150949.jpg;AOF-S+ FILTER ADAPTER Este é um acessório para as lanternas Fenix, que possuem excelente capacidade de filtragem para manter a luz vermelha,
Filtro para Lanterna Fenix - Modelo AOF-S+ Azul;140.80;Acessório;PH-2902;18;https://images.tcdn.com.br/img/img_prod/620600/filtro_para_lanterna_fenix_modelo_aof_s_azul_2902_1_20260526150949.jpg;AOF-S+ FILTER ADAPTER Este é um acessório para as lanternas Fenix, que possuem excelente capacidade de filtragem para manter a luz vermelha,
Dispenser de Carregador Warfare - Coyote;96.28;Acessório;PH-2950;1;https://images.tcdn.com.br/img/img_prod/620600/dispenser_de_carregador_coyote_u_warfare_2950_1_2e76806578a8baa527c8f090bdb95510_20260526150848.jpg;Dispenser de Carregador Coyote U - Warfare Ficha Técnica Material: Cordura 500 Estilos: Utilitário Descrição: Bolso utilitário Mais Informaç
Porta Carregador Pistola Verde;43.08;Acessório;PH-2970;1;https://images.tcdn.com.br/img/img_prod/620600/porta_carregador_pistola_1x_pistol_verde_2970_1_9244d2059044f732c4921cc3f9a7f6b7_20260526150849.jpg;Porta 1x Carregador Pistola Verde U - Warfare Porta Carregador de Pistola versátil e funcional! Possui 1 compartimento com tampa removível e
Lanterna para Bike Fenix BC30R - 1800 Lúmens;1541.00;Acessório;PH-3006;13;https://images.tcdn.com.br/img/img_prod/620600/lanterna_fenix_bc30r_mais_de_20h_de_autonomia_1800_lumens_3006_1_20260526150944.jpg;Lanterna para Bike Fenix BC30R - 1800 Lúmens Premiada pela ISPO pela sua excelência e inovação, a Fenix BC30R é uma lanterna excepcional em 
Difusor de Luz Fenix - AOD-L;47.00;Acessório;PH-3014;13;https://images.tcdn.com.br/img/img_prod/620600/difusor_fenix_aod_l_tk40_tk41_e_tk60_3014_1_20260526150949.jpg;Difusor AOD-L para Lanternas de 63mm (TK40, TK41 e TK60) O difusor Fenix pode converter sua lanterna em um bastão com cor laranja de alta vi
Adaptador Para Suporte De Lanterna De Picatinny Para Trilho (11Mm / 16Mm / 19Mm  / 22Mm);128.98;Acessório;PH-3026;15;https://images.tcdn.com.br/img/img_prod/620600/adaptador_de_trilho_11_p_20mm_vector_optics_3026_1_20260526151253.jpg;Adaptador Para Suporte De Lanterna De Picatinny Para Trilho (11Mm / 16Mm / 19Mm / 22Mm) Vector Optics O Adaptador de Trilho da Vector Optics
"Pistola Smith & Wesson Bodyguard BG380 - Cal .380 2,75""";6980.00;Arma;PH-3086;0;https://images.tcdn.com.br/img/img_prod/620600/pistola_smith_e_wesson_bodyguard_bg380_calibre_380_3086_1_20260526150748.jpg;Pistola Smith & Wesson Bodyguard BG380 - Calibre .380 ACP A Pistola Smith & Wesson chega ao mercado nacional para oferecer a proteção pessoa
Suspensório Omega Tela - Preto;356.00;Acessório;PH-3094;1;https://images.tcdn.com.br/img/img_prod/620600/suspensorio_omega_tela_black_3094_1_20260526150846.jpg;Suspensório Omega Tela - Preto São produzidos em tela respirável, que fornece a estrutura necessária para todas os seus acessórios, mas perm
Suspensório Omega Tela - Coyote;356.00;Acessório;PH-3096;1;https://images.tcdn.com.br/img/img_prod/620600/suspensorio_omega_tela_coyote_3096_1_96658ea85946edcf4b08e1828f0deac1_20260526150846.jpg;Colete Suspensório Tatico Molle Omega - Coyote São produzidos em tela respirável, que fornece a estrutura necessária para todas os seus aces
Camiseta Militar Estampada BOPE - Cinza;53.90;Acessório;PH-3118;1;https://images.tcdn.com.br/img/img_prod/620600/camiseta_militar_estampada_bope_cinza_3118_1_20260526150836.jpg;Camiseta Militar Estampada BOPE - Cinza tam M Confeccionada com malha nobre, estampa de alta qualidade além de trazer um ótimo conforto! Sua
Camiseta Militar Estampada FBI Cinza GG;53.90;Acessório;PH-3130;1;https://images.tcdn.com.br/img/img_prod/620600/camiseta_militar_estampada_fbi_cinza_3130_1_20260526150836.jpg;Camiseta Militar Estampada FBI tam GG Confeccionada com malha nobre, estampadas sob efeito de termotransferência, ou seja sem toque, trazend
Camiseta Militar Estampada NYPD - Branco GG;53.90;Acessório;PH-3140;1;https://images.tcdn.com.br/img/img_prod/620600/camiseta_militar_estampada_nypd_branco_3140_1_20260526150837.jpg;Camiseta Militar Estampada NYPD - Branco GG Confeccionada com malha nobre, estampa de alta qualidade além de trazer um ótimo conforto! Sua m
Camiseta Militar Estampada Special Air Service - Branco tam M;53.90;Acessório;PH-3146;2;https://images.tcdn.com.br/img/img_prod/620600/camiseta_militar_estampada_special_air_service_branco_3146_1_20260526150837.jpg;Camiseta Militar Estampada Special Air Service tam M Confeccionada com malha nobre, estampa de alta qualidade além de trazer um ótimo confor
Garrafa Térmica Shotshell NTK - Vermelha;218.81;Acessório;PH-3156;1;https://images.tcdn.com.br/img/img_prod/620600/garrafa_termica_shotshell_ntk_vermelha_3156_1_d2db4d6064d22c052c76ef7d8b5f16fa_20260526151129.jpg;Garrafa Shotshell NTK - Vermelha A Shot Shell é o novo modelo de garrafa térmica da NTK com capacidade de 1 litro. Em formato de projétil, p
Lanterna Shot Light - NTK;45.62;Acessório;PH-3180;4;https://images.tcdn.com.br/img/img_prod/620600/lanterna_shot_light_ntk_3180_1_0528761300f5c83d770e7a231f2ca5b6_20260526150955.jpg;Lanterna Shot Light - NTK Display com 6 lanternas de mão em formato de munição. Com potência entre 80 e 90 Lumens, utiliza 1 COB LED de 3 Wa
Lanterna Tática Bullet NTK;160.11;Acessório;PH-3182;1;https://images.tcdn.com.br/img/img_prod/620600/lanterna_bullet_ntk_tatica_3182_1_38db2a23baca80520bce70cd38c3f670_20260526150955.jpg;Lanterna Tática Bullet - NTK Em formato de munição proporciona iluminação branca e estável. Possui 1 modo de iluminar e utiliza 3 pilhas do 
Lanterna Mini Led Bullet - NTK;19.00;Acessório;PH-3186;17;https://images.tcdn.com.br/img/img_prod/620600/lanterna_mini_led_bullet_ntk_3186_1_9e8e174102bd99f368435cf69c2e586a_20260526150955.jpg;Lanterna Mini Led Bullet NTK Em formato de munição proporciona iluminação branca e estável. Possui 1 modo de iluminar e utiliza 3 baterias d
Canivete Tático Shot - NTK;26.80;Acessório;PH-3190;6;https://images.tcdn.com.br/img/img_prod/620600/canivete_shot_ntk_tatica_3190_1_73d23264ec4688ef53798ec90c32ab4f_20260526151037.jpg;Canivete Shot - NTK Feito para aqueles que são fãs do armamento e caça, o canivete Shot é um item da Nautika Tática! Feitos com design de um
Kit Sobrevivência Guepardo;195.83;Acessório;PH-3224;4;https://images.tcdn.com.br/img/img_prod/620600/kit_sobrevivencia_guepardo_3224_1_20260526151129.jpg;Kit Sobrevivência Guepardo Kit Sobrevivência com estojo em nylon. Contém: lanterna chaveiro LED ultra light, lanterna em alumínio 2 AAA, can
Canivete Nimitz Tático - NTK;84.73;Acessório;PH-3246;1;https://images.tcdn.com.br/img/img_prod/620600/canivete_nimitz_tatico_ntk_3246_1_66f061421f513f62dc1765d926ab2711_20260526151037.jpg;Canivete Nimitz Tático - NTK Fabricação artesanal e cabo anatômico para maior firmeza no manuseio. Informações gerais: Material: Corpo em al
Luva Breeze Black - NTK;102.05;Acessório;PH-3308;0;https://images.tcdn.com.br/img/img_prod/620600/luva_breeze_ntk_black_3308_1_20260526151014.jpg;Luva Breeze Black - NTK A luva Breeze foi ergonomicamente projetada para auxiliar o movimento das mãos em atividades de pesca e tiro. O mode
Luva Full NTK - Preto;96.70;Acessório;PH-3310;0;https://images.tcdn.com.br/img/img_prod/620600/luva_full_ntk_preto_3310_1_20260526151014.jpg;Luva Full Preto - NTK A luva Full foi desenvolvida para ações táticas e atividades que exigem um material flexível e seguro. Seu material su
Porta Algemas Warfare - Preto;69.00;Acessório;PH-3316;2;https://images.tcdn.com.br/img/img_prod/620600/porta_algemas_warfare_preto_3316_1_4d5a71f47b180229fbded4f9bb37fe76_20260526150849.jpg;Porta algema M.O.L.L.E Warfare - Preto Porta algema em cordura dublada, e pode ser acoplado a qualquer plataforma molle. FICHA TÉCNICA: Mate
Porta Algemas Warfare - Coyote;69.00;Acessório;PH-3318;1;https://images.tcdn.com.br/img/img_prod/620600/porta_algemas_warfare_coyote_3318_1_f5d5c7344597e3949e5c55a502df75ef_20260526150849.jpg;Porta algema M.O.L.L.E Warfare - Coyote Porta algema em cordura dublada, e pode ser acoplado a qualquer plataforma molle. FICHA TÉCNICA: Mat
Porta Carregador Warfare 2x Carabina Taurus CT - Coyote;79.00;Acessório;PH-3322;1;https://images.tcdn.com.br/img/img_prod/620600/porta_carregador_warfare_2x_carabina_taurus_ct_coyote_3322_1_4b66ee8e8fb74e19176fe8b5204c5b8b_20260526150849.jpg;Porta Carregador 2x Carabina Taurus - Coyote Porta carregado para SMG ou Carabina taurus .40. O porta carregador é composto por 2 espaços e 
Carregador para Carro Fenix ARW-10;47.00;Acessório;PH-3331;93;https://images.tcdn.com.br/img/img_prod/620600/carregador_para_carro_fenix_arw_10_3331_1_20260526151008.jpg;Carregador para Carro Fenix ARW-10 Para você que usa seus aparelhos com muita frequência e não tem muito tempo de carregar, o car adapter é 
Esfera de Aço para Tamboreador;187.00;Acessório;PH-3359;39;https://images.tcdn.com.br/img/img_prod/620600/esfera_de_aco_para_tamboreador_3359_1_20260526151302.jpg;Esferas de Aço Inoxidável 304 para Polimento e Limpeza Esferas de Aço Inoxidável 304 para Polimento e Limpeza – Pacote 1kg com Diâmetros Var
Esfera de cerâmica para Tamboreador;98.00;Acessório;PH-3361;20;https://images.tcdn.com.br/img/img_prod/620600/esfera_de_ceramica_para_tamboreador_3361_1_20260526151303.jpg;Esfera de Cerâmica para Tamboreador Esferas de Cerâmica para Polimento e Limpeza – Pacote 1kg com Diâmetros Variados Nossas esferas de cerâm
Coturno Militar Acero Hunter - Preto tam 38;359.00;Acessório;PH-3401;1;https://images.tcdn.com.br/img/img_prod/620600/bota_militar_acero_hunter_preto_3401_1_6e09b1633c9ae0672d91bdf38f4631de_20260526151014.png;Bota Militar Acero Hunter - Preto Este Modelo é feito para você que é mais exigente e está a procura de uma bota militar com alta resistênci
Coturno Militar Acero Comando - Desert Tamanho Tamanho 42 e 43;359.90;Acessório;PH-3403;1;https://images.tcdn.com.br/img/img_prod/620600/bota_militar_acero_comando_desert_3403_1_fd7b487df8d51e3e6cd1615929b646b5_20260526151014.jpg;Bota Militar Acero Comando - Desert Características - Com reforço interno de eva de 2 mm dublado com manta tramada de 1 mm. - Forrado com fo
Coturno Militar Multicam Acero - Camuflada;359.00;Acessório;PH-3409;1;https://images.tcdn.com.br/img/img_prod/620600/bota_militar_multicam_acero_camuflada_3409_4_20260526151015.jpg;Bota Militar Multicam Acero - Camuflada A MULTICAM , é altamente resistente e confortável. Fabricada em Nylon Cordura 500. Além dê muita fac
Coturno Militar Tiger Pro c/ Zíper - Desert Tamanho 43;359.90;Acessório;PH-3411;1;https://images.tcdn.com.br/img/img_prod/620600/bota_militar_tiger_pro_c_zper_desert_1_20260526151015_a93ffe2d97d6.jpg;Bota Militar Tiger Pro c/ Zíper - Desert A bota militar Tiger Pró é a campeã de vendas na Acero Botas, com seu estilo reforçado passa uma se
Lanterna de Trilho Meteor para Pistola - Vector Optics;437.00;Acessório;PH-3413;47;https://images.tcdn.com.br/img/img_prod/620600/lanterna_para_pistola_tac_vector_optics_3413_1_20260526151322.jpg;Lanterna de Trilho Meteor para Pistola Lanterna Tática Para Pistola Vector Optics – Iluminação potente e prática! Projetada especialmente pa
"Espingarda Huglu Renova Synthetic - Cal 12 GA28""";9876.44;Arma;PH-3421;1;https://images.tcdn.com.br/img/img_prod/620600/espingarda_huglu_renova_m_choke_plastic_12_ga_3421_1_20260526150715.jpg;"Espingarda Huglu Renova Synthetic - Calibre 12 GA 28"" *Acompanha case para transporte orignal em polímero* Marca Huglu Modelo Renova M. Chok"
"Revólver Taurus RT85/5 .38SPL 4"" Ox.Fos. com Zarelho";6808.44;Arma;PH-3468;1;https://images.tcdn.com.br/img/img_prod/620600/revolver_taurus_rt85_5_38spl_4_ox_fos_zarelho_3468_1_20260526150809.jpg;PRODUTO CONTROLADO PELO EXÉRCITO Este item requer autorização prévia para a realização da compra. Caso não possua a autorização, a compra se
Lanterna para Atividades Profissionais Fenix LD05 V2.0 - 100 Lúmens;474.00;Acessório;PH-3471;2;https://images.tcdn.com.br/img/img_prod/620600/lanterna_fenix_ld05_v2_0_100_lumens_3471_1_5e0ae2383344b1acb3f9004e42cf3885_20260526150956.jpg;Lanterna para Atividades Profissionais Fenix LD05 V2.0 - 100 Lúmens A Fenix LD05 V2.0 é uma lanterna de trabalho compacta, oferecendo luz br
Pistola Smith & Wesson SD9 VE 9mm;8550.00;Acessório;PH-3483;0;https://images.tcdn.com.br/img/img_prod/620600/pistola_smith_e_wesson_sd9_ve_3483_1_20260526150633.jpg;Pistola Smith & Wesson SD9 VE Referência: 11995 Modelo: S &W SD9 Gray Frame Finish Calibre: 9 mm Capacidade: 16+1 Comprimento do cano: 4'' /
Bateria Fenix Recarregável 18650 3500mAh 3.6V 12.6Wh De Íon de Lítio ARB-L18-3500U;260.00;Acessório;PH-3485;529;https://images.tcdn.com.br/img/img_prod/620600/bateria_18650_recarregvel_fenix_arb_l18_3500u_1_20260526151004_e013ac9e0072.jpg;Bateria Fenix Recarregável 18650 3500mAh 3.6V USB ARB-L18-3500U A ARB-L18-3500U é uma bateria recarregável de íon-lítio no formato 18650 com
Bateria Fenix Recarregável 16340 700mAh 3.6V 2.52Wh De Íon de Lítio ARB-L16-700U;86.00;Acessório;PH-3487;31;https://images.tcdn.com.br/img/img_prod/620600/bateria_16340_recarregvel_fenix_arb_l16_700u_1_20260526151004_9239ab2fdc6f.jpg;Bateria Fenix Recarregável 16340 700mAh 3.6V ARB-L16-700U A ARB-L16-700U é uma bateria recarregável de íon-lítio no formato 16340 (RCR123), 
Lanterna Fenix LD22 - 300 Lúmens;653.00;Acessório;PH-3489;5;https://images.tcdn.com.br/img/img_prod/620600/lanterna_fenix_ld22_300_lumens_3489_1_4d62e18188ed9a4e40e4345f1ba06b35_20260526150957.jpg;Lanterna para Atividade Profissional Fenix LD22 - 300 Lúmens Ainda em tamanho compacto, a Fenix LD22 recebe novos recursos de operação e uma
Lanterna Fenix LD02 V2.0 - 70 Lúmens;356.00;Acessório;PH-3491;13;https://images.tcdn.com.br/img/img_prod/620600/lanterna_fenix_ld02_v20_70_lmens_1_20260803172031_d928566b5184.png;Lanterna para Atividade Profissional Fenix LD02 V2.0 - 70 Lúmens A Fenix LD02 V2.0 é uma lanterna EDC super compacta que oferece luz branca 
Canivete Dobrável Ruike S11-B;200.00;Acessório;PH-3495;27;https://images.tcdn.com.br/img/img_prod/620600/canivete_ruike_modelo_s11_b_3495_1_22ae930440c585c9734d20425dec1136_20260526151037.jpg;Canivete Dobrável Ruike S11-B - Preto O canivete S11 é uma ótima opção para quem procura um canivete simples para light outdoors e uso EDC. 
"Espingarda Eternal Impactor Tactical - Cal 12GA 20""";8006.00;Arma;PH-3509;5;https://images.tcdn.com.br/img/img_prod/620600/espingarda_eternal_impact_tactical_cal_12ga_20_3509_1_f0839eb2342c086777af9313e0572384_20260526150716.jpg;"Espingarda Eternal Impactor Tactical - Calibre 12GA 20"" A Impactor 12GA é a espingarda semiautomática calibre 12 ideal para quem exige desem"
"Espingarda Eternal Attacker FX-3 - Cal 12GA 24""";12777.78;Arma;PH-3511;1;https://images.tcdn.com.br/img/img_prod/620600/espingarda_eternal_attacker_fx_3_calibre_12_3511_1_c516812fa4b09c1cef1fabcf95a17f80_20260526150716.png;"Espingarda Eternal Attacker FX-3 - Calibre 12GA 24"" Espingarda semiautomática calibre 12 na plataforma estilo AR15. Reúne potência, confiabi"
"Espingarda Eternal Attacker FX-1 - Cal 12GA 20""";13900.00;Arma;PH-3513;0;https://images.tcdn.com.br/img/img_prod/620600/espingarda_eternal_attacker_fx_1_calibre_12_3513_1_bf01c8830aa0ea4256ce79e02bdf639d_20260526150717.jpg;"Espingarda Eternal Attacker FX-1 - Calibre 12GA 20"" A Espingarda Eternal Attacker FX-1 é uma arma de fogo semiautomática, operando com siste"
"Espingarda Eternal Impactor Black Wood - Cal 12GA 28""";8834.00;Arma;PH-3519;6;https://images.tcdn.com.br/img/img_prod/620600/espingarda_eternal_impact_black_calibre_12_3519_1_40d3336e056eb77a17f782d107f07286_20260526150717.png;"Espingarda Eternal Impactor Black Wood - Calibre 12GA 28"" A espingarda semiautomática calibre 12 Eternal Impact Black destaca-se pelo design"
"Espingarda Eternal De Luxe Grey - Cal 12GA 28""";11042.00;Arma;PH-3521;3;https://images.tcdn.com.br/img/img_prod/620600/espingarda_eternal_de_luxe_grey_cal_12ga_28_3521_1_9ed54f4577b0b95038244a1d36f7fa4e_20260526150717.jpg;"Espingarda Eternal De Luxe Grey - Calibre 12GA 28"" A espingarda semiautomática calibre 12 Eternal Deluxe Grey é a escolha perfeita para quem"
"Espingarda Eternal De Luxe White - Cal 12GA 28""";11042.00;Arma;PH-3523;3;https://images.tcdn.com.br/img/img_prod/620600/espingarda_eternal_de_luxe_white_cal_12ga_28_3523_1_c82185cba38e9921f8ffc97245685a90_20260526150718.jpg;"Espingarda Eternal De Luxe White - Calibre 12GA 28"" A espingarda semiautomática calibre 12 Eternal Deluxe White é a escolha perfeita para qu"
"Espingarda Eternal Masterpiece Black - Cal 12GA 28""";11399.00;Arma;PH-3525;2;https://images.tcdn.com.br/img/img_prod/620600/espingarda_eternal_masterpiece_black_calibre_12_3525_1_1b31821767289eff44f8bfb1b89417f0_20260526150718.png;"Espingarda Eternal Masterpiece Black - Calibre 12GA 28"" A espingarda semiautomática calibre 12 Eternal Masterpiece Black foi projetada para "
"Espingarda Eternal Immortal White - Cal 20GA 28""";7833.33;Arma;PH-3529;0;https://images.tcdn.com.br/img/img_prod/620600/espingarda_eternal_immortal_white_cal_20ga_28_3529_1_c996510e69cab94d771ab27d9324b010_20260526150718.jpg;"Espingarda Eternal Immortal White - Calibre 20GA 28"" Espingarda semiautomática calibre 20 com desempenho impecável em todos os projéteis de "
"Espingarda Eternal Immortal Black Wood - Cal 20GA 28""";9938.00;Arma;PH-3531;5;https://images.tcdn.com.br/img/img_prod/620600/espingarda_eternal_immortal_black_wood_cal_20ga_28_3531_1_a375bf9a07836b7ebb4a49ae3353f900_20260526150718.jpg;"Espingarda Eternal Immortal Black Wood - Calibre 20GA 28"" A Eternal Immortal Black é uma espingarda semiautomática de calibre 12 ou 20 , equ"
"Espingarda Eternal Impact Synthetic Max 4 - Cal 12GA 28""";10766.00;Arma;PH-3533;3;https://images.tcdn.com.br/img/img_prod/620600/espingarda_eternal_impactor_max_4_calibre_12_3533_1_914c0005fe7d2471c968626247b7a272_20260526150719.png;"Espingarda Eternal Impact Synthetic Max 4 - Calibre 12GA 28"" A espingarda semiautomática calibre 12 Eternal Impact Max 4 foi desenvolvida pa"
"Espingarda Eternal Spectacular Black - Cal 12GA 28""";12698.00;Arma;PH-3539;3;https://images.tcdn.com.br/img/img_prod/620600/espingarda_eternal_spectacular_black_calibre_12_3539_1_404fc65d3ef834c79fadaa1fa23f6436_20260526150719.png;"Espingarda Eternal Spectacular Black - Calibre 12GA 28"" A coronha turca possui um alto nível de acabamento lustroso e um xadrez manual. Seu "
Revólver Taurus RT 410 - The Judge - 6,5 Polegadas - Calibre 36 INOX;9161.56;Arma;PH-3549;1;https://images.tcdn.com.br/img/img_prod/620600/revlver_taurus_rt_410_the_judge_65_polegadas_1_20260526150809_4397d152eda9.jpg;"Revólver Taurus RT 410 - The Judge - 6,5"" - Calibre 36 GA INOX O Taurus RT 410, mundialmente conhecido como ""The Judge"", é um dos revólveres"
Revólver Taurus RT 82/6 - 4 Polegadas - Calibre 38 Oxidado Fosco Zarelho;8787.25;Arma;PH-3555;1;https://images.tcdn.com.br/img/img_prod/620600/revolver_taurus_rt_82_6_4_polegadas_calibre_38_oxidado_fosco_3555_1_20260526150809.jpg;Revólver Taurus RT 82/6 - 4 Polegadas - Calibre .38 SPL Oxidado Fosco O Revólver Taurus RT 82 é um ícone de confiabilidade e desempenho, sen
Revólver Taurus RT 82S/6 - 4 Polegadas - Calibre 38 Inox;8341.39;Arma;PH-3557;1;https://images.tcdn.com.br/img/img_prod/620600/revlver_taurus_rt_82s6_4_polegadas_calibre_38_1_20260526150809_9f11583d6368.jpg;PRODUTO CONTROLADO PELO EXÉRCITO Este item requer autorização prévia para a realização da compra. Caso não possua a autorização, a compra se
Revólver Taurus RT 889/6 - 4 Polegadas - Calibre 38 Inox;8208.13;Arma;PH-3561;1;https://images.tcdn.com.br/img/img_prod/620600/revlver_taurus_rt_8896_4_polegadas_calibre_38_1_20260526150809_10caaf998a6e.jpg;Revólver Taurus RT 889/6 - 4 Polegadas - Calibre 38 Inox Marca Taurus Modelo RT 889/6 Calibre .38SPL Capacidade 6 Tiros Cabo Borracha Ação S
"Revólver Taurus RT970/7 - 6,7"" - Calibre .22LR Inox Fosco";10388.88;Arma;PH-3563;1;https://images.tcdn.com.br/img/img_prod/620600/revlver_taurus_rt9707_67_polegadas_calibre_22l_1_20260526150810_a16f86d0461b.png;"Revólver Taurus RT 970 Calibre .22 LR 6,5"" Inox Fosco O Revólver Taurus RT 970 é um modelo no calibre .22 LR voltado para tiro esportivo e l"
Revólver Taurus RT 838/8 - 4 Polegadas - Calibre .38SPL Inox;9614.06;Arma;PH-3565;1;https://images.tcdn.com.br/img/img_prod/620600/revolver_taurus_rt_838_8_4_polegadas_calibre_38spl_inox_3565_1_20260526150810.jpg;PRODUTO CONTROLADO PELO EXÉRCITO Este item requer autorização prévia para a realização da compra. Caso não possua a autorização, a compra se
Revólver Taurus RT 85S/5 - 2 Polegadas - Calibre .38SPL Oxidado Fosco;5888.70;Arma;PH-3567;1;https://images.tcdn.com.br/img/img_prod/620600/revlver_taurus_rt_85s5_2_polegadas_calibre_38s_1_20260526150810_3fdf99ced4a8.jpg;Revólver Taurus RT 85S/5 - 2 Polegadas - Calibre .38 SPL Oxidado Fosco O Taurus RT 85S é amplamente reconhecido como um dos revólveres de ma
Revólver Taurus RT 85S/5 - 2 Polegadas - Calibre .38SPL Inox Fosco;7138.56;Arma;PH-3569;1;https://images.tcdn.com.br/img/img_prod/620600/revolver_taurus_rt_85s_5_2_polegadas_calibre_38spl_inox_fosco_3569_1_20260526150810.jpg;Revólver Taurus RT 85S/5 - 2 Polegadas - Calibre .38 SPL Inox Fosco O Taurus RT 85S é, sem dúvida, um dos revólveres mais icônicos e confiáv
Revólver Taurus RT 82/6 - 4 Polegadas - Calibre 38 Oxidado Fosco;7878.61;Arma;PH-3571;1;https://images.tcdn.com.br/img/img_prod/620600/revlver_taurus_rt_826_4_polegadas_calibre_38_o_1_20260526150810_7e5185410f2f.jpg;Revólver Taurus RT 82/6 - 4 Polegadas - Calibre .38 SPL Oxidado Fosco O Revólver Taurus RT 82 é uma das armas mais tradicionais e confiáveis
Revólver Taurus RT 889/6 - 4 Polegadas - Calibre 38 Inox Fosco;8742.05;Arma;PH-3573;1;https://images.tcdn.com.br/img/img_prod/620600/revlver_taurus_rt_8896_4_polegadas_calibre_38_1_20260526150810_a0f9b0426a63.jpg;Revólver Taurus RT 889/6 - 4 Polegadas - Calibre .38 SPL Inox Fosco O Taurus RT 889 é um dos revólveres mais desejados por atiradores que bu
"Rifle CBC 7022 WAY Oxidado - Cal .22LR 21""";3288.59;Arma;PH-3575;1;https://images.tcdn.com.br/img/img_prod/620600/rifle_cbc_7022_way_21_oxidado_3575_1_20260526150647.jpg;"Rifle CBC 7022 WAY Oxidado - Calibre .22LR 21"" O rifle semiautomático CBC 7022 , com alta precisão , baixo estampido e recuo praticamente im"
"Rifle CBC 8122 Bolt Action Cal .22 LR 23"" Oxidado";0.00;Arma;PH-3579;10;https://images.tcdn.com.br/img/img_prod/620600/rifle_cbc_8122_bolt_action_23_oxidado_3579_1_20260526150648.jpg;"Rifle CBC 8122 Bolt Action Calibre .22 LR 23"" Oxidado O Rifle 8122 Bolt Action possui sistema de repetição por ferrolho, reconhecido pela ex"
"Espingarda Eternal Impact Black Synthetic (4+1) - Cal 12GA 28""";8282.00;Arma;PH-3649;2;https://images.tcdn.com.br/img/img_prod/620600/espingarda_eternal_impact_black_synthetic_41_cal_1_20260526150719_67c76f4924d9.jpg;"Espingarda Eternal Impactor Black Synthetic (4+1) - Calibre 12GA 28"" A Eternal Impact Black calibre 12 eleva o conceito de espingarda semiau"
Lanterna EDC Fenix E16 - 700 Lúmens;479.30;Acessório;PH-3665;9;https://images.tcdn.com.br/img/img_prod/620600/lanterna_fenix_e16_700_lumens_otima_para_seu_edc_3665_1_97b70d0e88289328a115bac8d6cd995c_20260526150927.jpg;Lanterna EDC Fenix E16 - 700 Lúmens A Fenix E16 é uma lanterna ultra-compacta EDC com excelente desempenho. Com uma bateria de iões de lítio
Lanterna EDC Fenix E18R - 750 Lúmens;706.00;Acessório;PH-3667;1;https://images.tcdn.com.br/img/img_prod/620600/lanterna_fenix_e18r_750_lumens_3667_1_73cc7873a360ada30b30cd57f9c2d53c_20260526150927.jpg;Lanterna EDC Fenix E18R - 750 Lúmens A Fenix E18R é uma lanterna ultra-compacta EDC com excelente desempenho. Com uma bateria de iões de lít
Lanterna Tática Fenix PD35 V2.0 Camo - 1000 Lúmens;908.00;Acessório;PH-3669;1;https://images.tcdn.com.br/img/img_prod/620600/lanterna_tatica_fenix_pd35_v2_0_camo_1000_lumens_3669_1_682978c7de467029186d9bf71cae7b30_20260526150916.jpg;Lanterna Tática Fenix PD35 V2.0 Camo - 1000 Lúmens A Fenix PD35 V2.0 Camo Edition apresenta um design camuflado ideal para ocultação tática 
Apito Pio Madeira Artesanal Maurilio Coelho - nº3 Odontophurus capueira ( Uru ou Capoeria);36.00;Acessório;PH-3679;1;https://images.tcdn.com.br/img/img_prod/620600/apito_pio_madeira_artesanal_maurilio_coelho_no_3_para_odontophurus_capueira_uru_ou_capoeria_3679_1_20260526151129.jpg;Nome Científico : Odontophurus capueira Outras Denominações : Spot-winged wood-quail (USA) Urú (Argentina) Características : Ave da ordem do
Apito Pio de chifre Artesanal Inhambu-guaçu Preto;550.00;Acessório;PH-3693;5;https://images.tcdn.com.br/img/img_prod/620600/apito_pio_madeira_artesanal_maurilio_coelho_n10_1_20260526151129_3edd5e145946.jpg;Pio Inhambu-guaçu Profissional – 100% Chifre A excelência do artesanato para a atração perfeita. O Pio Inhambu-guaçu é um item de raridade e
Apito Pio Madeira Artesanal Tinamus solitarius (Macuco);79.00;Acessório;PH-3719;2;https://images.tcdn.com.br/img/img_prod/620600/apito_pio_madeira_artesanal_maurilio_coelho_n_19_1_20260526151129_e6fc755e1eed.jpg;O Apito Pio de Madeira Macuco 17 é um instrumento de alta performance que une funcionalidade e estética. Fabricado em madeira nobre de cor m
Apito Pio Madeira Artesanal Maurilio Coelho - nº 40 Netta peposaca (Marrecão);78.00;Acessório;PH-3731;1;https://images.tcdn.com.br/img/img_prod/620600/apito_pio_madeira_artesanal_maurilio_coelho_no_40_netta_peposaca_marrecao_3731_1_20260526151130.jpg;Nome Científico : Netta peposaca Outras Denominações : Rosy-billed Pochard (USA) * Pato picazo Características : Ave da ordem dos Anseriform
Canivete Dobrável Ruike P155-B;609.90;Acessório;PH-3737;7;https://images.tcdn.com.br/img/img_prod/620600/canivete_ruike_p155_b_3737_1_0744cb1c3416e0d0410d4889d6819797_20260526151037.jpg;Canivete Dobrável Ruike P155 - Preto Com um design ergonômico curvo e uma construção robusta RUIKE, a faca dobrável P155 será uma excelente 
Canivete Dobrável Ruike P155-W;609.90;Acessório;PH-3739;11;https://images.tcdn.com.br/img/img_prod/620600/canivete_dobrvel_ruike_p155_w_1_20260709085353_2abb12349279.jpg;Canivete Dobrável Ruike P155 - Branco Com um design ergonômico curvo e uma construção robusta RUIKE, a faca dobrável P155 será uma excelente
"Rifle Anschutz 1761 D HB Walnut Classic - Cal .22 LR 20""";44528.00;Arma;PH-3797;0;https://images.tcdn.com.br/img/img_prod/620600/copia_anschutz_1761_d_hb_classic_calibre_22_lr_venda_exclusiva_para_cac_3797_1_20260526150649.jpg;"Rifle Anschutz 1761 D HB Walnut Classic - Cal .22 LR 20"" Milhares de atiradores ao redor do mundo deram seus primeiros passos no tiro esport"
"Rifle Anschutz 1416 D HB G Classic - Cal .22 LR 13,5""";26691.50;Arma;PH-3861;2;https://images.tcdn.com.br/img/img_prod/620600/anschutz_1416_d_hb_g_classic_13_55_polegadas_calibre_22_lr_3861_1_083bb661e17356bc260e3c0d630ceba6_20260526150650.jpg;"Rifle Anschutz - 1416 D HB G Classic - Calibre .22 LR 13,5"" O renomado sistema Match 64 , o mesmo utilizado em nosso rifle calibre 22 de tir"
Capacete de Proteção Emerson Tático - Preto - NTK;347.89;Acessório;PH-3873;2;https://images.tcdn.com.br/img/img_prod/620600/capacete_de_proteo_emerson_ttico_preto_ntk_1_20260526150845_f224264a4f62.jpg;Capacete Tático Nautika Emerson - Preto A segurança é um dos fatores fundamentais para praticantes de esportes táticos e airsoft. O Capacete
Carregador Tanfoglio para FT9 Carry/Full Size Cal .380 ACP - 18 Tiros;665.00;Acessório;PH-3877;606;https://images.tcdn.com.br/img/img_prod/620600/carregador_para_tanfoglio_ft9_carry_ou_full_size_380_acp_3877_1_8357fe072724fb24afefa1407bebc313_20260526150709.jpg;Carregador é compatível com a PISTOLA CZ35 .380ACP - ALFA PROJ BRNO Para realizar a compra, é necessário entrar em contato através do telefo
Cilindro Swiss Arms Co2 12g - 10 Unidades;44.00;Acessório;PH-3887;4;https://images.tcdn.com.br/img/img_prod/620600/10_cilindros_de_co2_12g_swiss_arms_3887_1_486c0ab7a6e31c08c0db7a63e070640e_20260526151356.jpg;Cilindro Swiss Arms CO2 12g - 10 Unidade Cilindro de CO2 descartável, para armas de pressão, Airsoft, Paintball e outros dispositivos que ut
Cilindro Swiss Arms Co2 12g - 20 Unidades;85.90;Acessório;PH-3889;80;https://images.tcdn.com.br/img/img_prod/620600/20_cilindros_de_co2_12g_swiss_arms_3889_1_8852a33776ec0ba31f599e198fba0d99_20260526151356.jpg;Cilindro Swiss Arms Co2 12g - 20 Unidade Cilindro de CO2 descartável, para armas de pressão, Airsoft, Paintball e outros dispositivos que ut
Cilindro Swiss Arms Co2 12g - 30 Unidades;119.00;Acessório;PH-3893;64;https://images.tcdn.com.br/img/img_prod/620600/30_cilindros_de_co2_12g_swiss_arms_3893_1_34a7bbdfbd6f478e55ca86154aed0c60_20260526151356.jpg;Cilindro Swiss Arms Co2 12g - 30 Unidade Cilindro de CO2 descartável, para armas de pressão, Airsoft, Paintball e outros dispositivos que ut
Cilindro Swiss Arms Co2 12g - 40 Unidades;169.90;Acessório;PH-3895;59;https://images.tcdn.com.br/img/img_prod/620600/40_cilindros_de_co2_12g_swiss_arms_3895_1_368a3818a8b572686479262d52566f60_20260526151356.jpg;Cilindro Swiss Arms Co2 12g - 40 Unidade Cilindro de CO2 descartável, para armas de pressão, Airsoft, Paintball e outros dispositivos que ut
Cilindro Swiss Arms Co2 12g - 50 Unidades;205.50;Acessório;PH-3897;86;https://images.tcdn.com.br/img/img_prod/620600/50_cilindros_de_co2_12g_swiss_arms_3897_1_f91711cd78bf21cb18ad2f4af1564783_20260526151356.jpg;Cilindro Swiss Arms Co2 12g - 50 Unidade Cilindro de CO2 descartável, para armas de pressão, Airsoft, Paintball e outros dispositivos que ut
Cilindro Swiss Arms Co2 12g - 100 Unidades;377.90;Acessório;PH-3899;58;https://images.tcdn.com.br/img/img_prod/620600/100_cilindros_de_co2_12g_swiss_arms_3899_1_e5bb360cdacb88f0ec53439f2c9861b5_20260526151356.jpg;Cilindro Swiss Arms Co2 12g - 100 Unidade Cilindro de CO2 descartável, para armas de pressão, Airsoft, Paintball e outros dispositivos que u
Canivete Dobrável Ruike P848-B;471.00;Acessório;PH-3901;11;https://images.tcdn.com.br/img/img_prod/620600/faca_ruike_p848_b_3901_1_cedc02cd1948296cf44cef3f86a43ca7_20260526151037.jpg;Canivete Dobrável Ruike P848 - Preto O canivete Ruike P848 é uma ferramenta de alta qualidade e confiável projetada para atender às necessid
Canivete Dobrável Ruike P852-B;574.00;Acessório;PH-3903;2;https://images.tcdn.com.br/img/img_prod/620600/faca_ruike_p852_b_3903_1_1ef6a921b70c88a793551a607db0c719_20260526151037.jpg;Canivete Dobrável Ruike P852 - Preto Com espessura de lâmina suficiente e borda longa recurvada adequadamente com uma barriga grande, o P852
Lanterna Traseira para Bike Fenix BC05R - 10 Lúmens;234.00;Acessório;PH-3911;36;https://images.tcdn.com.br/img/img_prod/620600/lanterna_traseira_para_bike_fenix_bc05r_10_lumens_3911_1_2d92401c9690876d11d9eeb2921758d0_20260526150944.jpg;Lanterna Traseira para Bike Fenix BC05R - 10 Lúmens A Fenix BC05R é uma lanterna traseira de bicicleta recarregável, versátil e essencial pa
Lanterna para Bike BC25R - 600 Lúmens;592.00;Acessório;PH-3913;38;https://images.tcdn.com.br/img/img_prod/620600/lanterna_para_bike_bc25r_600_lumens_3913_1_20260526150945.jpg;Lanterna para Bike BC25R - 600 Lúmens A lanterna para bicicleta BC25R oferece uma solução moderna e impressionante para pedaladas seguras na
Lanterna para Áreas de Risco Fenix WF05E - 85 Lúmens;415.00;Acessório;PH-3917;22;https://images.tcdn.com.br/img/img_prod/620600/lanterna_fenix_wf05e_85_lumens_3917_1_aaa7e3a2e2e4f9289c090eee24092f13_20260526150958.jpg;Lanterna para Áreas de Risco Fenix WF05E - 85 Lúmens A Fenix WF05E é uma lanterna intrinsecamente segura, certificada pelo IECEx, ATEX e CSA
Lanterna Recarregável Fenix E30R - 1600 Lúmens;947.00;Acessório;PH-3919;5;https://images.tcdn.com.br/img/img_prod/620600/lanterna_fenix_recarregavel_e30r_1600_lumens_3919_1_a627492d500daa52ddf47651ba920fa3_20260526150927.jpg;Lanterna Recarregável Fenix E30R - 1600 Lúmens A Fenix E30R é uma lanterna recarregável de alto desempenho, combinando tamanho compacto com 
Carregador de Baterias Fenix ARE-A4;497.00;Acessório;PH-3921;15;https://images.tcdn.com.br/img/img_prod/620600/carregador_de_baterias_fenix_are_a4_1_20260526151008_3a81dc0d411f.jpg;Carregador de Baterias Fenix ARE-A4 O Fenix ARE-A4 é um carregador inteligente de quatro canais, projetado para diferentes tipos e tamanhos 
Dog Tag Militar Completo;19.90;Acessório;PH-3939;49;https://images.tcdn.com.br/img/img_prod/620600/dog_tag_militar_completo_3939_1_20260526151130.jpg;Dog Tag Militar Completo - 2 Placas em aço inox Lisa (Não fazemos gravações) - Altura: 5cm - Largura: 3cm - 2 silenciadores em silicone - 1 
Lanterna para Cabeça HM23 - 240 Lúmens;417.00;Acessório;PH-3961;16;https://images.tcdn.com.br/img/img_prod/620600/lanterna_de_cabeca_hm23_240_lumens_3961_1_20260526150937.jpg;Lanterna para Cabeça HM23 - 240 Lúmens O Fenix HM23 é uma lanterna de cabeça compacta e leve que funciona com uma única bateria AA. Com apen
Acionador Remoto para Lanterna Fenix AER-03 V2.0;270.00;Acessório;PH-3963;23;https://images.tcdn.com.br/img/img_prod/620600/acionador_remoto_para_lanterna_fenix_aer_03_v20_1_20260526150949_c15d0ccc3c78.jpg;Interruptor tático AER-03 V2.0 - Modelo 2019 Com iluminação momentânea constante e seleção de saída (a função pode variar com lanternas), o 
Lanterna Multifuncional Fenix WT50R - 3200 Lúmens;2948.00;Acessório;PH-3965;8;https://images.tcdn.com.br/img/img_prod/620600/lanterna_multifuncional_fenix_wt50r_3700_lmens_1_20260526150958_7646adc497b1.jpg;Lanterna Multifuncional Fenix WT50R - 3200 Lúmens O WT50R é um holofote portátil multifuncional que oferece uma incrível saída máxima de 320
Carabina PCP Stinger Baco Cal 5.5mm 16'';6623.00;Arma;PH-3971;1;https://images.tcdn.com.br/img/img_prod/620600/carabina_pcp_stinger_baco_cal_55mm_16_1_20260526150811_4689d09a580a.jpg;Carabina PCP Stinger Modelo BACO 5.5mm A Carabina PCP Stinger Baco é a combinação perfeita de desempenho, precisão e design robusto. Desenvo
BBs 0.40g com 2000 unidades - Pro Hunters;198.00;Acessório;PH-3993;17;https://images.tcdn.com.br/img/img_prod/620600/bbs_0_40g_pro_hunters_2000_unidades_3993_1_20260526151356.jpg;BBs 0.40g com 2000 unidades - Pro Hunters As BBS Pro Hunters possuem qualidade premium, produzidas por uma das maiores fábricas de BB's do m
Carregador Anschutz Cal .22 LR - 10 Tiros;2295.00;Acessório;PH-4007;8;https://images.tcdn.com.br/img/img_prod/620600/carregador_anschutz_cal_22_lr_10_tiros_1_20260526150709_a974641e6e26.jpg;Para realizar a compra, é necessário entrar em contato através do telefone (047) 3041-4049 ou WhatsApp (47) 99119-0416 . Carregador Anschutz
Carregador Anschutz Calibre .17 HMR - 4 Tiros;2295.00;Acessório;PH-4011;6;https://images.tcdn.com.br/img/img_prod/620600/carregador_17hmr_anschutz_4_tiros_4011_1_2151c8367bd1ef135e6fa0a77dd9650c_20260526150710.jpg;Para realizar a compra, é necessário entrar em contato através do telefone (047) 3041-4049 ou WhatsApp (47) 99119-0416 . Carregador Anschutz
Kit Lanterna Tática Fenix PD36R - 1600 Lúmens + E01 V2.0 - 100 Lúmens;1109.00;Acessório;PH-4021;2;https://images.tcdn.com.br/img/img_prod/620600/lanterna_tatica_fenix_pd36r_1600_lumens_4021_1_d1d11c602de34572f1db2d17f7bd9149_20260526150917.jpg;Lanterna Tática Fenix PD36R - 1600 Lúmens A PD36R é uma lanterna ultracompacta com uma potente porta de carregamento USB Type-C. Impulsionad
Lanterna para Atividades Profissionais Fenix LD42 - 1000 Lúmens;763.00;Acessório;PH-4023;5;https://images.tcdn.com.br/img/img_prod/620600/lanterna_fenix_ld42_1000_lumens_4023_1_a6b5eb1a7749602c897db9b4c239640c_20260526150959.jpg;Lanterna para Atividades Profissionais Fenix LD42 - 1000 Lúmens A Lanterna LD42 é uma lanterna de alto rendimento que oferece uma potência m
Carregador Fenix ARE-X11 Charging + Bateria 3500mAh;300.00;Acessório;PH-4025;393;https://images.tcdn.com.br/img/img_prod/620600/carregador_fenix_x11_charging_bateria_3500mah_4025_1_20260526151008.jpg;Carregador Fenix ARE-X11 Charging + Bateria 3500mAh O ARE-X11 é um carregador compacto e inteligente dedicado para a bateria 18650 Li-ion. P
Caneta Tática Fenix T5Ti Tactical - Azul;838.80;Acessório;PH-4029;2;https://images.tcdn.com.br/img/img_prod/620600/caneta_ttica_fenix_t5ti_tactical_azul_1_20260526150949_5ff5501650e9.jpg;Caneta Tática Fenix T5Ti Tactical - Azul O T5Ti é uma excelente ferramenta de caneta tática que é muito necessária para escrever, atacar e a
Carabina PCP Stinger Marte Cal 5.5mm;2559.00;Arma;PH-4043;12;https://images.tcdn.com.br/img/img_prod/620600/carabina_pcp_stinger_marte_cal_55mm_1_20260526150812_91b6a36fbba9.jpg;Carabina PCP Stinger Marte Cal. 5,5mm (STAG00655) A Carabina PCP Stinger Marte é a escolha perfeita para quem busca um equipamento confiável
Carabina PCP Stinger Minerva Cal 5.5mm;2559.00;Arma;PH-4045;6;https://images.tcdn.com.br/img/img_prod/620600/carabina_pcp_stinger_modelo_minerva_cal_5_5mm_4045_2_bca3c02a7b8fb80a700623300c29bdc6_20260526150813.jpg;Carabina PCP Stinger Minerva Cal. 5,5mm A carabina PCP Stinger Minerva é a escolha ideal para quem está começando no tiro esportivo com arma
Carabina PCP Stinger Juno Cal 5.5mm;4759.00;Arma;PH-4047;4;https://images.tcdn.com.br/img/img_prod/620600/carabina_pcp_stinger_juno_cal_55mm_1_20260526150813_92942ee40b31.jpg;Carabina Stinger PCP Juno - Cal 5,5mm A carabina PCP Stinger Juno combina um design clássico e refinado com recursos modernos que garantem a
Carabina PCP Stinger Neptuno Cal 5.5mm;6659.00;Arma;PH-4049;1;https://images.tcdn.com.br/img/img_prod/620600/carabina_pcp_stinger_neptuno_cal_55mm_1_20260526150813_db760489fc54.jpg;Carabina PCP Stinger Modelo Neptuno Cal. 5,5mm A Carabina PCP Stinger Neptuno é voltada para atiradores que buscam precisão, robustez e dese
Pistola Smith&Wesson M&P Shield EZ Cal .380 Auto;8559.90;Arma;PH-4059;0;https://images.tcdn.com.br/img/img_prod/620600/pistola_smithewesson_mep_shield_ez_cal_380_4059_1_20260526150749.png;Pistola Smith&Wesson M&P Shield EZ Calibre .380 Auto Produzida para proteção pessoal e para porte, a M&P 380 Shield Ez, no calibre 380 auto,
Acionador Remoto para Lanterna Fenix AER-02 V2.0;246.00;Acessório;PH-4061;19;https://images.tcdn.com.br/img/img_prod/620600/acionador_remoto_para_lanterna_fenix_aer_02_v20_1_20260526150949_ac3370915d82.jpg;Interruptor Tático AER-02 V2.0 O Fenix AER-02 V2.0 é especializado em lanternas táticas. Os interruptores de cauda duplos permitem uma opera
Bateria Fenix Recarregável 16340 700mAh 3.6V 2.52Wh De Íon de Lítio ARB-L16-700UP;97.00;Acessório;PH-4075;168;https://images.tcdn.com.br/img/img_prod/620600/bateria_16340_recarregvel_fenix_arb_l16_700up_1_20260526151004_81e18c71c76d.jpg;Bateria Fenix Recarregável 16340 700mAh 3.6V ARB-L16-700UP A ARB-L16-700UP é uma bateria de íon-lítio no formato 16340 (RCR123), projetada e
Coldre Velado com Alça Interno Preto Audaz para Tanfoglio FT9 Carry;0.00;Acessório;PH-4081;1;https://images.tcdn.com.br/img/img_prod/620600/coldre_interno_preto_audaz_para_tanfoglio_ft9_carry_4081_1_20260526151051.png;Coldre Velado com Alça Interno Preto Audaz para Tanfoglio FT9 Carry - Coldre em couro de alta qualidade - Moldado exatamente no tamanho da a
Coldre Velado Alça  Marrom Café Audaz para Tanfoglio FT9 Carry;211.90;Acessório;PH-4091;1;https://images.tcdn.com.br/img/img_prod/620600/coldre_velado_alca_marrom_cafe_audaz_para_tanfoglio_ft9_carry_4091_1_747ab236ca2dd39dd82a04b915a92d0c_20260526151051.jpg;Coldre Velado Alça Marrom Audaz para Tanfoglio FT9 Carry - Coldre em couro de alta qualidade - Moldado exatamente no tamanho da arma - Clip 
"Pistola Tanfoglio Force Plus - Cal 9mm 4,4""";12900.00;Arma;PH-4109;23;https://images.tcdn.com.br/img/img_prod/620600/pistola_tanfoglio_force_plus_calibre_9mm_4109_4_5b3e636430395b4208ca374c590e6e19_20260526150749.png;"Pistola Tanfoglio Force Plus - Calibre 9mm 4,4"" A pistola 9mm Tanfoglio Force Plus é a escolha ideal para quem busca precisão, confiabilidad"
"Pistola Tanfoglio Force Police R - Cal 9mm 3,6""";12700.00;Arma;PH-4111;28;https://images.tcdn.com.br/img/img_prod/620600/pistola_tanfoglio_force_police_r_calibre_9mm_4111_1_c0323035dc2640120f21234bf79b447d_20260526150749.png;"Pistola Tanfoglio Force Police R - Calibre 9mm 3,6"" A pistola 9mm Tanfoglio Force Police R é a escolha ideal para quem busca um modelo confi"
"Pistola Tanfoglio Witness 1911 P - Cal 9mm 5""";12944.44;Arma;PH-4113;1;https://images.tcdn.com.br/img/img_prod/620600/pistola_tanfoglio_witness_p_1911_calibre_9mm_4113_1_e1162b1f5a32b8e01d3a37d159d195e3_20260526150750.jpg;"Pistola Tanfoglio Witness P 1911 - Calibre 9mm 5"" A pistola 9mm Tanfoglio Witness P 1911 é uma releitura moderna e aprimorada do lendário mo"
"Pistola Tanfoglio Witness P 1911 - Cal .45 ACP 5""";12944.44;Arma;PH-4115;1;https://images.tcdn.com.br/img/img_prod/620600/pistola_tanfoglio_witness_1911_p_calibre_45_acp_4115_1_c3fa65326c51b766d3083227ff1f35f1_20260526150750.jpg;"Pistola Tanfoglio Witness P 1911 - Calibre .45 ACP 5"" Pistola Tanfoglio Witness P 1911 .45 ACP 5"" – uma versão moderna do icônico 1911 , com"
Spray Kamuff  6x1 para Limpeza Absoluto - 120ml;67.00;Acessório;PH-4131;67;https://images.tcdn.com.br/img/img_prod/620600/spray_6x1_para_limpeza_kamuff_absoluto_120ml_4131_1_7d331cfde097a9dc45f4e0f0f9b8ec0c_20260526151045.jpg;Spray Kamuff 6x1 para Limpeza Absoluto - 120ml É o primeiro produto com tecnologia de limpeza a seco desenvolvida para armas. Sua composição
Chumbinho Gamo Round 4.5mm 250un.;19.80;Acessório;PH-4135;18;https://images.tcdn.com.br/img/img_prod/620600/chumbinho_gamo_round_4_5mm_250un_4135_1_20260526151356.png;Chumbinho Gamo Round 4.5mm 250un. Chumbinho Gamo Round Calibre 4.5mm munição tipo Esfera (Redondo). Calibrado boa expansão e penetração, dev
Chumbinho Gamo Rocket 4.5mm 150un.;52.50;Acessório;PH-4141;5;https://images.tcdn.com.br/img/img_prod/620600/chumbinho_municao_carabina_de_pressao_gamo_rocket_4_5mm_150u_4141_1_20260526151356.png;Chumbinho Munição Carabina De Pressão Gamo Rocket 4.5mm 150u O chumbinho é o projétil utilizado em armas de pressão. No calibre 4,5mm, a pri
CHUMBINHO 4, 5MM GAMO POWER PELLETS TUBO;78.75;Munição;PH-4145;2;https://images.tcdn.com.br/img/img_prod/620600/chumbinho_4_5mm_gamo_power_pellets_tubo_4145_1_20260526151328.png;CHUMBINHO 4, 5MM GAMO POWER PELLETS TUBO Chumbinho Gamo® Raptor de altíssima velocidade, proporcionando excepcionais resultados em termos de
Chumbinho Gamo Red Fire 4.5mm 125un.;21.00;Acessório;PH-4147;4;https://images.tcdn.com.br/img/img_prod/620600/chumbinho_gamo_red_fire_4_5mm_125un_4147_1_20260526151356.png;Chumbinho Gamo Red Fire 4.5mm 125un. O Chumbinho Gamo Red Fire de alta performance em potência, precisão e penetração, proporcionando excepc
Carregador Tanfoglio Force Cal .22 - 10 Tiros;599.40;Acessório;PH-4149;19;https://images.tcdn.com.br/img/img_prod/620600/carregador_para_tanfoglio_force_calibre_22_4149_1_20260526150710.jpg;Para realizar a compra, é necessário entrar em contato através do telefone (047) 3041-4049 ou WhatsApp (47) 99119-0416 . Carregador Tanfogli
Bateria Fenix Recarregável 21700 5000mAh 3.6V 18Wh De Íon de Lítio ARB-L21-5000U;320.00;Acessório;PH-4159;292;https://images.tcdn.com.br/img/img_prod/620600/bateria_fenix_recarregavel_21700_5000mah_3_6v_18wh_de_ion_de_litio_arb_l21_5000u_4159_1_5c8d2d09913242a63939a78fce74f6b2_20260526151004.jpg;Bateria Fenix Recarregável 21700 6000mAh 3.6V (ARB-L21-6000) A ARB-L21-6000 é uma bateria de íon-lítio no formato 21700 de altíssima capacid
Lanterna Tática Fenix TK22 V2.0 - 1600 Lúmens;1003.00;Acessório;PH-4165;20;https://images.tcdn.com.br/img/img_prod/620600/lanterna_tatica_fenix_tk22_v2_0_1600_lumens_4165_1_b52cc7eba227f7329e7a4a59757dc450_20260526150917.jpg;Lanterna Tática Fenix TK22 V2.0 - 1600 Lúmens A Fenix TK22 V2.0 incorpora a resistência e confiabilidade da série TK em um design impermeáve
Suporte de Lanterna Fenix ALC-01 Belt Clip;160.00;Acessório;PH-4179;9;https://images.tcdn.com.br/img/img_prod/620600/suporte_de_lanterna_fenix_alc_01_belt_clip_1_20260526150949_cf6fde23ba1c.jpg;Fenix · Acessórios
Coldre para Lanterna Fenix ALP-MT - Holster (Oliva);157.00;Acessório;PH-4187;7;https://images.tcdn.com.br/img/img_prod/620600/coldre_para_lanterna_fenix_alp_mt_verde_4187_1_20260526150950.jpg;Coldre para Lanterna Fenix ALP-MT - Holster (Oliva) Coldre fabricado em Cordura 700D, resistente a rasgos e arranhões. Pode ser utilizado pa
Red Dot Hawke Vantage 1x20 Weaver;1297.80;Óptica;PH-4193;1;https://images.tcdn.com.br/img/img_prod/620600/red_dot_hawke_vantage_1x20_weaver_1_20260526151200_9d050ebf735f.jpg;Red Dot Hawke Vantage 1x20 Weaver Características: Ponto vermelho de 3 MOA com controle de brilho digital de 11 estágios Ótica Multi revesti
Faixa de Cabeça Fenix AFH-10 - Preto;42.00;Acessório;PH-4201;4;https://images.tcdn.com.br/img/img_prod/620600/faixa_de_cabeca_fenix_afh_10_preto_4201_1_6fb27073cdcf488732d532bf7ef48fc8_20260526150950.jpg;Faixa de Cabeça AFH-10 - Preto A Fenix desenvolveu a AFH-10, uma faixa de cabeça perfeita para praticar esportes. Ela apresenta linhas de si
Máscara Ventz - NTK;246.90;Acessório;PH-4251;1;https://images.tcdn.com.br/img/img_prod/620600/mascara_ventz_ntk_4251_1_e0ab83fe1219cb9579d0d486be23f0fa_20260526150846.jpg;Máscara Ventz - NTK Este modelo de máscara tática chega ao mercado para suprir uma demanda dos jogadores de airsoft. Produzida em material r
Combat Shirt Bélica Militar Verde P;240.21;Acessório;PH-4259;1;https://images.tcdn.com.br/img/img_prod/620600/combat_shirt_belica_verde_4259_1_081a8d0df66bcc4c9f38f86b138eef09_20260526150843.jpg;Combat Shirt Bélica Steel - Verde (Tamanho P) A Bélica Steel Combat Shirt Verde P é uma camisa tática projetada para oferecer conforto, resp
Suporte para Luneta 30mm padrão Weaver (Original CZ);1950.00;Acessório;PH-4267;4;https://images.tcdn.com.br/img/img_prod/620600/suporte_para_luneta_30mm_padrao_weaver_original_cz_4267_1_e3706c86b4bec6c68e934363f1e327e7_20260526151225.jpg;Suporte para Luneta Mount Dovetail - CZ - 30mm Suporte para luneta - Mount Weaver - 2 peças, para diametro de tubo 30 mm, com altura de base
Suporte para Luneta padrão Dovetail - CZ 527 - 30mm (Original CZ);0.00;Acessório;PH-4275;1;https://images.tcdn.com.br/img/img_prod/620600/suporte_para_luneta_mount_dovetail_cz_527_30mm_4275_1_20260526151226.jpg;Suporte para Luneta Mount Dovetail - CZ - 30mm CZ significa Ceská Zbrojovka. A sede da empresa está sediada em Uhersky Brod, uma pequena cid
Suporte para Luneta 30mm, padrão Weaver - Millett;250.00;Acessório;PH-4287;1;https://images.tcdn.com.br/img/img_prod/620600/suporte_para_luneta_mount_weaver_millett_30mm_4287_1_20260526151226.jpg;Suporte para Luneta Mount Weaver - Millett 30mm Os anéis destacáveis Millett Angle-Loc são projetados para uso com uma base de receptor ranh
Boné Soco Inglês Bulls - Verde;59.90;Acessório;PH-4295;2;https://images.tcdn.com.br/img/img_prod/620600/bone_soco_ingles_bulls_verde_4295_1_20260526150827.jpg;Boné Soco Inglês Bulls - Verde Feito na Modelagem Trucker com a qualidade, acabamento e matéria prima da maior qualidade. Tamanho: Ajustável
Cinto Warfare Fenrir 2 Coyote Tamanho P;119.90;Acessório;PH-4317;2;https://images.tcdn.com.br/img/img_prod/620600/cinto_fenrir_warfare_molle_ii_laser_cut_coyote_4317_2_682ac326f5832c45e412712d989e364f_20260526150854.jpg;Cinto Modular Fenrir Warzone Molle II Laser Cut - Coyote (Tamanho P) O Fenrir Warzone Molle II Laser Cut Belt Coyote P é um cinto modular pr
Camiseta Eu Apoio a Diversidade - Preta tam P;59.90;Acessório;PH-4319;1;https://images.tcdn.com.br/img/img_prod/620600/camiseta_eu_apoio_a_diversidade_preta_4319_1_20260526150837.jpg;Camiseta Eu Apoio a Diversidade - Preta Marca: Vista Direita Composição: Tecido 100% algodão - Fio 30.1 Penteado Medidas: LARGURA | ALTURA P
Camiseta Feminina Armas Equilibram Forças - Branca M;59.90;Acessório;PH-4327;2;https://images.tcdn.com.br/img/img_prod/620600/camiseta_feminina_armas_equilibram_forcas_branca_4327_1_20260526150837.jpg;Camiseta Feminina Armas Equilibram Forças - Branca tam M Esta fotografia retrata uma senhora de 106 anos de idade, guardando a sua casa com 
Camiseta Melhor ter e Não Precisar do que Precisar e Não ter - Branco Off White M;59.90;Acessório;PH-4331;2;https://images.tcdn.com.br/img/img_prod/620600/camiseta_melhor_ter_e_nao_precisar_do_que_precisar_e_nao_ter_branco_off_white_4331_1_20260526150838.jpeg;Camiseta Melhor ter e Não Precisar do que Precisar e Não ter - Branco Off White M Marca: Vista Direita Composição: Tecido 100% algodão - Fio
Camiseta Feminina Girls Like Guns Too - Branca G;59.90;Acessório;PH-4339;3;https://images.tcdn.com.br/img/img_prod/620600/camiseta_feminina_girls_like_guns_too_branca_4339_2_20260526150838.png;Camiseta Feminina Girls Like Guns Too - Branca G Marca: Vista Direita Composição: Tecido 100% algodão, Fio 30.1 penteado Estampa silk screen
"Espingarda Eternal Pump Gladiapact Synthetic Black - Cal 12GA 20""";5802.47;Arma;PH-4341;3;https://images.tcdn.com.br/img/img_prod/620600/espingarda_eternal_pump_gladiapact_synthetic_black_cal_12ga_20_4341_1_cd01089df2da55f690e737c0e45c174c_20260526151017.jpg;"Espingarda Eternal Gladiapact Synthetic Black - Calibre 12GA 20"" A espingarda semiautomática calibre 12 Eternal Gladiapact Synthetic é a esc"
"Espingarda Eternal Single-Barrel W Wood - Cal 20GA 28""";4583.00;Arma;PH-4345;0;https://images.tcdn.com.br/img/img_prod/620600/espingarda_eternal_single_barrel_w_wood_cal_20ga_28_4345_1_9bf84fc0e4e3fd2dfd9f9cb037395e00_20260526151022.jpg;"Espingarda Eternal Single-Barrel W Wood - Calibre 20GA 28"" Espingarda Eternal Single-Barrel HW Wood é a escolha perfeita para quem procura u"
"Espingarda Eternal Attacker 410 White - Cal 36GA 24""";17112.70;Arma;PH-4347;2;https://images.tcdn.com.br/img/img_prod/620600/espingarda_eternal_attacker_410_white_4347_1_85ebbc976104cdc352e0c16eeee711c5_20260526150720.png;"Espingarda Eternal Attacker 410 White - Calibre 36GA 24"" Com sistema a gás, a Eternal Attacker 410 White é uma espingarda Semiautomática e d"
Carabina de Pressão Mod 4 Black Airgun;1700.00;Arma;PH-4353;5;https://images.tcdn.com.br/img/img_prod/620600/carabina_de_presso_mod_4_black_airgun_1_20260526151354_cbc7b8228a10.jpg;Espingarda Mod 4 Black Airgun Modelo Mod 4 Black Airgun Calibre 5.5mm Câmara Air Rifles Sistema Air Gun Receiver Alumínio Cano Aço usinado e
"Espingarda Eternal Poseidon Black Trap - Cal 12GA 30""";19633.33;Arma;PH-4355;1;https://images.tcdn.com.br/img/img_prod/620600/espingarda_eternal_poseidon_black_trap_4355_1_a39991804d3da0b312f71b410dff3a40_20260526150721.png;"Espingarda Eternal Poseidon Black Trap - Cal 12GA 30"" Descubra a excelência da espingarda semiautomática calibre 12 Eternal Poseidon White T"
"Espingarda Eternal Combat 1 Pump-Action - Cal 12GA 20""";6555.56;Arma;PH-4359;10;https://images.tcdn.com.br/img/img_prod/620600/espingarda_eternal_combat_1_pump_action_shotgun_4359_1_530ec6cb20254f65293d4aaacadee2a7_20260526151017.png;"Espingarda Eternal Combat 1 Pump-Action - Calibre 12GA 20"" Espingarda com desempenho de ação deslizante, o cano de combate é feito de aço es"
Lanterna Tática Profissional Fenix TK26R Tática - 1500 Lúmens;1417.00;Acessório;PH-4365;48;https://images.tcdn.com.br/img/img_prod/620600/lanterna_fenix_tk26r_tactical_1500_lumens_4365_1_8ce5f349012072fd22ce0c0e658d5fb1_20260526150917.jpg;Lanterna Tática Profissional Fenix TK26R Tática - 1500 Lúmens A TK26R é uma lanterna policial multifuncional que oferece três cores de ilumi
Lanterna Fenix TK22UE - 1600 Lumens;1299.00;Acessório;PH-4367;28;https://images.tcdn.com.br/img/img_prod/620600/lanterna_fenix_tk22ue_1600_lumens_1_20260526150918_6d5340673230.jpg;Lanterna Tática TK22 Ultimate Edition - 1600 Lúmens A Fenix TK22 UE , parte da renomada série TK, mantém o padrão de resistência , confiabil
Coldre Velado para Canhoto Preto Confort Audaz - para Tanfoglio FT9 Carry;211.90;Acessório;PH-4391;3;https://images.tcdn.com.br/img/img_prod/620600/coldre_velado_clip_aco_preto_audaz_para_tanfoglio_ft9_carry_canhoto_4391_1_20260526151051.jpg;Coldre Velado para Canhoto Preto Confort Audaz - para Tanfoglio FT9 Carry - Coldre em couro de alta qualidade - Moldado exatamente no tamanh
Coldre Velado Clip aço Marrom Confort Audaz - para Tanfoglio FT9 Carry - Canhoto;211.90;Acessório;PH-4393;3;https://images.tcdn.com.br/img/img_prod/620600/coldre_velado_clip_aco_marrom_confort_audaz_para_tanfoglio_ft9_carry_canhoto_4393_1_20260526151051.jpg;Coldre Velado Clip aço Marrom Confort Audaz - para Tanfoglio FT9 Carry - Canhoto -Coldre em couro de alta qualidade -Moldado exatamente no t
Coldre Velado para Canhoto Marrom Confort Audaz - para Tanfoglio FT9 Full Size;211.90;Acessório;PH-4395;2;https://images.tcdn.com.br/img/img_prod/620600/coldre_velado_clip_aco_marrom_confort_audaz_para_tanfoglio_ft9_full_size_canhoto_4395_1_20260526151051.jpg;Coldre Velado para Canhoto Marrom Confort Audaz - para Tanfoglio FT9 Full Size - Coldre em couro de alta qualidade - Moldado exatamente no t
Coldre Velado para Canhoto Preto Confort Audaz - para Tanfoglio FT9 Full Size;211.90;Acessório;PH-4397;1;https://images.tcdn.com.br/img/img_prod/620600/coldre_velado_clip_aco_preto_confort_audaz_para_tanfoglio_ft9_full_size_canhoto_4397_1_eb5ebd20f73fd940c258a8c2307e48c6_20260526151051.jpg;Coldre Velado para Canhoto Preto Confort Audaz - para Tanfoglio FT9 Full Size - Coldre em couro de alta qualidade - Moldado exatamente no ta
Calibrador para Calibre 32;138.00;Acessório;PH-4401;1;https://images.tcdn.com.br/img/img_prod/620600/calibrador_32_4401_1_20260526151303.png;Calibrador para Calibre 32 CALIBRADOR PARA CARTUCHO DE METAL Calibrador para recuperar cartuchos de metal dilatados. Especificações Código r
Calibrador para Calibre 28;138.00;Acessório;PH-4403;1;https://images.tcdn.com.br/img/img_prod/620600/calibrador_28_4403_1_20260526151303.png;Calibrador para Calibre 28 CALIBRADOR PARA CARTUCHO DE METAL Calibrador para recuperar cartuchos de metal dilatados. Especificações Código r
"Revólver Taurus RT817/7 .38SPL 2"" Inox";9815.09;Arma;PH-4405;1;https://images.tcdn.com.br/img/img_prod/620600/revolver_taurus_rt817_7_38spl_2_inox_4405_1_20260526150811.jpg;Revólver Taurus RT 817 Calibre .38 SPL Inox Alto Brilho O Revólver Taurus RT 817 é um modelo compacto no calibre .38 SPL , com capacidade pa
Camiseta Manga Curta Camuflado Vegetação - Adulto;83.89;Acessório;PH-4409;2;https://images.tcdn.com.br/img/img_prod/620600/camiseta_manga_curta_camuflado_vegetacao_4409_1_20260526150635.jpeg;Camiseta Manga Curta Camuflado Vegetação - Adulto Tamanho G Tecido 100% Poliéster Proteção UV 50 Fabricante Rosset Observações : Imagens mer
Negaça Camuflada em Nylon (1,35m x 5,00m);277.70;Acessório;PH-4411;1;https://images.tcdn.com.br/img/img_prod/620600/negaa_camuflada_em_nylon_135m_x_400m_1_20260526151130_f8484e0209c3.jpg;A Negaça Camuflada em Nylon (1,35m x 5,00m) é uma ferramenta de ocultação indispensável para quem busca maestria e eficiência em atividades 
Camiseta Manga Curta Camuflado Cachorro - Infantil;43.68;Acessório;PH-4413;1;https://images.tcdn.com.br/img/img_prod/620600/camiseta_manga_curta_camuflado_cachorro_infantil_4413_1_20260526150635.jpeg;Camiseta Manga Curta Camuflado Cachorro - Infantil Tamanho M Tecido 100% Poliéster Proteção UV 50 Fabricante Rosset Observações : Imagens me
Negaça Camuflada de Nylon (1,35m x 4,00m);222.50;Acessório;PH-4415;1;https://images.tcdn.com.br/img/img_prod/620600/negaca_camuflada_de_nylon_1_35m_x_4_00m_4415_1_20260526151130.jpg;Negaça Camuflada em Nylon (1,35m x 4,00m) - Pro Hunters A Negaça Camuflada em Nylon é uma ferramenta de ocultação indispensável para quem bu
Moletom Pescaça C/ Capuz;249.76;Acessório;PH-4419;1;https://images.tcdn.com.br/img/img_prod/620600/moletom_pescaca_c_capuz_4419_1_20260526150637.jpeg;Observações : Imagens meramente ilustrativas.
Isolante Térmico;64.45;Acessório;PH-4421;2;https://images.tcdn.com.br/img/img_prod/620600/isolante_termico_4421_1_20260526151130.jpg;Rosset · Outros/Diversos
Cinturão Couro Expresso Calibre 36;92.00;Acessório;PH-4431;1;https://images.tcdn.com.br/img/img_prod/620600/cinturao_couro_expresso_calibre_36_4431_1_20260526150855.png;Rosset · Cintos
Cinturão em Couro Luxo;140.51;Acessório;PH-4433;1;https://images.tcdn.com.br/img/img_prod/620600/cinturao_em_couro_luxo_4433_1_20260526150854.jpg;Rosset · Cintos
Cinturão Couro Expresso Calibre 12;92.00;Acessório;PH-4435;1;https://images.tcdn.com.br/img/img_prod/620600/cinturao_couro_expresso_calibre_12_4435_1_20260526150855.png;Rosset · Cintos
"Cartucho CBC Cal 12GA Câmara 76,2mm Balote Knock Down M3"" Cx 10 Unidades";527.27;Munição;PH-4439;20;https://images.tcdn.com.br/img/img_prod/620600/cartucho_cbc_cal_12ga_cmara_762mm_balote_knock_dow_1_20260526151342_c5772a5aeb26.jpg;"Cartucho CBC Calibre 12GA Câmara 76,2mm M3"" Balote Knock Down Estes cartuchos superam os convencionais em quantidade de chumbo e, portanto, "
Cartucho CBC Cal 12GA Câmara 70mm Balote Knock Down Sabot Cx 10 Unidades;276.20;Munição;PH-4441;150;https://images.tcdn.com.br/img/img_prod/620600/cartucho_cbc_cal_12ga_cmara_70mm_balote_knock_down_1_20260526151342_c3bb261b9bbf.jpg;Cartucho CBC Calibre 12GA Câmara 70mm Balote Knock Down Sabot O Cartucho CBC calibre 12 modelo 12/70 Knock Down Sabot é a escolha ideal para
Cartucho CBC Cal 12GA Câmara 70mm Chumbo SG1 + SG Cx 25 Unidades;383.89;Munição;PH-4445;100;https://images.tcdn.com.br/img/img_prod/620600/cartucho_cbc_cal_12ga_cmara_70mm_chumbo_sg1_sg_cx_1_20260526151343_504c23a3d31c.jpg;Cartucho CBC Calibre 12GA Câmara 70mm Chumbo SG1 + SG O Cartucho CBC Calibre 12 Knock Plus SG1 (CH SG) é referência para quem busca máxima p
Cartucho CBC Cal 12GA Câmara 76mm Knock Velox Chumbo SG M3 Cx 25 Unidades;358.97;Munição;PH-4447;250;https://images.tcdn.com.br/img/img_prod/620600/cartucho_cbc_cal_12ga_cmara_76mm_knock_velox_chumb_1_20260526151343_8bbb6b30af31.jpg;PRODUTO CONTROLADO PELO EXÉRCITO Este item requer autorização prévia para a realização da compra. Caso não possua a autorização, a compra se
Cartucho CBC Cal 20GA Câmara 70mm Balote Knock Down Cx 10 Unidades;269.54;Munição;PH-4449;200;https://images.tcdn.com.br/img/img_prod/620600/cartucho_cbc_cal_20ga_cmara_70mm_balote_knock_down_1_20260526151343_1744468d9a9f.jpg;Cartucho CBC Calibre 20GA Câmara 70mm Balote Knock Down A Munição CBC Calibre 20 Câmara 70 mm Knock Velox Knock Down é um cartucho de esping
Cartucho CBC Cal 20GA Câmara 70mm Chumbo SSG Cx 25 Unidades;279.80;Munição;PH-4453;125;https://images.tcdn.com.br/img/img_prod/620600/cartucho_cbc_cal_20ga_cmara_70mm_chumbo_ssg_cx_25_1_20260526151343_9cf1d1845175.jpg;Cartucho CBC Calibre 20GA Câmara 70mm Chumbo SSG Munição CBC calibre 20 Chumbo SSG Antes de finalizar sua compra confirme a disponibilidade 
Cartucho CBC Knock Plus Cal 20GA Câmara 70mm Chumbo SG1 + SSG Cx 25 Unidades;226.59;Munição;PH-4455;10;https://images.tcdn.com.br/img/img_prod/620600/cartucho_cbc_knock_plus_cal_20ga_cmara_70mm_chumbo_1_20260526151343_bef0e6c486ec.jpg;Cartucho CBC Knock Plus Calibre 20GA Câmara 70mm Chumbo SG1 + SSG Cx 25un Cartucho carregado com bagos múltiplos de chumbo, fabricado com ma
Cartucho CBC Cal 20GA Câmara 70mm Knock Velox Chumbo SG1 Cx 25 Unidades;297.36;Munição;PH-4457;100;https://images.tcdn.com.br/img/img_prod/620600/cartucho_cbc_cal_20ga_cmara_70mm_knock_velox_chumb_1_20260526151343_a2f5bad37668.jpg;Cartucho CBC Calibre 20GA Câmara 70mm Knock Velox Chumbo SG1 Munição CBC calibre 20 Knock Velox SG1 Velocidade (m/s) Boca Energia na Boca (j
Cartucho CBC Cal 36GA Câmara 63,5mm Knock Slug Balote Cx 10 Unidades;101.49;Munição;PH-4463;100;https://images.tcdn.com.br/img/img_prod/620600/cartucho_cbc_cal_36ga_cmara_635mm_knock_slug_balot_1_20260526151343_884bd7041198.jpg;Cartucho CBC Calibre 36GA Câmara 63,5mm KNOCK SLUG BALOTE Munição CBC calibre 36 Knock Slug Balote Antes de finalizar sua compra confirme a 
"Cartucho CBC Cal 36GA Câmara 76,2mm M3"" Chumbo T Cx 10 unidades";105.75;Munição;PH-4469;1;https://images.tcdn.com.br/img/img_prod/620600/cartucho_cbc_cal_36ga_cmara_762mm_m3_chumbo_t_1_20260723135822_0bc73f754701.png;PRODUTO CONTROLADO PELO EXÉRCITO Este item requer autorização prévia para a realização da compra. Caso não possua a autorização, a compra se
Cartucho CBC Cal 12GA Câmara 70mm Chumbo 3 Cx 25 Unidades;308.60;Munição;PH-4471;150;https://images.tcdn.com.br/img/img_prod/620600/cartucho_cbc_cal_12ga_cmara_70mm_chumbo_3_cx_25_un_1_20260526151344_3f0a03cce792.jpg;Cartucho CBC Cal 12GA Câmara 70mm Chumbo 3 O Cartucho CBC Calibre 12/70 CH-3 é uma munição de alto desempenho, desenvolvida para atender às 
Cartucho CBC Cal 12GA Câmara 70mm Chumbo 5 Cx 25 Unidades;308.60;Munição;PH-4473;75;https://images.tcdn.com.br/img/img_prod/620600/cartucho_cbc_cal_12ga_cmara_70mm_chumbo_5_cx_25_un_1_20260526151344_55c342ed7423.jpg;Cartucho CBC Cal 12GA Câmara 70mm Chumbo 5 A Munição CBC Calibre 12 CH 5 é a escolha ideal para quem busca desempenho, regularidade e segura
Cartucho CBC Cal 12GA Câmara 70mm K. Steel - Balote + Aço Cx 25 Unidades;458.56;Munição;PH-4475;450;https://images.tcdn.com.br/img/img_prod/620600/cartucho_cbc_cal_12ga_cmara_70mm_k_steel_balote_1_20260526151345_942a2cb4af00.jpg;Cartucho CBC Calibre 12GA Câmara 70mm K. Steel - Balote + Aço Munição CBC calibre 12 Knock Steel - Balote + Aço Velocidade (m/s) Boca Energi
Cartucho CBC Cal 36GA Câmara 63,5mm Chumbo SG4 Cx 10 Unidades;96.25;Munição;PH-4477;80;https://images.tcdn.com.br/img/img_prod/620600/cartucho_cbc_cal_36ga_cmara_635mm_chumbo_sg4_cx_10_1_20260526151345_7740024c7da6.jpg;Cartucho CBC Calibre 36GA Câmara 63,5mm Chumbo SG4 Munição CBC calibre 36 Chumbo SG4 Velocidade (m/s) Boca Energia na Boca (joules) Provete 
Munição CBC 9mm LUGER EXPO +P Bonded 147gr Blister 10 Unidades;198.22;Munição;PH-4489;1;https://images.tcdn.com.br/img/img_prod/620600/munio_cbc_9mm_luger_expo_p_bonded_147gr_blister_10_1_20260526151329_67b29cdc027a.jpg;Munição CBC Calibre 9mm LUGER +P EXPO Bonded - Blister Munição CBC calibre 9mm Luger +P Ponta Oca 147 grains Antes de finalizar sua compra c
Munição CBC Cal 9mm LUGER EOOG NTA 124gr Cx 50 unidades;279.50;Munição;PH-4491;1;https://images.tcdn.com.br/img/img_prod/620600/munio_cbc_cal_9mm_luger_eoog_nta_124gr_cx_50_unida_1_20260526151329_a0c01f913c74.jpg;Munição 9mm Luger CBC NTA 124gr - Ideal para Treino e Competição Se você busca comprar munição 9mm de alta tecnologia e performance, a Muniç
Munição CBC Cal 9mm LUGER ETOG - Blister 124gr;79.81;Munição;PH-4493;74;https://images.tcdn.com.br/img/img_prod/620600/munio_cbc_cal_9mm_luger_etog_blister_124gr_1_20260526151329_8157c073a7d2.jpg;Munição CBC Calibre 9mm LUGER ETOG - Blister Munição CBC calibre 9mm Luger Encamisado Total Ogival 124 grains Antes de finalizar sua compra 
Munição CBC Cal .45 Auto Ogival ETOG 230gr Blister 10 Unidades;129.80;Munição;PH-4499;3;https://images.tcdn.com.br/img/img_prod/620600/munio_cbc_cal_45_auto_ogival_etog_blister_230gr_1_20260526151330_b1cd2e076e7d.jpg;Munição CBC Calibre .45 Auto ETOG Munição CBC calibre .45 Auto Encamisado Total Ogival 230 grains Antes de finalizar sua compra confirme a d
Munição CBC Cal .357 Mag Ponta Oca Expo 158gr Blister 10 Unidades;158.40;Munição;PH-4503;15;https://images.tcdn.com.br/img/img_prod/620600/munio_cbc_cal_357_mag_ponta_oca_expo_158gr_blist_1_20260526151330_e78965cc8350.jpg;Munição CBC Calibre .357 Mag Expo 158gr Munição CBC calibre 357 Magnum Expansivo Ponta Oca 158 grains Antes de finalizar sua compra confirme
Munição CBC Calibre .22LR CHOG Subsonic Precision 40gr Cx 50 Unidades;88.40;Munição;PH-4517;10;https://images.tcdn.com.br/img/img_prod/620600/munio_cbc_calibre_22lr_chog_subsonic_precision_40g_1_20260526151331_5b16220e62a9.jpg;Munição CBC Calibre .22LR CHOG 40gr Subsonic Precision A munição .22 é utilizada para a prática da caça de pequenos animais , em competições
Cartucho CBC Cal 12GA Câmara 70mm Chumbo 3T Cx 25 unidades;335.50;Munição;PH-4519;9;https://images.tcdn.com.br/img/img_prod/620600/cartucho_cbc_cal_12ga_cmara_70mm_chumbo_3t_1_20260526151345_20f4083ddb07.jpg;Cartucho CBC Cal 12GA Câmara 70mm Chumbo 3T O Cartucho CBC Calibre 12/70 Super Velox CH-3T é uma munição de alto desempenho, desenvolvida pa
Cartucho Knock S. Plus CBC Cal 12GA Câmara 70mm Balote + SG Cx 25 Unidades;458.56;Munição;PH-4523;100;https://images.tcdn.com.br/img/img_prod/620600/cartucho_knock_s_plus_cbc_cal_12ga_cmara_70mm_balo_1_20260526151345_6a1ffbf6727c.jpg;Cartucho Knock S. Plus CBC Calibre 12GA Câmara 70mm Balote + SG Munição CBC Calibre 12 Balote + 3 Esferas SG Antes de finalizar sua compra c
Cartucho CBC Cal 12GA Câmara 70mm Balote Knock Hex Cx 10 Unidades;452.80;Munição;PH-4525;6;https://images.tcdn.com.br/img/img_prod/620600/cartucho_cbc_cal_12ga_cmara_70mm_balote_knock_hex_1_20260526151346_6958ee3f2d82.jpg;Cartucho CBC Calibre 12GA Câmara 70mm Balote Knock Hex 10 unidades Munição CBC Calibre 12 Balote Knock Hex Antes de finalizar sua compra con
Lanterna para Caça Fenix HT18 - 1500 Lúmens;1537.00;Acessório;PH-4527;2;https://images.tcdn.com.br/img/img_prod/620600/lanterna_fenix_ht18_1500_lumens_4527_1_d33e48faff164a1c9efd477d0d0be1b7_20260526150959.jpg;Lanterna para Caça Fenix HT18 - 1500 Lúmens A Fenix HT18 é uma lanterna especialmente projetada para caça , atendendo tanto profissionais qu
Lanterna para Busca e Resgate Fenix LR35R - 10.000 Lúmens;2552.00;Acessório;PH-4531;7;https://images.tcdn.com.br/img/img_prod/620600/lanterna_fenix_lr35r_10000_lumens_4531_1_1413a360df0baee4e080ec8bb7e836e1_20260526150959.jpg;Lanterna para Busca e Resgate Fenix LR35R - 10000 Lúmens A Fenix LR35R é uma lanterna excepcionalmente brilhante, oferecendo uma potência má
Lanterna Fenix E20 V2.0 - 350 Lúmens;466.00;Acessório;PH-4533;17;https://images.tcdn.com.br/img/img_prod/620600/lanterna_fenix_e20_v2_0_350_lumens_4533_1_ab4a281455b56605d29e6fe34bfb230f_20260526150928.jpg;Lanterna Fenix E20 V2.0 - 350 Lúmens A Fenix E20 V2.0 é uma lanterna portátil EDC. Consegue a seleção de saída com uma mão através do interr
Lanterna Tática Profissional Fenix TK30 - 500 Lúmens;3198.00;Acessório;PH-4535;26;https://images.tcdn.com.br/img/img_prod/620600/lanterna_fenix_tk30_500_lumens_4535_1_015ac41b9d6bc279ca81a952c444b597_20260526150918.jpg;Lanterna Tática Profissional Fenix TK30 - 500 Lúmens A Lanterna TK30 é uma poderosa ferramenta tática que combina um laser branco de alta in
Lanterna EDC Fenix E03R - 260 Lúmens;300.00;Acessório;PH-4537;57;https://images.tcdn.com.br/img/img_prod/620600/lanterna_fenix_e03r_260_lumens_4537_1_753423c0d010f0ba764f9408b9068a0c_20260526150928.jpg;Lanterna EDC Fenix E03R - 260 Lúmens A Fenix E03R é uma lanterna de chaveiro de metal com um corpo incrivelmente pequeno de apenas 22 gramas
Lanterna para Bike Fenix BC30 V2.0 - 2200 Lúmens;1064.00;Acessório;PH-4539;3;https://images.tcdn.com.br/img/img_prod/620600/lanterna_para_bike_fenix_bc30_v2_0_2200_lumens_4539_1_0cf7555b41d17ca0088cc1414f20239b_20260526150945.jpg;Lanterna para Bike Fenix BC30 V2.0 - 2200 Lúmens A Fenix BC30 V2.0 é uma poderosa e versátil lanterna de bicicleta profissional, ideal para 
Lanterna para Cabeça Fenix HM61R - 1200 Lúmens;1009.00;Acessório;PH-4541;6;https://images.tcdn.com.br/img/img_prod/620600/lanterna_de_cabeca_fenix_hm61r_1200_lumens_4541_1_5c15e4513717ec687552176afc993d39_20260526150938.jpg;Lanterna para Cabeça Fenix HM61R - 1200 Lúmens A HM61R é uma lanterna multifuncional excelente! Além do alto desempenho como lanterna de cab
Cartucho CBC Cal 28GA Câmara 70mm Velox Chumbo 3 Cx 25 Unidades;215.76;Munição;PH-4549;100;https://images.tcdn.com.br/img/img_prod/620600/cartucho_cbc_cal_28ga_cmara_70mm_chumbo_3_1_20260526151346_0c1c9dc45397.jpg;Cartucho CBC Calibre 28GA Câmara 70mm Chumbo 3 Munição CBC calibre 28 Chumbo 3 Velocidade (m/s) Boca Energia na Boca (joules) Provete (cm) 3
Cartucho CBC Cal 36GA Câmara 63,5mm Chumbo 5 Cx 10 Unidades;91.25;Munição;PH-4551;70;https://images.tcdn.com.br/img/img_prod/620600/cartucho_cbc_cal_36ga_cmara_635mm_chumbo_5_cx_10_u_1_20260526151346_5dd3240347c7.jpg;Cartucho CBC Calibre 36GA Câmara 63.5mm Chumbo 5 10 un Munição CBC calibre 36 Chumbo 5 Velocidade (m/s) Boca Energia na Boca (joules) Provet
Munição CCI .22LR Standart Velocity 40Gr LRN HS Cx 50 Unidades;116.59;Munição;PH-4569;1000;https://images.tcdn.com.br/img/img_prod/620600/munio_cci_cal_22_lr_standard_velocity_target_ogiva_3_20260526151332_e478ba215b4d.jpg;PRODUTO CONTROLADO PELO EXÉRCITO Este item requer autorização prévia para a realização da compra. Caso não possua a autorização, a compra se
Espoleta Federal Champion Shotshell NO.209;144.00;Acessório;PH-4573;0;https://images.tcdn.com.br/img/img_prod/620600/espoleta_federal_champion_shotshell_no_209_4573_2_20260526151314.jpg;Espoleta Federal Champion Shotshell NO.209 Espoleta Federal Champion ShotShell Numero 209 Fabricante Federal Calibre Cartuchos de caça plást
Espoleta Fiocchi 1 1/2 SMALL PISTOL - Cx 150;210.14;Acessório;PH-4575;1;https://images.tcdn.com.br/img/img_prod/620600/espoleta_fiocchi_112_small_pistol_cx_150_1_20260526151314_0fccdca48b2c.jpg;PRODUTO CONTROLADO PELO EXÉRCITO Este item requer autorização prévia para a realização da compra. Caso não possua a autorização, a compra se
"Pistola Springfield XD-E Single Stack - Cal 9mm 4,5""";12280.00;Arma;PH-4579;9;https://images.tcdn.com.br/img/img_prod/620600/pistola_springfield_xd_e_4_5_single_stack_calibre_9mm_4579_1_1dbe6f05bb9bbc7e062e046b802ea314_20260526150750.jpg;"Pistola Springfield XD-E Single Stack - Calibre 9mm 4,5"" A pistola 9mm Springfield XD-E 4.5"" é a escolha ideal para quem busca uma arma conf"
"Pistola Springfield XD-M - Cal 9mm 3,8""";12667.00;Arma;PH-4581;3;https://images.tcdn.com.br/img/img_prod/620600/pistola_springfield_xd_m_3_8_calibre_9mm_4581_1_8deb7f2f492d8c010825a0a31c99558f_20260526150751.jpg;"Pistola Springfield XD-M - Calibre 9mm 3,8"" A Springfield Armory é referência mundial quando o assunto é qualidade, segurança e desempenho. "
"Pistola Springfield XD-M Elite OSP Threaded - Cal 9mm 4,5""";14000.00;Arma;PH-4587;1;https://images.tcdn.com.br/img/img_prod/620600/pistola_springfield_xd_m_elite_osp_threaded_cal_1_20260526150753_07d487389237.jpg;"Pistola Springfield XD-M Elite OSP Threaded - Calibre 9mm 4,5"" A XD-M Elite é a linha de pistolas OSP (Optical Sight Prepared), desenvolvida"
"Pistola Springfield XD-S Mod.2 Single Stack - Cal .45 ACP 3,3""";12860.00;Arma;PH-4591;7;https://images.tcdn.com.br/img/img_prod/620600/pistola_springfield_xd_s_mod2_single_stack_cal_4_1_20260526150755_b10589c532a4.jpg;"Pistola Springfield XD-S Mod.2 Single Stack - Calibre .45 ACP 3,3"" A Springfield Armory XD-S Mod.2 é a definição de poder e discrição em uma"
Luneta Continental 1-6x24 SFP - Vector Optics;5994.00;Óptica;PH-4593;37;https://images.tcdn.com.br/img/img_prod/620600/luneta_continental_1_6x24_sfp_vector_optics_1_20260526151136_bb13cca39c31.jpg;Luneta Vector Optics Continental 1-6x24 G4 SFP (SCOC-23) – A Elite da Óptica Sistema Óptico Alemão, Transmissão de Luz >90% e Chassi em Alum
Luneta Vector Optics Continental 1.5-9x42mm SFP SCOM-23;6858.00;Óptica;PH-4595;39;https://images.tcdn.com.br/img/img_prod/620600/luneta_continental_15_9x42_sfp_vector_optics_1_20260526151134_a2be2bf35702.jpg;Luneta Vector Optics Continental 1.5-9x42mm SFP (SCOM-23) Óptica Premium: Vidro German Schott HT, 90% de Transmissão de Luz e Sistema Zero S
Luneta Continental 5-30x56 Tactical Segundo Plano Focal - Vector Optics VEC-SCOL-22T;6225.00;Óptica;PH-4599;4;https://images.tcdn.com.br/img/img_prod/620600/luneta_continental_5_30x56_sfp_tactical_vector_o_1_20260526151135_7a63764e7561.jpg;Luneta Vector Optics Continental 5-30x56mm SFP Tactical (VEC-SCOL-22T) Linha de Elite Continental: Monotubo de 30mm, Sistema Alemão LaREE, R
Luneta Forester 1-5x24SFP GenII Riflescope - Vector Optics VEC-SCOC-03II;2584.00;Óptica;PH-4603;44;https://images.tcdn.com.br/img/img_prod/620600/luneta_forester_1_5x24sfp_genii_riflescope_vector_1_20260526151137_e528b5beadcf.jpg;Luneta Vector Optics Forester 1-5x24 GenII SFP (SCOC-03II) Evolução LPVO: Zoom Verdadeiro 1x, Turret Lock e Imagem Edge-to-Edge A Forester G
Luneta Vector Optics  Forester 2-10x40mm SFP SCOM-02;2855.00;Óptica;PH-4605;14;https://images.tcdn.com.br/img/img_prod/620600/luneta_forester_2_10x40_sfp_riflescope_vector_op_1_20260526151137_67d9aa738229.jpg;Luneta Vector Optics Forester 2-10x40mm SFP (SCOM-02) Consciência Situacional Elevada: Tubo de 30mm, Retículo VFD-2 Iluminado, Ajuste Zero S
Luneta Vector Optics Forester 3-15x50mm SFP SCOM-16;3318.00;Óptica;PH-4607;12;https://images.tcdn.com.br/img/img_prod/620600/luneta_forester_3_15x50_sfp_riflescope_vector_op_1_20260526151138_127279a60148.jpg;Luneta Vector Optics Forester 3-15x50mm SFP (SCOM-16) Claridade e Retorno a Zero: Tubo de 30mm, Objetiva de 50mm, Sistema Zero Stop e Retícu
Luneta Vector Optics Matiz 6-18x44mm SFP SCOL-28;2313.00;Óptica;PH-4617;44;https://images.tcdn.com.br/img/img_prod/620600/luneta_matiz_6_18x44sfp_riflescope_vector_optics_1_20260526151140_15a08fb6fecc.jpg;Luneta Vector Optics Matiz 6-18x44mm SFP SCOL-28 Retículo VOW-10BDC ​​para aquisição rápida de alvos e estimativa de distância, recomendado 
Luneta Vector Optics Hugo, 6-24x50mm SFP SCOL-31;2013.00;Óptica;PH-4621;10;https://images.tcdn.com.br/img/img_prod/620600/luneta_hugo_6_24x50sfp_riflescope_vector_optics_1_20260526151141_6c4de821a129.jpg;"Luneta Vector Optics Hugo 6-24x50mm SFP (SCOL-31) Alcance e Proteção: Tubo de 1"", Retículo VOW-10BDC, Foco Lateral e Torres com Sistema Turr"
Carregador Tanfoglio Witness P1911 Cal 9mm - 10 Tiros;907.00;Acessório;PH-4623;2;https://images.tcdn.com.br/img/img_prod/620600/carregador_para_tanfoglio_witness_p_1911_calibre_9mm_4623_1_eec21c7075ca8e5c775bc8b79cdc37e1_20260526150710.png;Para realizar a compra, é necessário entrar em contato através do telefone (047) 3041-4049 ou WhatsApp (47) 99119-0416 . Carregador Tanfogli
Carregador Espingarda Eternal Attacker FX-3 - Calibre 12GA;1088.89;Acessório;PH-4625;36;https://images.tcdn.com.br/img/img_prod/620600/carregador_espingarda_eternal_attacker_fx_3_calibre_12_4625_1_20260526150710.png;Para realizar a compra, é necessário entrar em contato através do telefone (047) 3041-4049 ou WhatsApp (47) 99119-0416 . Carregador Espingar
Red Dot Maverick 1x22 GenII - Vector Optics;1060.00;Óptica;PH-4629;107;https://images.tcdn.com.br/img/img_prod/620600/red_dot_maverick_1x22_genii_vector_optics_1_20260526151202_5b2423cf290e.jpg;Mira Red Dot Vector Optics Maverick 1x22 GenII (SCRD-12II) Segunda Geração: Mais de 100 MOA de Ajuste, Engate Rápido QD e Troca de Bateria L
Red Dot Maverick 1x22 Rubber Cover SCRD-38 Vector Optics;1407.00;Óptica;PH-4631;56;https://images.tcdn.com.br/img/img_prod/620600/red_dot_maverick_1x22_rubber_cover_vector_optics_1_20260526151201_9384b27419da.jpg;Mira Red Dot Vector Optics Maverick 1x22 Rubber Cover (SCRD-38) Blindagem Emborrachada Militar, Montagem QD de Engate Rápido e Design Co-Wit
Red Dot Maverick 1x22 Dark Earth Rubber Cover SCRD-42 Vector Optics;1319.00;Óptica;PH-4633;51;https://images.tcdn.com.br/img/img_prod/620600/red_dot_maverick_1x22_dark_earth_rubber_cover_ve_1_20260526151201_2559fabfe3c6.jpg;Mira Red Dot Vector Optics Maverick 1x22 Dark Earth Rubber Cover (SCRD-42) Blindagem em Borracha Dark Earth, Sistema de Troca de Bateria Lat
Red Dot Condor 2x42 - Vector Optics SCRD-03;1227.00;Óptica;PH-4635;29;https://images.tcdn.com.br/img/img_prod/620600/red_dot_condor_2x42_vector_optics_scrd_03_1_20260526151204_5f9ecf0eebf9.jpg;Mira Red/Green Dot Vector Optics Condor 2x42 SCRD-03 Ampliação de 2x, Objetiva de 42mm e Retículo Iluminado Dual Red/Green O Red/Green Dot V
Lanterna de trilho Doublecross Compact com Mira Laser - Vector Optics;876.00;Acessório;PH-4643;12;https://images.tcdn.com.br/img/img_prod/620600/doublecross_compact_red_laser_vector_optics_4643_1_20260526151322.jpg;Lanterna de Trilho Doublecross Compact com Mira Laser - Vector Optics Uma combinação de mira laser e lanterna, toda de metal, adapta para tr
"Espingarda Eternal Attacker FX-3 Camo - Cal 12GA 24""";31500.00;Arma;PH-4647;5;https://images.tcdn.com.br/img/img_prod/620600/espingarda_eternal_attacker_fx_3_camo_calibre_12_4647_1_ede48311adead77b1b6c80f20b395f6d_20260526150722.png;"Espingarda Eternal Attacker FX-3 Camo - Calibre 12GA 24"" Espingarda semiautomática calibre 12 na plataforma estilo AR15. Reúne potência, con"
Colimador Para Calibre 300 Win. Mag. - Vector Optics;183.00;Acessório;PH-4649;25;https://images.tcdn.com.br/img/img_prod/620600/colimador_para_calibre_300_win_mag_4649_1_20260526151239.jpg;Colimador Para Calibre 300 Win. Mag. - Modelo SCBCR-08 - Vector Optics Para que serve? Ao projetar um feixe de laser do centro do eixo do ca
Red Dot Victoptics 1x18 RDSL01 Vector Optics;446.00;Óptica;PH-4655;52;https://images.tcdn.com.br/img/img_prod/620600/red_dot_vector_optics_victoptics_1x18_4655_1_20260526151203.jpg;Mira Red Dot Victoptics 1x18 IMP (RDSL01) Apenas 57 Gramas, Chassi Slim 6061-T6 e Sistema com Trava de Zeragem (Lock System) O Red Dot Victo
Red Dot Victoptics 1x28 - Vector Optics RDSL08;484.00;Óptica;PH-4657;4;https://images.tcdn.com.br/img/img_prod/620600/victoptics_1x28_shotgun_fiber_sight_4657_1_20260526151132.jpg;Mira Victoptics Fibra Óptica para espingarda 1x28 - Vector Optics Fibra vermelha, sem bateria, sensor de luz automático, apenas para espinga
Binóculo Victoptics 8x42 - Vector Optics;804.20;Acessório;PH-4659;1;https://images.tcdn.com.br/img/img_prod/620600/vector_optics_victoptics_8x42_binocular_4659_1_20260526151319.jpg;Binóculos Victoptics 8x42 Vector Optics O binóculo 8x42 da Victoptics. Este binóculo possui prisma de telhado, estrutura óptica de 4 grupos 
Binóculo Victoptics  10x42 - Vector Optics;768.00;Acessório;PH-4661;21;https://images.tcdn.com.br/img/img_prod/620600/vector_optics_victoptics_10x42_binocular_4661_1_20260526151319.jpg;Binóculos V ictoptics 10x42 - Vector Optics Binóculo Victoptics é um equipamento compacto e leve, com um ótimo alto alcance e qualidade, pod
"Trilho para acoplar Luneta/RedDot Vector Optics SCRAAM-53P 4""";86.00;Acessório;PH-4673;48;https://images.tcdn.com.br/img/img_prod/620600/vector_optics_mlok_4_inch_handguard_spare_rail_4673_2_20260526151242.jpg;"T rilho para acoplar Luneta/RedDot Vector Optics SCRAAM-53P 4"" O Trilho Picatinny MLOK de 4 polegadas da Vector Optics é o acessório definit"
Trilho para acoplar Luneta/RedDot Vector Optics;47.00;Acessório;PH-4679;7;https://images.tcdn.com.br/img/img_prod/620600/trilho_picatinny_2_para_keymod_vector_optics_1_20260526151242_b28b52f30fdd.jpg;"Trilho para acoplar Luneta/RedDot Vector Optics O Trilho Picatinny 2"" da Vector Optics é a solução ideal para atiradores que buscam expandir"
"Trilho Picatinny 4"" KEYMOD | Vector Optics";58.00;Acessório;PH-4681;2;https://images.tcdn.com.br/img/img_prod/620600/trilho_picatinny_4_keymod_vector_optics_1_20260526151242_cd1ca8dbaada.jpg;"Trilho Picatinny 4"" KEYMOD - Vector Optics O Trilho Picatinny KeyMod da Vector Optics é o acessório essencial para quem procura versatilidad"
"Trilho Picatinny 5"" KEYMOD - Vector Optics";79.00;Acessório;PH-4683;50;https://images.tcdn.com.br/img/img_prod/620600/vector_optics_keymod_5_inch_picatinny_rail_section_4683_3_20260526151243.jpg;"Trilho Picatinny 5"" KEYMOD - Vector Optics O Trilho Picatinny KeyMod de 5 polegadas da Vector Optics é a solução ideal para atiradores que n"
Kit de Parafusos para Fixação de Acessórios Modelo KEYMOD - Vector Optics;41.40;Acessório;PH-4685;2;https://images.tcdn.com.br/img/img_prod/620600/vector_optics_keymod_rail_section_screws_4685_1_20260526151117.jpg;Kit de Parafusos para Fixação de Acessórios Modelo KEYMOD - Vector Optics Parafusos e porcas para trilho KeyMod feito de aço, com 10 conjunt
Capa protetora para trilho - Vector Optics;97.60;Acessório;PH-4689;1;https://images.tcdn.com.br/img/img_prod/620600/vector_optics_nylon_polymer_rail_cover_4689_1_20260526151226.jpg;Capa protetora para trilho - Vector Optics Material de polímero, exclusivo para a HandGuard KeyMod, f ácil de usar, 3 peças em um pacote, so
Handguard Handstop Grip Keymod - Vector Optics;112.40;Acessório;PH-4693;2;https://images.tcdn.com.br/img/img_prod/620600/vector_optics_keymod_handguard_rail_hand_stop_grip_4693_1_20260526151117.jpg;Handguard Handstop Grip Keymod - Vector Optics Material de polímero, exclusivo para a HandGuard KeyMod, f ácil de usar, design antiderrapant
Base de Montagem para RedDot Pistola GLOCK - Vector Optics;363.70;Acessório;PH-4695;3;https://images.tcdn.com.br/img/img_prod/620600/vector_optics_sphinx_red_dot_pistol_mount_base_for_glock_4695_1_20260526151212.jpg;Base de Montagem para Red Dot pistola GLOCK - Vector Optics Montagem para Pistola G17 - Base para Red Dot VictOptics SCRDM-01 ! Desenvolvida
Base de Montagem para RedDot Pistola M1911 - Vector Optics;363.70;Acessório;PH-4697;1;https://images.tcdn.com.br/img/img_prod/620600/vector_optics_sphinx_red_dot_pistol_mount_base_for_m1911_4697_1_20260526151213.jpg;Base de Montagem para Red Dot Pistola M1911 Base de Montagem para Pistola M1911 - Sphinx Red Dot - SCRDM-02 ! Esta base de montagem para pis
Base de montagem para RedDot Pistola Sig Sauer P226 - Vector Optics;363.70;Acessório;PH-4699;1;https://images.tcdn.com.br/img/img_prod/620600/vector_optics_sphinx_red_dot_pistol_mount_base_for_sig_sauer_p226_4699_1_20260526151213.jpg;Base de montagem para Red Dot pistola Sig Sauer P226 Base de Montagem Sphinx para Pistola Sig Sauer P226 - SCRDM-03 ! Ideal para pistolas Si
Base de Montagem para Red Dot Pistola Springfield XD - Vector Optics;312.30;Acessório;PH-4703;13;https://images.tcdn.com.br/img/img_prod/620600/vector_optics_sphinx_red_dot_pistol_mount_base_for_springfield_xd_4703_1_20260526151213.jpg;Base de Montagem para Red Dot pistola Springfield XD Base de Montagem Sphinx para Pistola Springfield XD - SCRDM-05 ! Esta base de montagem 
Trilho Tático 45° Offset Weaver - Vector Optics;78.00;Acessório;PH-4709;57;https://images.tcdn.com.br/img/img_prod/620600/vector_optics_tactical_45_offset_weaver_rail_mount_4709_1_20260526151243.jpg;Trilho Tático 45° Offset Weaver - Vector Optics O Trilho Tático 45° Offset da Vector Optics é o acessório indispensável para atiradores que 
Trilho de Aço Picatinny Short 20MOA Vector Optics;574.00;Acessório;PH-4713;140;https://images.tcdn.com.br/img/img_prod/620600/vector_optics_remington_700_short_20moa_steel_picatinny_rail_4713_1_20260526151243.jpg;Trilho de Aço Picatinny Short 20MOA - Vector Optics *AVISO: Este produto NÃO é compatível com o modelo CBC Ranger. O Trilho de Aço Picatinny
Trilho Picatinny de Aço  - Vector Optics;465.00;Acessório;PH-4715;31;https://images.tcdn.com.br/img/img_prod/620600/vector_optics_remington_700_steel_picatinny_mount_4715_1_20260526151243.jpg;Trilho Picatinny de Aço - Vector Optics SCRA-69 O Trilho Picatinny de Aço da Vector Optics é a base de montagem definitiva para quem exige a
Suporte de Aço com Trilho Zielfernrohr Karabiner 98K K98 - Vector Optics;1605.40;Acessório;PH-4717;3;https://images.tcdn.com.br/img/img_prod/620600/suporte_de_aco_com_trilho_zielfernrohr_karabiner_98k_k98_vector_optics_4717_1_3dd2249dc9c453db9b46b42d3eec7c73_20260526151226.jpg;Suporte de Aço com Trilho Zielfernrohr Karabiner 98K K98 Vector Optics Suportes de trilho de torre de reprodução perfeita para alemão ZIELFE
"Suporte para Luneta de Aço 1"" / 25,4mm Perfil Médio - Vector Optics";307.00;Acessório;PH-4723;38;https://images.tcdn.com.br/img/img_prod/620600/vector_optics_mount_25_4mm_1_steel_medium_profile_4723_1_20260526151227.jpg;"Suporte para Luneta de Aço 1"" / 25,4mm Perfil Médio - Vector Optics Mount de 25,4 mm de diâmetro (1""), materiais de aço, perfil médio, siste"
"Suporte para Luneta de Aço 1""/25,4mm Perfil Alto - Vector Optics";323.00;Acessório;PH-4725;42;https://images.tcdn.com.br/img/img_prod/620600/vector_optics_mount_25_4mm_1_steel_high_profile_4725_1_20260526151227.jpg;"Suporte para Luneta de Aço 1""/25,4mm Perfil Alto - Vector Optics Mount de 25,4 mm de diâmetro (1""), materiais de aço, perfil alto, sistema d"
Suporte de Anel de Aço 30mm para Luneta Perfil Médio - Vector Optics;323.00;Acessório;PH-4729;30;https://images.tcdn.com.br/img/img_prod/620600/vector_optics_mount_30mm_steel_middle_profile_4729_1_20260526151227.jpg;Anel de Aço 30mm para Luneta Perfil Médio - Vector Optics Mount de 30 mm de diâmetro, materiais de aço, perfil médio, sistema de quick relea
Suporte para Luneta de Aço 30mm Perfil Alto - Vector Optics;443.00;Acessório;PH-4731;43;https://images.tcdn.com.br/img/img_prod/620600/vector_optics_mount_30mm_steel_high_profile_4731_1_20260526151227.jpg;Suporte para Luneta de Aço 30mm Perfil Alto - Vector Optics Mount de 30mm de diâmetro, materiais de aço, perfil alto, sistema de quick relea
Aneis com trilho integrado para acoplar lunetas, 30/25.4mm Vector Optics;120.00;Acessório;PH-4733;17;https://images.tcdn.com.br/img/img_prod/620600/vector_optics_30mm_acd_mount_with_picatinny_rail_4733_1_20260526151228.jpg;Aneis com trilho integrado para acoplar lunetas, 30/25.4mm Vector Optics O Suporte ACD (Anti-Cant Device) da Vector Optics é uma ferramenta 
Suporte para Luneta 30mm Extra Light - Vector Optics;210.00;Acessório;PH-4735;29;https://images.tcdn.com.br/img/img_prod/620600/vector_optics_30mm_one_piece_acd_mount_extra_light_4735_1_20260526151227.jpg;"Suporte para Luneta 30mm Extra Ligh - Vector Optics Suporte de luneta 30mm de diâmetro com adaptador de 25,4mm 1"", meio anel com trilho pica"
Monóculo Liberty 20-60x60  Spotting Scope - Vector Optics;1959.00;Acessório;PH-4743;22;https://images.tcdn.com.br/img/img_prod/620600/vector_optics_liberty_20_60x60_spotting_scope_4743_1_20260526151320.jpg;Monóculo Liberty 20-60x60 Spotting Scope - Vector Optics Imagem nítida e totalmente multi-revestida, Prisma Porro / BAK-4, corpo em ABS com 
Suporte para Luneta 30mm Quick Release Picatinny Perfil Alto - Vector Optics;319.00;Acessório;PH-4745;47;https://images.tcdn.com.br/img/img_prod/620600/vector_optics_30mm_one_piece_quick_release_picatinny_high_mount_4745_1_20260526151227.jpg;"Suporte para Luneta 30mm Quick Release Picatinny Perfil Alto - Vector Optics Mount de uma peça com diâmetro de 30 mm e adaptador de 1"", esti"
Tapete De Borracha para Limpeza de Armas AR15 - Vector Optics;142.00;Acessório;PH-4749;55;https://images.tcdn.com.br/img/img_prod/620600/tapete_de_borracha_para_limpeza_de_armas_ar15_4749_1_88a32610c5b46b3e554ae0a18e36d3bd_20260526151045.png;Tapete De Borracha para Limpeza de Armas AR15 - Vector Optics Comprimento de 36 polegadas, lista de todas as peças, material de borracha mac
Tapete De Borracha para Limpeza de Armas Glock - Vector Optics;120.00;Acessório;PH-4751;116;https://images.tcdn.com.br/img/img_prod/620600/vector_optics_glock_gun_cleaning_bench_mat_4751_1_20260526151045.png;"Tapete De Borracha para Limpeza de Armas Glock - Vector Optics Tapete de banco para limpeza de armas com comprimento de 20"", lista de todas "
Tapete De Borracha para Limpeza de Armas 1911 - Vector Optics;120.00;Acessório;PH-4753;129;https://images.tcdn.com.br/img/img_prod/620600/vector_optics_m1911_gun_cleaning_bench_mat_4753_1_20260526151045.png;"Tapete De Borracha para Limpeza de Armas Modelo 1911 - Vector Optics Tapete de banco para limpeza de armas com comprimento de 20"", lista de "
Bipé Universal 6-6.5'' - Vector Optics;260.00;Acessório;PH-4755;1;https://images.tcdn.com.br/img/img_prod/620600/vector_optics_universal_pistol_bipod_6_6_5_4755_1_20260526151245.jpg;Bipé Universal 6-6.5'' - Vector Optics Totalmente metálico, com adaptador de cano , pés de borracha . Ajuste de trilho picatinny de 21mm e t
Bipé Estilo Harris Swivels 6-9'' - Vector Optics;479.00;Acessório;PH-4757;26;https://images.tcdn.com.br/img/img_prod/620600/vector_optics_harris_style_swivels_bipod_6_9_4757_1_20260526151246.jpg;"Bipé Estilo Harris Swivels 6-9'' - Vector Optics Totalmente metálico, 6-9 "", estilo giratório, com adaptador de Mount Weaver, conexão de Sli"
Bipé Estilo Harris Swivels 9-13.5'' - Vector Optics;684.00;Acessório;PH-4759;47;https://images.tcdn.com.br/img/img_prod/620600/vector_optics_harris_style_swivels_bipod_9_13_5_4759_1_20260526151246.jpg;"Bipé Estilo Harris Swivels 9-13.5'' - Vector Optics Totalmente metálico, 9-13"", estilo giratório, com adaptador de Mount Weaver, conexão de "
Bipé Sling Stud Style 9-13.5'' - Vector Optics;470.10;Acessório;PH-4761;1;https://images.tcdn.com.br/img/img_prod/620600/vector_optics_sling_stud_style_bipod_9_13_5_4761_1_20260526151247.jpg;"Bipé Sling Stud Style 9-13.5'' - Vector Optics O Bipé Rokstad Sling Stud 9-13,5"" é fabricado totalmente em metal, oferecendo robustez e gran"
Monopé MAG V Mount - Vector Optics;553.00;Acessório;PH-4763;18;https://images.tcdn.com.br/img/img_prod/620600/vector_optics_mag_v_mount_monopod_4763_1_20260526151247.jpg;Monopé MAG V Mount - Vector Optics Monopé portátil, versátil e estável. O monopé é projetado para todas as situações de caça e tiro Pode ser
Fixador de Coronha - Vector Optics;50.30;Acessório;PH-4767;4;https://images.tcdn.com.br/img/img_prod/620600/vector_optics_steel_castle_nut_4767_1_20260526151117.jpg;"Fixador de Coronha - Vector Optics Fit Mil-spec e tubo de estoque comercial Código SCOT-20-09 Marca Vector Optics Diâmetro 35mm (1,38"") Tópi"
Guia de Mola da Coronha - Vector Optics;94.70;Acessório;PH-4769;2;https://images.tcdn.com.br/img/img_prod/620600/vector_optics_standard_buffer_assembly_4769_1_20260526151117.jpg;"Guia de Mola da Coronha - Vector Optics Código SCSB-01 Marca Vector Optics Comprimento total 83mm (3,3"") Material de fabricação Liga de alum"
Guia de Mola da Coronha Modelo H1 - Vector Optics;227.70;Acessório;PH-4771;2;https://images.tcdn.com.br/img/img_prod/620600/vector_optics_h1_buffer_4771_1_20260526151118.jpg;Guia de Mola da Coronha Modelo H1 - Vector Optics Acabamento fosco, dois pesos de aço e um de tungstênio, projetado para armas de fogo reais
Guia de Mola da Coronha para .308 - Vector Optics;393.30;Acessório;PH-4777;1;https://images.tcdn.com.br/img/img_prod/620600/vector_optics_308_buffer_4777_1_20260526151118.jpg;Guia de Mola da Coronha para .308 - Vector Optics Com peso de 85g, na cor prateado escuro fosco, dentro de dois pesos de tungstênio. Projeta
Guia de Mola da Coronha Modelo A2 - Vector Optics;127.20;Acessório;PH-4779;1;https://images.tcdn.com.br/img/img_prod/620600/vector_optics_a2_rifle_buffer_4779_1_20260526151118.jpg;Guia de Mola da Coronha Modelo A2 - Vector Optics Peso de 150g, acabamento fosco dourado claro, evita salto do parafuso, reduz o recuo e evi
Combo - Alça e Massa SA de Fibra Óptica para Pistolas - Vector Optics;363.70;Acessório;PH-4785;3;https://images.tcdn.com.br/img/img_prod/620600/vector_optics_sa_fiber_sights_combo_for_pistol_4785_1_20260526151118.jpg;Combo - Alça e Massa SA de Fibra Óptica para Pistolas - Vector Optics Mira frontal de fibra óptica, com encaixe para maioria das pistolas Gl
Combo - Alça e Massa CO de Fibra Óptica para Pistolas - Vector Optics;343.00;Acessório;PH-4787;2;https://images.tcdn.com.br/img/img_prod/620600/vector_optics_co_fiber_sights_combo_for_pistol_4787_1_20260526151228.jpg;Combo - Alça e Massa CO de Fibra Óptica para Pistolas - Vector Optics CO Fiber Sights Combo para Pistola - SCIS-07 ! Melhore sua mira com es
Case para Espingarda Eternal;600.00;Acessório;PH-4791;83;https://images.tcdn.com.br/img/img_prod/620600/case_para_espingarda_eternal_4791_1_f871f825a1cd721bb6a5dce4a874d925_20260526150855.jpg;Case para Espingarda Eternal Este case pode ser utilizado para os modelos de Espingarda Eternal Deluxe, Immortal, Impactor, Impact Black Sin
Luneta Hawke Endurance 30 WA 1-4x24 L4A DOT;6053.33;Óptica;PH-4805;1;https://images.tcdn.com.br/img/img_prod/620600/luneta_hawke_endurance_30_wa_1_4x24_l4a_dot_1_20260526151142_308080d25348.jpg;Luneta Hawke ENDURANCE 30 WA 1-4x24 L4A DOT RETICLE Projetada para todas as disciplinas de caça - de varmint a big game. Os modelos Enduranc
Lanterna Hawke Laser/LED Illuminator;1445.60;Acessório;PH-4821;9;https://images.tcdn.com.br/img/img_prod/620600/lanterna_hawke_laser_led_illuminator_4821_1_725660e46a07c817ac5cc368f5f243e3_20260526151323.jpg;Lanterna Hawke Laser/LED Illuminator Operação Tática De Troca De Estoque Remota Laser De Alto Desempenho 5mW Alcance De LED De 150m Abraçade
Lanterna Hawke Foregrip Laser/LED;1590.00;Acessório;PH-4823;1;https://images.tcdn.com.br/img/img_prod/620600/lanterna_hawke_foregrip_laser_led_4823_1_2c315b53a28256d57b243e8bce92fd28_20260526151323.jpg;Lanterna Hawke Foregrip Laser/LED A Lanterna Hawke Foregrip Laser/LED foi fabricada para caber em qualquer dovetail mount ou sistema de mont
Capa de Proteção para Luneta Hawke - Objetiva 40mm;388.90;Acessório;PH-4827;2;https://images.tcdn.com.br/img/img_prod/620600/capa_de_protecao_para_luneta_hawke_objetiva_40mm_4827_1_966fb1e81b2c7969f8096976542c618b_20260526151227.jpg;Capa de Proteção para Luneta Hawke - Objetiva 40mm A capa de proteção para luneta da Hawke é fabricada em alumínio de alta qualidade. É fáci
Capa de Proteção para Luneta Hawke - Objetiva 40mmAO;388.90;Acessório;PH-4829;1;https://images.tcdn.com.br/img/img_prod/620600/capa_de_protecao_para_luneta_hawke_objetiva_40mmao_4829_1_966fb1e81b2c7969f8096976542c618b_20260526151228.jpg;Capa de Proteção para Luneta Hawke - Objetiva 40mm A capa de proteção para luneta da Hawke é fabricada em alumínio de alta qualidade. É fáci
Capa de Proteção para Luneta Hawke - Objetiva 44mm;405.60;Acessório;PH-4831;2;https://images.tcdn.com.br/img/img_prod/620600/capa_de_protecao_para_luneta_hawke_objetiva_44mm_4831_1_966fb1e81b2c7969f8096976542c618b_20260526151229.jpg;Capa de Proteção para Luneta Hawke - Objetiva 44mm A capa de proteção para luneta da Hawke é fabricada em alumínio de alta qualidade. É fáci
Capa de Proteção para Luneta Hawke - Objetiva 50mm;431.11;Acessório;PH-4833;2;https://images.tcdn.com.br/img/img_prod/620600/capa_de_protecao_para_luneta_hawke_objetiva_50mm_4833_1_966fb1e81b2c7969f8096976542c618b_20260526151229.jpg;Capa de Proteção para Luneta Hawke - Objetiva 50mm A capa de proteção para luneta da Hawke é fabricada em alumínio de alta qualidade. É fáci
Capa de Proteção para Luneta Hawke - Over Size 1;350.00;Acessório;PH-4835;1;https://images.tcdn.com.br/img/img_prod/620600/capa_de_protecao_para_luneta_hawke_over_size_1_4835_1_966fb1e81b2c7969f8096976542c618b_20260526151229.jpg;Capa de Proteção para Luneta Hawke - Over Size 1 Proteja as lentes da sua luneta com a Capa de Proteção Hawke, fabricada em alumínio de alta
Capa de Proteção para Luneta Hawke - Over Size 2;350.00;Acessório;PH-4837;3;https://images.tcdn.com.br/img/img_prod/620600/capa_de_protecao_para_luneta_hawke_over_size_2_4837_1_966fb1e81b2c7969f8096976542c618b_20260526151229.jpg;Capa de Proteção para Luneta Hawke - Over Size 2 Garanta a máxima proteção para as lentes da sua luneta com a Capa de Proteção Hawke Ocular 
Massa de mira de Fibra Óptica XS para espingarda - Vector Optics;136.00;Acessório;PH-4841;45;https://images.tcdn.com.br/img/img_prod/620600/massa_de_fibra_optica_xs_para_espingarda_4841_8_7dda059da84b02fd4fbf751595434111_20260526151229.jpg;Massa de mira fibra óptica XS para espingarda - Vector Optics Fibra Optica, instalada no cano ou trilho da espingarda, nas cores verde e ver
BoreSnake para limpeza de armas .223/5.56 - Vector Optics;112.70;Acessório;PH-4843;14;https://images.tcdn.com.br/img/img_prod/620600/boresnake_para_limpeza_de_armas_223_5_56_4843_1_3e34571797619b4522d3a4922caf4272_20260526151046.jpg;BoreSnake - Ferramenta para limpeza de armas .223/5.56 - Vector Optics O BoreSnake Vector Optics é uma ferramenta essencial e prática para a
BoreSnake para limpeza de armas .308 Win/7.62mm - Vector Optics;124.20;Acessório;PH-4845;13;https://images.tcdn.com.br/img/img_prod/620600/boresnake_para_limpeza_de_armas_308_win_7_62mm_4845_1_d0d7992412a4d801d2534f25a2845e9e_20260526151046.jpg;BoreSnake - Ferramenta para limpeza de armas .308 Win/7.62mm - Vector Optics O BoreSnake Vector Optics é uma ferramenta essencial e prática 
BoreSnake para limpeza de armas 12GA - Vector Optics;129.50;Acessório;PH-4849;10;https://images.tcdn.com.br/img/img_prod/620600/boresnake_para_limpeza_de_armas_12ga_4849_1_69a77153086f9fe4a468ac4b5ca9e830_20260526151046.jpg;BoreSnake - Ferramenta para limpeza de armas 12GA - Vector Optics O BoreSnake Vector Optics é uma ferramenta essencial e prática para a limp
BoreSnake para Limpeza de Armas .45ACP - Vector Optics;127.20;Acessório;PH-4851;32;https://images.tcdn.com.br/img/img_prod/620600/boresnake_para_limpeza_de_armas_45acp_4851_1_9446743a79402e19adcc1daa0f1dcf41_20260526151046.jpg;BoreSnake para limpeza de armas .45ACP - Vector Optics O BoreSnake Vector Optics é uma ferramenta essencial e prática para a limpeza de arma
BoreSnake para limpeza de armas .270 Win - Vector Optics;124.20;Acessório;PH-4853;4;https://images.tcdn.com.br/img/img_prod/620600/boresnake_para_limpeza_de_armas_27_4853_1_f24d3a10c07788346d5eb6414fd6fd8b_20260526151047.jpg;BoreSnake - Ferramenta para limpeza de armas .270 Win - Vector Optics O BoreSnake Vector Optics é uma ferramenta essencial e prática para a 
Kit de Limpeza para armas 12GA - Vector Optics;264.00;Acessório;PH-4855;43;https://images.tcdn.com.br/img/img_prod/620600/kit_de_limpeza_para_armas_12ga_vector_optics_1_20260526151047_5b53f0eb1776.jpg;Kit de Limpeza para armas 12GA - Vector Optics Kit de Limpeza para espingarda 12GA , 15 unidades em um kit incluindo v aras de limpeza, cabo
Kit de Limpeza para armas .410GA/36GA - Vector Optics;276.00;Acessório;PH-4857;23;https://images.tcdn.com.br/img/img_prod/620600/kit_de_limpeza_para_armas_410ga_36ga_4857_1_e8ece9429495ee9e6c20db21b59f9cdc_20260526151047.jpg;Kit de Limpeza para armas 36GA - Vector Optics Kit de Limpeza para espingarda 36GA, 15 unidades em um kit incluindo Varas de limpeza, cabo d
Kit de Limpeza para armas de pressão 5.5/.22 - Vector Optics;343.00;Acessório;PH-4859;74;https://images.tcdn.com.br/img/img_prod/620600/kit_de_limpeza_para_armas_de_presso_5522_vector_1_20260526151047_fba94680a61f.jpg;Kit de Limpeza para Armas de Pressão 4.5 / 5.5 - Vector Optics Kit de Limpeza para armas de pressão 4.5 / 5.5 , 15 unidades em um kit inclui
Protetor de agulha Snap Cap .223 Rem - Vector Optics;124.00;Munição;PH-4861;51;https://images.tcdn.com.br/img/img_prod/620600/protetor_de_agulha_snap_cap_223_rem_4861_1_7230076fdb6b8d18cfce050a80cee38a_20260526151123.jpg;Protetor de Agulha Snap Cap .223 Rem - Vector Optics Totalmente seguro, o Snap Cap é uma munição fake igual a arma de fogo, porém, não conté
Protetor de agulha Snap Cap 300 Blackout - Vector Optics;120.00;Munição;PH-4863;16;https://images.tcdn.com.br/img/img_prod/620600/protetor_de_agulha_snap_cap_300_blackout_4863_1_82f04ce72ae86b6e15ef156dd62fdac3_20260526151123.jpg;Protetor de Agulha Snap Cap 300 Blackout - Vector Optics Totalmente seguro, o Snap Cap é uma munição fake igual a arma de fogo, porém, não c
Protetor de agulha Snap Cap .30-06 Springfield - Vector Optics;135.00;Munição;PH-4869;18;https://images.tcdn.com.br/img/img_prod/620600/protetor_de_agulha_snap_cap_30_06_springfield_4869_1_1fdfaf8dc8c741e886c28e03f7a4476d_20260526151125.jpg;Protetor de agulha Snap Cap .30-06 Springfield - Vector Optics Totalmente seguro, o Snap Cap é uma munição fake igual a arma de fogo, porém,
Protetor de Agulha Snap Cap 12GA - Vector Optics;102.00;Munição;PH-4871;72;https://images.tcdn.com.br/img/img_prod/620600/protetor_de_agulha_snap_cap_12ga_4871_1_70a7521e42d84d8f85e8d99520c9c08e_20260526151126.jpg;Protetor de Agulha Snap Cap 12GA - Vector Optics Totalmente seguro, o Snap Cap é uma munição fake igual a arma de fogo, porém, não contém es
Magnifier 3x com Suporte de Aço - Vector Optics;1241.80;Acessório;PH-4873;3;https://images.tcdn.com.br/img/img_prod/620600/magnifier_3x_com_suporte_de_aco_4873_1_70b03a019d52e162954a4ada5e9e1122_20260526151235.jpg;Magnifier Vector Optics com Suporte de Aço - Vector Optics Serve para várias Red Dot com suporte de 30mm de aço. O retículo pode ser central
Luva empunhadura Gen2 - Vector Optics;47.00;Acessório;PH-4879;28;https://images.tcdn.com.br/img/img_prod/620600/luva_empunhadura_gen2_4879_1_d156d560ade9fa7dceeaef10c1b7d922_20260526151119.jpg;Luva empunhadura Gen2 - Vector Optics Luva de borracha macia que evita escorregamento. Características Borracha macia sem cheiro Evita escor
Protetor de trilho Picatinny - Vector Optics;13.00;Acessório;PH-4881;198;https://images.tcdn.com.br/img/img_prod/620600/protetor_de_trilho_picatinny_vector_optics_4881_1_2366cef5c861c8efc958590d56c4e874_20260526151230.jpg;Protetor de Trilho Picatinny - Vector Optics Proteção no trilho do seu Handguard para mais conforto. Características Para trilhos Picatinny 
Medidor de Calibre - Vector Optics;50.30;Acessório;PH-4889;6;https://images.tcdn.com.br/img/img_prod/620600/medidor_de_calibre_4889_1_68c7702e0d25c0200e6068201927f6e6_20260526151131.jpg;Medidor de Calibre - Vector Optics Uma olhada no calibre, milímetro, medidor de espingarda, feito de latão, com orifício para chaveiro, fáci
Capa de proteção para Red Dot - Vector Optics;41.40;Acessório;PH-4891;4;https://images.tcdn.com.br/img/img_prod/620600/capa_de_protecao_para_red_dot_4891_1_40fdfab2cfa2369728a16bb8efe40e45_20260526151230.jpg;Capa de proteção para Red Dot - Vector Optics A Capa de Proteção D29A apenas para 29mm, é feita em um material muito resistente ótimo para A
Capa de proteção D29A para RedDot - Vector Optics;68.00;Óptica;PH-4893;1;https://images.tcdn.com.br/img/img_prod/620600/capa_de_protecao_d29a_para_red_dot_4893_1_dec583965f3f4369ed6ec0c0e2163dfc_20260526151204.jpg;Capa de proteção D29A para Red Dot - Vector Optics A Capa de Proteção D29A pode ser ajustada entre 28-30mm, é feita em um material muito res
Suporte para Luneta Hydra 30mm OnePiece Tactial Tri-Rail Longo - Vector Optics;363.70;Acessório;PH-4905;3;https://images.tcdn.com.br/img/img_prod/620600/suporte_para_luneta_vector_optics_hydra_30mm_onepiece_tactial_tri_rail_longo_4905_1_97dca1f48ec4773ea0c581e2efd164ef_20260526151230.jpg;Suporte para Luneta Hydra 30mm OnePiece Tactial Tri-Rail Longo - Vector Optics Estilo tático, 30mm de diâmetro, com trilhos picatinny triplo
Tapete De Borracha para Limpeza de Armas AK47 - Vector Optics;150.80;Acessório;PH-4907;2;https://images.tcdn.com.br/img/img_prod/620600/tapete_de_borracha_para_limpeza_de_armas_ak47_4907_1_36ddc37aec49c922490a9c1300cbc5c5_20260526151047.png;Tapete De Borracha para Limpeza de Armas AK47 - Vector Optics Comprimento de 36 polegadas, lista de todas as peças, material de borracha mac
Kit Colimador Universal com 16 peças - Vector Optics;709.60;Acessório;PH-4909;22;https://images.tcdn.com.br/img/img_prod/620600/kit_colimador_universal_com_16_pecas_vector_optics_4909_1_59158c1b9f7549967b48fb6fd868e88c_20260526151239.jpg;Kit Colimador Universal com 16 peças - Vector Optics Contém colimador de calibre múltiplo com mandíbulas para rifle, espingarda, pistola de 
Bomba de Ar Manual - Airgun Strike - Base Fixa;647.72;Acessório;PH-4933;2;https://images.tcdn.com.br/img/img_prod/620600/bomba_manual_para_para_pcp_4933_1_20260526151131.png;Bomba de Ar Manual - Airgun Strike - Base Fixa Características - Pneumática e manual para recarga de carabinas e pistolas de pressão PCP - P
Lanterna Fenix LD30 - 1600 Lúmens;948.00;Acessório;PH-5003;29;https://images.tcdn.com.br/img/img_prod/620600/lanterna_fenix_ld30_1600_lumens_5003_1_c2b771bf9bbee78cbd858babf5b51a70_20260526150959.jpg;Lanterna para Atividade Profissional Fenix LD30 - 1600 Lúmens A Fenix LD30 é uma lanterna ultracompacta com interruptor de cauda tático, pro
Prensa de Recarga Redding T-7 Turret - 7 Estações;6460.00;Acessório;PH-5005;8;https://images.tcdn.com.br/img/img_prod/620600/prensa_tipo_torre_redding_t_7_t_7_turret_reloading_press_5005_1_9684d7d0f5f7d328b0dbf2faccbe4323_20260526151254.jpg;Prensa de Recarga Redding T-7 Turret - 7 Estações A Prensa de Recarga Redding T-7 Turret é uma máquina extremamente robusta e precisa, proje
Prensa de Recarga Redding Big Boss II;4180.00;Acessório;PH-5007;25;https://images.tcdn.com.br/img/img_prod/620600/prensa_de_regarca_tipo_o_redding_big_boss_ii_big_boss_ii_reloading_press_5007_1_17ec395ecacd97c60a2bfa54934385e2_20260526151254.jpg;Prensa de Recarga Redding Big Boss II – Alta Potência A Redding Big Boss II é uma prensa de recarga de munição de estágio único (single stag
Polvorimetro de Alta Precisão Redding Competition Model BR-30 Powder Measure;3474.20;Acessório;PH-5009;2;https://images.tcdn.com.br/img/img_prod/620600/polvorimetro_para_recarga_de_precisao_competition_model_br_30_powder_measure_5009_1_a265f1d07e546b207214256760300157_20260526151303.png;Polvorimetro de Alta Precisão Redding Competition Model BR-30 Powder Measure Projetado especificamente para competições de tiro apoiado (Ben
Matriz Universal (Die) Redding Desespoletador para Espoletas Small;500.00;Acessório;PH-5019;2;https://images.tcdn.com.br/img/img_prod/620600/matriz_de_desespoletamento_universal_pequeno_small_universal_decapping_die_5019_1_9562ee195f69e2eee220d50475cbbb97_20260526151253.jpg;Matriz Universal (Die) Redding Desespoletador para Espoletas Small Esta matriz de desespoletamento permite remover e limpar seus cases/estoj
Matriz Universal (Die) Redding Desespoletador para Espoletas Large;500.00;Acessório;PH-5021;9;https://images.tcdn.com.br/img/img_prod/620600/matriz_de_desespoletamento_universal_grande_large_universal_decapping_die_5021_1_92d3558e915349ecdf7cfbaefdb21456_20260526151253.jpg;Matriz Universal (Die) Redding Desespoletador para Espoletas Large Esta matriz de desespoletamento permite remover e limpar seus cases/estoj
Medidor de Headspace e Assentamento Projéteis (Instant Indicator w/Dial Indicator)  6.5 Creedmoor;2203.70;Acessório;PH-5133;1;https://images.tcdn.com.br/img/img_prod/620600/medidor_de_headspace_e_assentamento_projeteis_instant_indicator_w_dial_indicator_5133_1_f3f5b28c014bf2c2575f6ebe9ff786c5_20260526151303.jpg;Medidor de Headspace e Assentamento Projéteis C/ Mostrador Redding - 6.5 Creedmoor O Redding Instant Indicator 6.5 Creedmoor Dial é uma ferr
Torre Redding de 7 Matrizes (Die) para Prensa T-7;1520.00;Acessório;PH-5135;32;https://images.tcdn.com.br/img/img_prod/620600/seven_station_turret_w_bushing_for_t_7_press_5135_1_20260526151255.jpg;Torre Redding de 7 Estações com Bushing para Prensa T-7 Torre Redding de 7 Estações com Bushing é um acessório essencial para usuários da Pr
Suporte para Torre Redding de 7 Matrizes (Die);855.00;Acessório;PH-5137;3;https://images.tcdn.com.br/img/img_prod/620600/suporte_para_torre_redding_de_7_matrizes_die_5137_1_5ed5eac5c28bd48538376acc1c433262_20260526151255.jpg;Suporte para Torre Redding de 7 Matrizes (Die) Para o recarregador que utiliza a renomada prensa Redding T-7 Turret Press, o Organizador Ver
Haste Redding Desespoletadora Cal 17 ou Maior;240.00;Acessório;PH-5139;16;https://images.tcdn.com.br/img/img_prod/620600/haste_desespoletador_para_calibres_de_17_a_20_com_pino_universal_decapping_die_decapping_caliber_17__5139_1_a73250f679617fe754ad83f33bd60608_20260526151303.jpg;Haste Redding Desespoletadora Cal 17 ou Maior Haste de desespoletamento univesal (Redding Small Decapping die), utilizada para desespoletame
Balança Mecânica Redding Master;2090.00;Acessório;PH-5143;12;https://images.tcdn.com.br/img/img_prod/620600/balanca_mecanica_redding_master_5143_1_2f7786db098f8a46fcea7a275dc27c8f_20260526151303.jpg;Balança Mecânica Redding Master A balança de pólvora e projétil Master Redding #2 é uma balança super-sensível com um feixe magnético de amo
Lubrificante Redding Imperial Bio-Green para Recarga;175.00;Acessório;PH-5149;44;https://images.tcdn.com.br/img/img_prod/620600/lubrificante_redding_imperial_bio_green_para_recarga_5149_1_0b4dcb9446db338b8ac5b13831f1f99b_20260526151044.jpg;Lubrificante Redding Imperial Bio-Green para Recarga Imperial Bio-Green Case Lube é um lubrificante de base vegetal e biodegradável utilizad
Lubrificante Redding Imperial Dry Neck para Recarga;181.00;Acessório;PH-5155;9;https://images.tcdn.com.br/img/img_prod/620600/lubrificante_redding_imperial_dry_neck_para_recarga_5155_1_bb95250d33d37c109ab4ab414e3ce92f_20260526151044.jpg;Lubrificante Redding Imperial Dry Neck para Recarga O Imperial Dry Neck Lube é pó à base de grafite e foi concebido para reduzir o arraste d
Lubrificante Redding Imperial Application Media para Recarga;225.00;Acessório;PH-5157;18;https://images.tcdn.com.br/img/img_prod/620600/lubrificante_redding_imperial_application_media_para_recarga_5157_1_187ee9057995194893c2d9ccab81ebde_20260526151044.jpg;Lubrificante Redding Imperial Application Media para Recarga Imperial Dry Neck Lube Application Media é um lubrificante a seco utilizado par
Kit Prensa de Recarga tipo O - Redding Big Boss II Pro Pak;6532.70;Acessório;PH-5161;1;https://images.tcdn.com.br/img/img_prod/620600/kit_de_recarga_com_prensa_tipo_o_marca_redding_big_boss_ii_big_boss_ii_pro_pak_5161_1_08d92143114b7f2945d124ba3bd07593_20260526151255.jpg;Kit de Recarga Redding Big Boss II Pro Pak O Kit de Recarga Redding Big Boss II Pro Pak é a solução ideal para atiradores e recarregadores q
Escareador para remover rebarbas da boca do estojo (Model 15-P Competition Inside Chamfering Tool);458.50;Acessório;PH-5163;1;https://images.tcdn.com.br/img/img_prod/620600/escareador_para_remover_rebarbas_da_boca_do_estojo_model_15_p_competition_inside_chamfering_tool_5163_1_1100fb8d5ac5bd71094dba5e4abec77a_20260526151304.jpg;Escareador para remover rebarbas da boca do estojo (Model 15-P Competition Inside Chamfering Tool) O Redding Reloading Equipment introduziu 
Limpador de bolso de espoleta Large Rifle (Large Rifle Primer Pocket Uniformer w/accessory handle);513.70;Acessório;PH-5167;1;https://images.tcdn.com.br/img/img_prod/620600/limpador_de_bolso_de_espoleta_large_rifle_large_rifle_primer_pocket_uniformer_w_accessory_handle_5167_1_e16b1f5bc0e9d213a3e685ac519026d0_20260526151304.jpg;Limpador de bolso de espoleta Large Rifle (Large Rifle Primer Pocket Uniformer w/accessory handle) A ferramenta Redding Primer Pocket Unifor
Uniformizador de bolso de espoleta Small Rifle Primer;513.70;Acessório;PH-5169;2;https://images.tcdn.com.br/img/img_prod/620600/uniformizador_de_bolso_de_espoleta_small_rifle_primer_pocket_uniformer_w_accessory_handle_5169_1_e16b1f5bc0e9d213a3e685ac519026d0_20260526151304.jpg;Uniformizador de bolso de espoleta (Small Rifle Primer Pocket Uniformer w/accessory handle) A Redding Primer Pocket Uniformer é ferramenta p
Jogo de Shellholder Redding E-Z Feed 6 Peças para .308, .223 e .357 (#1, #6, #10, #12, #18, #19);1159.00;Acessório;PH-5173;8;https://images.tcdn.com.br/img/img_prod/620600/jogo_de_shellholder_redding_e_z_feed_5173_2_9af93016647b6ff85c99fae020243580_20260526151304.jpg;Jogo de Shellholder Redding E-Z Feed 6 Peças para .308, .223 e .357 (#1, #6, #10, #12, #18, #19) Conjunto com os seis shellholders mais popu
Trimmer Redding 1400-XT;2375.00;Acessório;PH-5175;8;https://images.tcdn.com.br/img/img_prod/620600/trimmer_redding_1400_xt_5175_1_7d10eea67bc55aa01ee2d9bd533800e6_20260526151304.jpg;Model No. 1400-XT Case Trimming Lathe O Redding TR-1400 é uma ferramenta de retifica de estojos completa e precisa. Este timmer uma estrutur
Lubrificante Redding Imperial para Recarga 1 oz;166.00;Acessório;PH-5177;23;https://images.tcdn.com.br/img/img_prod/620600/lubrificante_redding_imperial_para_recarga_1_oz_5177_1_a3ed1661021a78b971426db9883a83d6_20260526151045.jpg;Lubrificante Redding Imperial para Recarga 1 oz A cera Imperial Sizing Die da Redding é o lubrificante não-líquido, extremamente versátil na
Polvorimetro de Precisão Redding Match-Grade Model 3BR Measure;3619.20;Acessório;PH-5185;1;https://images.tcdn.com.br/img/img_prod/620600/polvorimetro_de_precisao_match_grade_model_3br_measure_w_both_chambers_5185_1_4f6ec3cffc2a53c3c2694b7f1b687921_20260526151304.jpg;Polvorimetro de Precisão Redding Match-Grade Model 3BR Measure O Dosador de Pólvora Redding 3BR Match-Grade é ideal para recargas de alta pr
Carregador de Baterias Fenix ARE-A2;294.00;Acessório;PH-5197;7;https://images.tcdn.com.br/img/img_prod/620600/carregador_de_baterias_fenix_are_a2_1_20260526151008_19a5bf56d597.jpg;Carregador de Baterias Fenix ARE-A2 O Fenix ARE-A2 é um carregador inteligente de dois canais, projetado para diferentes tipos e tamanhos de
Carregador de Baterias Fenix ARE-D2;332.00;Acessório;PH-5199;13;https://images.tcdn.com.br/img/img_prod/620600/carregador_de_baterias_fenix_are_d2_1_20260526151009_a6296b820d21.jpg;Carregador de Baterias Fenix ARE-D2 O Fenix ARE-D2 é um carregador inteligente de dois canais que possui funcionalidade de carregamento Micr
"Pistola Smith & Wesson M&P 22 Compact - Cal .22 LR 3,5""";9210.00;Arma;PH-5203;1;https://images.tcdn.com.br/img/img_prod/620600/mep22_compact_5203_1_20260526150755.jpg;"Pistola Smith & Wesson M&P 22 Compact - Calibre .22 LR 3,5"" Construção fina para ser a mais precisa e confiável, as pistolas M&P são uma exp"
"Rifle Anschutz 1761 D HB Thumbhole Stock - Cal .17 HMR 20""";40480.00;Arma;PH-5207;8;https://images.tcdn.com.br/img/img_prod/620600/rifle_anschutz_1761_d_hb_thumbhole_stock_20_polegadas_17hmr_5207_1_4ff32fa4bf0a761937e3f238000b5cfd_20260526150650.jpg;"Rifle Anschutz - 1761 D HB Thumbhole Stock - Calibre .17 HMR 20"" Atirar é um ato complexo e contraditório, mas, no cerne de sua essência, ob"
Mira Frontal Anschütz Duo Iris Aperture;4800.00;Óptica;PH-5209;14;https://images.tcdn.com.br/img/img_prod/620600/anschutz_front_sight_duo_iris_aperture_5209_1_04c77d6bb307b319d6b55194d76f3c05_20260526151133.jpg;Front sight / Duo Iris Aperture - Anschutz Diâmetro interno ajustável (2.8-4.8mm) e diâmetro externo ajustável (6.4 - 9.0mm) de forma gradua
"Rifle Anschutz 1416 D Walnut Classic - Cal .22 LR 16""";26691.50;Arma;PH-5211;9;https://images.tcdn.com.br/img/img_prod/620600/rifle_anschutz_1416_d_walnut_classic_cal_22_lr_16_5211_1_f899071a8eb1044fe68dc1a85c7831e8_20260526150650.jpg;"Anschutz 1416 D Walnut Classic - Calibre .22 LR 16"" Rifle Anschutz 1416 com o renomado sistema Match 64 , o mesmo utilizado em nosso rifle d"
"Pistola Tanfoglio Force Esse - Cal 9mm  4,4""";12900.00;Arma;PH-5213;21;https://images.tcdn.com.br/img/img_prod/620600/pistola_tanfoglio_force_esse_calibre_9mm_5213_1_e14ad0f1a54f840945ae55d97ed03e56_20260526150756.jpg;"Pistola Tanfoglio Force Esse - Calibre 9mm 4,4"" A pistola 9mm Tanfoglio Force Esse 4,4"" combina design ergonômico, leveza e performance para"
Luneta Hawke Vantage 4x32 30/30 DUPLEX;899.00;Óptica;PH-5217;9;https://images.tcdn.com.br/img/img_prod/620600/luneta_hawke_vantage_4x32_3030_duplex_1_20260526151142_6fd588995bee.jpg;Luneta Hawke Vantage 4×32 30/30 Duplex Tubo Mono-tubo de 1 Amplitude 4x32 Objetiva 32mm Retículo 30/30 Duplex Iluminação N/A Foco / paralaxe
Jogo de 3 Matrizes (Die) Dillon Die Set Rifle - 223 Rem;1650.00;Acessório;PH-5229;16;https://images.tcdn.com.br/img/img_prod/620600/dillon_die_set_rifle_conj_3_pcs_223_rem_5229_1_20260526151255.jpg;Dillon Die Set Rifle - (Conj. 3 peças) - .223 Rem O conjunto de Matrizes (Die Set) incluí: o Sizer/Decapping Die, Setting Die e Taper Crimp 
Kit 2 Carregadores Tanfoglio FT9 Carry/Full Size Cal .380 ACP - 18 Tiros;1390.00;Acessório;PH-5237;15;https://images.tcdn.com.br/img/img_prod/620600/kit_2_carregadores_para_tanfoglio_ft9_carry_ou_full_size_380_acp_5237_1_20260526150710.jpg;Carregador é compatível com a PISTOLA CZ35 .380ACP - ALFA PROJ BRNO Para realizar a compra, é necessário entrar em contato através do telefo
Kit 3 Carregadores Tanfoglio FT9 Carry/Full Size Cal .380 ACP - 18 Tiros;1995.00;Acessório;PH-5239;19;https://images.tcdn.com.br/img/img_prod/620600/kit_3_carregadores_para_tanfoglio_ft9_carry_ou_full_size_380_acp_5239_1_fb9a6ed3bc6ce2dd94c9415cc092ee6a_20260526150710.jpg;Carregador é compatível com a PISTOLA CZ35 .380ACP - ALFA PROJ BRNO Para realizar a compra, é necessário entrar em contato através do telefo
Lanterna EDC Fenix E35 V3.0 - 3000 Lúmens;825.00;Acessório;PH-5251;31;https://images.tcdn.com.br/img/img_prod/620600/lanterna_fenix_e35_v3_0_3000_lumens_5251_1_5f4739fdb6e3c58d45ae708e329199c0_20260526150928.jpg;Lanterna EDC Fenix E35 V3.0 - 3000 Lúmens A Fenix E35 V3.0 de 2020 representa um grande avanço. Equipada com uma única bateria de 21700mAh, 
Lanterna EDC Fenix E28R - 1500 Lúmens;706.00;Acessório;PH-5253;32;https://images.tcdn.com.br/img/img_prod/620600/lanterna_fenix_e28r_1500_lumens_5253_1_5254742a4b445430d9eed6daedd5a315_20260526150928.jpg;Lanterna EDC Fenix E28R - 1500 Lúmens A Fenix E28R é uma lanterna recarregável compacta e altamente esperada pelos amantes do EDC. Com sua p
Lanterna Tática Fenix TK11 TAC - 1600 Lúmens;887.00;Acessório;PH-5255;37;https://images.tcdn.com.br/img/img_prod/620600/lanterna_fenix_tk11_tac_1600_lumens_5255_1_668417af249d80a7d976d2299525470d_20260526150918.jpg;Lanterna Fenix TK11 TAC - 1600 Lumens A lanterna Fenix TK11 TAC (Tactical Edition) permanece em formato de bolso, mas supera em desempenho e
Lanterna para Camping Fenix CL20R Laranja - 300 Lúmens;474.00;Acessório;PH-5257;27;https://images.tcdn.com.br/img/img_prod/620600/lanterna_camping_fenix_cl20r_300_lumens_laranja_5257_1_fe8ab549fd7c43431db2cf2ec4a5eb1d_20260526150945.jpg;Lanterna para Camping Fenix CL20R - 300 Lúmens A Lanterna de Camping Recarregável Fenix CL20R oferece uma potência de até 300 lúmens graças 
Lanterna para Camping Fenix CL26R Preto - 400 Lúmens;712.00;Acessório;PH-5261;2;https://images.tcdn.com.br/img/img_prod/620600/lanterna_fenix_cl26r_black_400_lumens_5261_1_7d447709810a22f9a29afb73a293fe3a_20260526150946.jpg;Lanterna para Camping Fenix CL26R Preto - 400 Lúmens A Fenix CL26R é uma lanterna de acampamento versátil , leve e recarregável , alimentada
Lanterna EDC Fenix E01 V2.0 Preto 100 Lúmens;170.00;Acessório;PH-5263;169;https://images.tcdn.com.br/img/img_prod/620600/lanterna_edc_fenix_e01_v20_preto_100_lmens_1_20260526150929_ffffa42160f6.jpg;Lanterna EDC Fenix E01 V2.0 Preto - 100 Lúmens A Fenix E01 V2.0 é uma mini lanterna para chaves com tamanho e peso mínimos. Com a bateria AA
Lanterna EDC Fenix E12 V2.0 - 160 Lúmens;300.00;Acessório;PH-5265;34;https://images.tcdn.com.br/img/img_prod/620600/lanterna_fenix_e12_v2_0_160_lumens_5265_1_25c1888dd7b259ce9072a442a97d4db1_20260526150929.jpg;Lanterna EDC Fenix E12 V2.0 - 160 Lúmens A Fenix E12 V2.0 é uma lanterna EDC ultracompacta. Alimentada por uma única bateria AA, a leve lant
Coldre Velado Audaz Clip em Aço Preto para Pistola Taurus TS9;193.57;Acessório;PH-5269;1;https://images.tcdn.com.br/img/img_prod/620600/coldre_velado_clip_em_aco_preto_audaz_para_pistola_taurus_ts9_5269_1_fb6aec53fc71220e8c6d6e586537cf0f_20260526151051.png;Coldre Velado Audaz Clip em Aço Preto para Pistola Taurus TS9 Coldre em couro de alta qualidade Moldado exatamente no tamanho da arma Clip d
Coldre Velado Audaz Clip em Aço Preto para Tanfoglio Witness 1911;193.57;Acessório;PH-5273;7;https://images.tcdn.com.br/img/img_prod/620600/coldre_velado_clip_em_aco_preto_audaz_para_tanfoglio_witness_1911_5273_1_483db4bf288b24bbf01ae0f8174908c1_20260526151051.png;Coldre Velado Audaz Clip em Aço Preto para Tanfoglio Witness 1911 Coldre em couro de alta qualidade Moldado exatamente no tamanho da arma Cl
Coldre Velado Clip em Aço Marrom para Tanfoglio Witness 1911;193.57;Acessório;PH-5275;4;https://images.tcdn.com.br/img/img_prod/620600/coldre_velado_clip_em_aco_marrom_para_tanfoglio_witness_1911_5275_1_a72d3a7f0b6e336795b6d67294333369_20260526151052.png;Coldre Velado Clip em Aço Marrom para Tanfoglio Witness 1911 Coldre em couro de alta qualidade Moldado exatamente no tamanho da arma Clip de
Coldre Ostensivo Audaz de Dupla Posição Preto para Revólver Taurus RT627;193.57;Acessório;PH-5285;1;https://images.tcdn.com.br/img/img_prod/620600/coldre_ostensivo_dupla_posicao_preto_audaz_para_revolver_taurus_rt627_5285_1_7ea464448bc69cdb5421a51464808118_20260526151052.png;Coldre Ostensivo Dupla Posição Preto Audaz para Revólver Taurus RT627 Coldre em couro de alta qualidade Moldado exatamente no tamanho da arm
Coldre Velado Audaz Clip em Aço Preto para Pistola Taurus TH;193.57;Acessório;PH-5289;2;https://images.tcdn.com.br/img/img_prod/620600/coldre_velado_clip_em_aco_preto_audaz_para_pistola_taurus_th_5289_1_e13a22942039640f4cdaea5dfa85b981_20260526151052.png;Coldre Velado Audaz Clip em Aço Preto para Pistola Taurus TH Coldre em couro de alta qualidade Moldado exatamente no tamanho da arma Clip de
Coldre Velado Audaz Clip em Aço Marrom para Pistola Taurus TH;193.57;Acessório;PH-5291;1;https://images.tcdn.com.br/img/img_prod/620600/coldre_velado_clip_em_aco_marrom_audaz_para_pistola_taurus_th_5291_1_e732a3d73d4a511149e7fbdb3c4a566c_20260526151052.png;Coldre Velado Audaz Clip em Aço Marrom para Pistola Taurus TH Coldre em couro de alta qualidade Moldado exatamente no tamanho da arma Clip d
Coldre Velado Clip em Aço Preto Audaz para Revólver Taurus RT627;193.57;Acessório;PH-5293;1;https://images.tcdn.com.br/img/img_prod/620600/coldre_velado_clip_em_aco_preto_audaz_para_revolver_taurus_rt627_5293_1_48cbc71fbce1601b9e8822f24b2e6b59_20260526151052.png;Coldre Velado Audaz Clip em Aço Preto para Revólver Taurus RT627 Coldre em couro de alta qualidade Moldado exatamente no tamanho da arma Cli
Canivete Dobrável Ruike P865-B;422.00;Acessório;PH-5295;5;https://images.tcdn.com.br/img/img_prod/620600/canivete_ruike_modelo_p865_b_5295_1_d51657ae73a489a77a01244406758f59_20260526151038.jpg;Canivete Dobrável Ruike P865 - Preto P865 é uma faca dobrável EDC compacta e leve, valorizando a elegância como a funcionalidade. Fabricada 
Canivete Dobrável Ruike P671-CB;529.90;Acessório;PH-5297;9;https://images.tcdn.com.br/img/img_prod/620600/canivete_ruike_modelo_p671_cb_5297_1_ea8a32f56bf77d0deba59c099ebb347a_20260526151038.jpg;Canivete Dobrável Ruike P671 - CB O P671-CB é equipado com um flipper frontal e um d esign ambidestro de pino de polegar. Embora a lâmina se
Canivete Dobrável Ruike M108-TZ;1326.00;Acessório;PH-5299;3;https://images.tcdn.com.br/img/img_prod/620600/canivete_ruike_modelo_m108_tz_5299_1_278dc71a06176c17b7049a1040759f51_20260526151039.jpg;Canivete Dobrável Ruike M108-TZ O Ruike M108-TZ é um canivete simples, minimalista e elegante . Apresenta corpo metálico feito em Titânio TC
Canivete Dobrável Ruike M875-TZ;1430.00;Acessório;PH-5301;3;https://images.tcdn.com.br/img/img_prod/620600/canivete_rruike_modelo_m875_tz_5301_1_5675dd57045f5cbac006921e26a0a2c0_20260526151039.jpg;Canivete Dobrável Ruike M875-TZ O Ruike M875-TZ é um canivete simples, minimalista e elegante. Apresenta corpo metálico feito em Titânio TC4
Canivete Dobrável Ruike M121-TZ;1580.00;Acessório;PH-5303;1;https://images.tcdn.com.br/img/img_prod/620600/canivete_ruike_modelo_m121_tz_5303_1_8fcd7429138a85c26a4024130b5e087b_20260526151039.jpg;Canivete Dobrável Ruike M121-TZ O Ruike M121-TZ é um canivete simples, minimalista e elegante. Apresenta corpo metálico feito em Titânio TC4
Canivete Dobrável Ruike D191 - Black;327.00;Acessório;PH-5305;5;https://images.tcdn.com.br/img/img_prod/620600/canivete_ruike_modelo_d191_b_5305_1_5ae63d442224382322f7ea09c9c15645_20260526151039.jpg;Canivete Dobrável Ruike D191 - Black O D191 foi projetado para exceder as expectativas dos usuários para as facas lâmina 8Cr13MoV. Sua lâmin
Canivete Multifuncional Ruike L41-G;591.00;Acessório;PH-5307;7;https://images.tcdn.com.br/img/img_prod/620600/canivete_multifuncional_ruike_l41_g_5307_1_ca84b0992f0cf78d7b3408d3812b7bbe_20260526151030.jpg;Canivete Multifuncional Ruike L41-G - Verde A lâmina principal da linha L dos canivetes Ruike têm espessura e largura aumentadas, promovendo
Canivete Dobrável Ruike P875-SZ;632.00;Acessório;PH-5309;8;https://images.tcdn.com.br/img/img_prod/620600/canivete_ruike_modelo_p875_sz_5309_1_35880bd5920404638c57eda717de70bf_20260526151039.png;Canivete Dobrável Ruike P875-SZ - Steel O P875 foi projetado para clientes que desejam variantes do M875 ou preferem a lâmina 14C28N e o cab
Coldre para Lanterna Fenix ALP-10S;132.00;Acessório;PH-5311;1;https://images.tcdn.com.br/img/img_prod/620600/coldre_para_lanterna_fenix_alp_10s_5311_1_54cf481fd5a8621f692a24f88999df55_20260526151052.jpg;Coldre para Lanterna Fenix ALP-10S O Fenix ALP-10 é um coldre especificamente projetado para embalar e proteger a lanterna. O uso de materia
"Rifle Weatherby Vanguard Meateater - Cal .300 Win Mag 28""";39187.00;Arma;PH-5317;2;https://images.tcdn.com.br/img/img_prod/620600/rifle_weatherby_vanguard_meateater_5317_1_6b2d020e3fb58f9efa6753475c73affc_20260526150653.jpg;"Rifle Weatherby Vanguard Meateater - Calibre .300 Win Mag 28"" Os rifles de tiro mais rápidos e planos do mercado da sua categoria, um excepc"
"Rifle Weatherby Vanguard Sporter - Cal .223 Rem 24""";32931.00;Arma;PH-5323;3;https://images.tcdn.com.br/img/img_prod/620600/rifle_weatherby_vanguard_sporter_5323_1_d362cd03c27f7389182becbf245942ee_20260526150653.jpeg;"Rifle Weatherby Vanguard Sporter - Calibre .223 Remington 24"" Os rifles de tiro mais rápidos e planos do mercado da sua categoria, um excepc"
"Rifle Weatherby Vanguard Wilderness - Cal .308 Win 24""";34306.00;Arma;PH-5329;1;https://images.tcdn.com.br/img/img_prod/620600/rifle_weatherby_vanguard_wilderness_5329_1_8d1dc79a86fa6aa44621aa029d725820_20260526150654.jpg;"Rifle Weatherby Vanguard Wilderness - Calibre .308 Winchester 24"" Os rifles de tiro mais rápidos e planos do mercado da sua categoria, um ex"
Canivete Multifuncional Ruike M61-N;704.00;Acessório;PH-5335;8;https://images.tcdn.com.br/img/img_prod/620600/canivete_multifuncional_ruike_m61_n_5335_3_43011c1381de8d0a6e2d7355defe50fb_20260526151030.jpg;Canivete Multifuncional Ruike M61-N - Marrom O Ruike M61 é uma f aca multifuncional que apresenta cinco funções básicas: lâmina média, quebr
Canivete Profissional Ruike P108 -SB;540.00;Acessório;PH-5337;5;https://images.tcdn.com.br/img/img_prod/620600/canivete_ruike_p108_profissional_sb_5337_1_775f6945b765d49437eec30e384cd871_20260526151039.jpg;Canivete Profissional Ruike P108 - Steel/Black O Ruike P108 é um canivete multiuso com lâmina de aço inoxidável Sandvik 14C28N, empunhadura 
Canivete Profissional Ruike P128-SB;564.00;Acessório;PH-5339;4;https://images.tcdn.com.br/img/img_prod/620600/canivete_ruike_p128_sb_profissional_black_5339_1_36c5ebecff4b9f3be81cba00ec6c8af8_20260526151039.jpg;Canivete Profissional Ruike P128 - Steel/Black O Canivete Ruike P128 é um modelo compacto e de alta qualidade, com lâmina em aço inoxidável 
Canivete Dobrável Ruike P801-SB;403.00;Acessório;PH-5341;6;https://images.tcdn.com.br/img/img_prod/620600/canivete_ruike_p801_sb_5341_1_1fa3e62867709ffe4a692db20a4ef3c1_20260526151039.jpg;Canivete Dobrável Ruike P801 - Black A Ruike P801 é uma faca de alta qualidade que oferece um equilíbrio perfeito entre funcionalidade e est
Canivete Multifuncional Ruike S31-N;272.00;Acessório;PH-5345;7;https://images.tcdn.com.br/img/img_prod/620600/canivete_multifuncional_ruike_s31_n_5345_1_64e6b6d526cf9f03f995e7f8c19838ea_20260526151031.jpg;Canivete Multifuncional Ruike S31-N - Marrom O canivete S31 é uma ótima opção para quem procura um canivete simples para light outdoors e us
"Espingarda Sobreposta Weatherby Orion Sporting  - Cal 12GA 30""";30884.00;Arma;PH-5349;1;https://images.tcdn.com.br/img/img_prod/620600/espingarda_weatherby_orion_sporting_cal_12ga_5349_1_84740578de8836bb86575268c3c6841b_20260526151010.jpg;"Espingarda Sobreposta Weatherby Orion Sporting - Cal 12GA 30"" A Espingarda Sobreposta Weatherby Orion Sporting Calibre 12, com cano de 30 po"
"Espingarda Semiautomática Weatherby Element Synthetic - Cal 12GA 28""";17056.00;Arma;PH-5351;7;https://images.tcdn.com.br/img/img_prod/620600/espingarda_semiautomatica_weatherby_element_synthetic_cal_12ga_5351_1_90f627bb90d02145ee53d7e9ae6e1037_20260526150722.jpg;"Espingarda Semiautomática Weatherby Element Synthetic - Cal 12GA 28"" A Espingarda Semiautomática Weatherby Element Synthetic Calibre 12GA re"
Espingarda Semiautomatica Weatherby Element Upland - Cal 12GA 28'';21193.00;Arma;PH-5353;9;https://images.tcdn.com.br/img/img_prod/620600/espingarda_semiautomatica_weatherby_element_upland_cal_12ga_5353_1_5297e38a6394f599928d6eb72f110589_20260526150722.jpg;Espingarda Weatherby Semiautomatica Element Upland - Calibre 12GA 28'' A Espingarda Semiautomática Weatherby Element Upland Calibre 12 , com
"Espingarda Semiautomática Weatherby Element Waterfowler Max-5 - Cal 12GA 28""";21193.00;Arma;PH-5355;3;https://images.tcdn.com.br/img/img_prod/620600/espingarda_semiautomatica_weatherby_element_waterfowler_max_5_cal_12ga_5355_1_9b70f7c0630f8f55981c30876c33a0b2_20260526150722.jpg;"Espingarda Semiautomática Weatherby Element Waterfowler Max-5 - Cal 12GA 28"" A Espingarda Semiautomática Weatherby Element Waterfowler MAX-5"
Descanso para Binóculo - Vector Optics;178.00;Acessório;PH-5357;18;https://images.tcdn.com.br/img/img_prod/620600/descanso_para_binoculos_5357_1_5cad5b6f52f64d4fb0f8fd2e501d4e79_20260526151321.jpg;"Descanso para Binóculos - Vector Optics Conexão de bucha de rosca de 1/4 ""-20 se encaixa na maioria dos tripés fotográficos padrão Bandeja f"
Luneta Victoptics PAC 3-9x40mm SFP OPSL20 - Vector Optics;509.00;Óptica;PH-5361;137;https://images.tcdn.com.br/img/img_prod/620600/luneta_victoptics_pac_3_9x40_vector_optics_1_20260526151143_36c711296e50.jpg;Luneta Victoptics PAC 3-9x40 SFP (OPSL20) Versatilidade, Nitidez e Performance para o Atirador Esportivo A Luneta PAC 3-9x40 SFP (OPSL20) da
Red Dot Frenzy 3 MOA 1x22x26 AUT (Sentido de Luz Automático) SCRD-37 Vector Optics;1762.10;Óptica;PH-5367;4;https://images.tcdn.com.br/img/img_prod/620600/red_dot_frenzy_3_moa_1x22x26_aut_sentido_de_luz_au_1_20260526151205_849d25c0af77.jpg;Mira Red Dot Vector Optics Frenzy 1x22x26mm (SCRD-37) Perfil Ultra Baixo de 7mm, Pegada RMR e Autonomia Excepcional de 50.000 Horas O Red Do
Case Rígido para Armas Longas Tsunami;702.00;Acessório;PH-5373;19;https://images.tcdn.com.br/img/img_prod/620600/case_rigido_tsunami_para_armas_longas_5373_1_6e63984a16d83b54ca169d4b19f95106_20260526150855.jpg;Case Rígido para Armas Longas Tsunami Fabricado em polímero de alta resistência, possui espuma no interior para transportar armas longas com
Luneta Capricorn 4.5-14x44 Riflescope - Vector Optics;3340.90;Óptica;PH-5379;1;https://images.tcdn.com.br/img/img_prod/620600/luneta_capricorn_45_14x44_riflescope_vector_opti_1_20260526151143_cc5552b50234.jpg;Luneta Vector Optics Capricorn 4.5-14x44 FFP (SCFF-05B) – Precisão FFP Primeiro Plano Focal com Foco Lateral de 10m: A Ferramenta Definitiva
Munição CCI TNT Cal.17HMR 17Gr Cx 50 Unidades;355.50;Munição;PH-5387;50;https://images.tcdn.com.br/img/img_prod/620600/munio_cci_tnt_cal17hmr_17gr_cx_50_unidades_1_20260526151333_b1ada588e2a2.jpg;Munição CCI Calibre .17HMR TNT Obtenha precisão de nível de correspondência e letalidade máxima em vermes com CCI® TNT®. A carga 17 HMR ofer
Munição CCI Cal .22 LR 40gr Mini-Mag Cx 100 Unidades;326.40;Munição;PH-5389;1000;https://images.tcdn.com.br/img/img_prod/620600/munio_cci_cal_22_lr_mini_mag_3_20260526151333_48df2388cffa.jpg;PRODUTO CONTROLADO PELO EXÉRCITO Este item requer autorização prévia para a realização da compra. Caso não possua a autorização, a compra se
Caixa para Munições J&J;37.00;Acessório;PH-5423;61;https://images.tcdn.com.br/img/img_prod/620600/caixa_para_municoes_jej_5423_1_4c957dcece5dba551974f1d7fdc1b404_20260526150856.jpg;Caixa para munições J&J Caixa rígida para munições em diversos calibres. Marca Tsunami Tamanho 20 / 50 / 100 munições País de fabricação Chi
Carregador Magpul PMAG LR/SR GEN M3 Cal 7.62x51mm  - 10 Tiros;808.00;Acessório;PH-5433;10;https://images.tcdn.com.br/img/img_prod/620600/carregador_magpul_pmag_10_lr_sr_gen_m3_5433_1_faa333370cbea0beb94ee97e67b5b4f5_20260526150711.jpg;Para realizar a compra, é necessário entrar em contato através do telefone (047) 3041-4049 ou WhatsApp (47) 99119-0416 . Carregador Magpul P
Acoplador de carregador Magpul MagLink Coupler - PMAG 30/40 AR/M4;542.00;Acessório;PH-5435;17;https://images.tcdn.com.br/img/img_prod/620600/acoplador_de_carregador_magpul_maglink_coupler_pmag_30_40_ar_m4_5435_1_1df2b7afcbdbb3764cd6d1461624aa2e_20260526151119.png;Acoplador de carregador MagLink Coupler PMAG 30/40 AR/M4 O MagLink é um acoplador para carregadores PMAG 30 e 40 cartuchos AR / M4 que permi
Clip para Carregador Rápido Magpul 5.56 NATO - 3 Und - Preta;274.00;Acessório;PH-5439;112;https://images.tcdn.com.br/img/img_prod/620600/fast_mag_original_magpul_5_56_nato_3_pack_preto_5439_1_94705325f7828b16dd61bfc80b7b86ee_20260526151119.png;Clip para Carregador Rápido Magpul 5.56 NATO - 3 Und - Dark Earth Quando instalado na base de um carregador de rifle/fuzil 5.56, o Fast Mag 
Munição de Manejo Magpul Dummy Rounds  5.56x45, 5 Pack;171.00;Munição;PH-5441;62;https://images.tcdn.com.br/img/img_prod/620600/munio_de_manejo_magpul_dummy_rounds_556x45_5_pack_1_20260526151125_bfee365dabad.jpg;Munição de manejo Magpul Dummy Rounds 5.56x45, 5 Pack Um pacote de cinco munições de manejo 5,56x45 (.223 Remington) feitos de polímero rígi
Coronha Magpul MOE Carbine Stock  Mil-Spec - Preta;1251.00;Acessório;PH-5443;8;https://images.tcdn.com.br/img/img_prod/620600/coronha_magpul_moe_carbine_stock_mil_spec_preta_1_20260526151119_69d121d0b78e.jpg;Coronha Magpul MOE Carbine Stock -Mil-Spec O estoque de carabina MOE - modelo Mil-Spec (equipamento original Magpul) é um buttstock de subst
Coronha Magpul MOE SL Carbine Stock  Mil-Spec - Preta;1876.00;Acessório;PH-5445;20;https://images.tcdn.com.br/img/img_prod/620600/coronha_magpul_moe_sl_carbine_stock_mil_spec_pr_1_20260526151120_3476d5764da1.jpg;Coronha Magpul MOE SL Carbine Stock Mil-Spec O estoque MOE SL - modelo Mil-Spec (MOE Slim Line) é um buttstock de substituição drop-in para 
Coronha para Tube Stock Magpul MOE SL-K Carbine Mil-Spec - Preta;1251.00;Acessório;PH-5447;31;https://images.tcdn.com.br/img/img_prod/620600/coronha_magpul_moe_sl_k_carbine_stock_mil_spec_5447_1_68570b868cb33ebeef8076a563f50c41_20260526151120.png;Coronha Magpul MOE SL-K Carbine Stock Mil-Spec - Preta Uma coronha buttstock de substituição drop-in para tubos de buffer de carabina AR15 /
Coronha Magpul STR Carbine Stock Mil-Spec;2499.00;Acessório;PH-5449;42;https://images.tcdn.com.br/img/img_prod/620600/coronha_magpul_str_carbine_stock_mil_spec_5449_1_2beffb978d2766738378f7379708faf7_20260526151120.png;Coronha Magpul STR Carbine Stock Mil-Spec O estoque de carabina Magpul STR (armazenamento / tipo restrito) - Mil-Spec é um buttstock de subs
Coronha Magpul MOE SL Carbine Stock  Mil-Spec;2185.00;Acessório;PH-5451;8;https://images.tcdn.com.br/img/img_prod/620600/coronha_magpul_moe_sl_carbine_stock_mil_spec_5451_1_e725def3e6db3927afabe621ec71dcd9_20260526151120.png;Coronha Magpul MOE SL Carbine Stock - Mil-Spec A coronha de rifle MOE (equipamento original Magpul) é um substituto para os rifles AR15 / M1
Grip Magpul MOE-K2 Grip  AR15/M4 - Preto;722.00;Acessório;PH-5453;108;https://images.tcdn.com.br/img/img_prod/620600/grip_magpul_moe_k2_grip_ar15m4_preto_1_20260526151120_413e13cc3d45.jpg;Grip Magpul MOE-K2 Grip AR15/M4 Semelhante em conceito ao MOE-K, o MOE-K2 é uma atualização para o AR15 / M4 que oferece um ângulo de empunh
Handguard Magpul MOE M-LOK Mid-Length  AR15/M4 - Preto;1093.00;Acessório;PH-5455;93;https://images.tcdn.com.br/img/img_prod/620600/guarda_mao_magpul_moe_m_lok_hand_guard_mid_length_ar15_m4_5455_1_111c3c970e7438356c0a1893ca2d0437_20260526151121.png;Handguard Magpul MOE M-LOK Mid-Length AR15/M4 O protetor de mão Magpul MOE M-LOK (equipamento original Magpul) para rifles AR15 / M4 com sis
Carregador Magpul PMAG AK/AKM MOE Cal 7.62x39mm - 10 Tiros;551.00;Acessório;PH-5459;35;https://images.tcdn.com.br/img/img_prod/620600/carregador_magpul_pmag_10_ak_akm_moe_5459_1_86cb60723225baa256ca2174c52b6dcb_20260526150712.png;Para realizar a compra, é necessário entrar em contato através do telefone (047) 3041-4049 ou WhatsApp (47) 99119-0416 . Carregador Magpul P
Carregador Magpul PMAG Short Action Calibre .308 Win/7.62x51mm - 10 Tiros;950.00;Acessório;PH-5461;69;https://images.tcdn.com.br/img/img_prod/620600/carregador_magpul_pmag_10_7_62_ac_aics_short_action_5461_1_ae2fd32508c9aa330003ed9747e0c346_20260526150712.png;Compatível com AICS de ação curta, Hunter 700 e CBC RANGER 308. Para realizar a compra, é necessário entrar em contato através do telefone (
Carregador Magpul PMAG GL9 Glock G17 Cal 9mm - 17 Tiros;555.00;Acessório;PH-5465;46;https://images.tcdn.com.br/img/img_prod/620600/carregador_pistola_glock_magpul_pmag_17_gl9_glock_g17_5465_1_e228781f73982f274ec777953ba4356d_20260526150712.png;Para realizar a compra, é necessário entrar em contato através do telefone (047) 3041-4049 ou WhatsApp (47) 99119-0416 . Carregador Magpul P
Talas de empunhadura MagPul MOE 1911 Grip Panels - Preto;548.00;Acessório;PH-5467;46;https://images.tcdn.com.br/img/img_prod/620600/talas_de_empunhadura_moe_1911_grip_panels_5467_1_9e8a9279a4bb5ecb1fad8725a2208ab6_20260526151121.png;Talas de Empunhadura Magpul MOE 1911 Grip Panels Construídos em polímero reforçado para serviços pesados, as talas Grip MOE 1911 têm uma seç
Balaclava Ninja Guns Bélica;74.35;Acessório;PH-5471;4;https://images.tcdn.com.br/img/img_prod/620600/balaclava_ninja_guns_belica_5471_1_70846e55570804d7178036ae2000dfc1_20260526150846.jpg;Balaclava Bélica Ninja Guns A balaclava possui modelagem anatômica, e protege cabeça e pescoço em ambientes de temperatura baixa, de insetos
Carregador Tanfoglio Witness 1911 Cal .45 ACP - 8 Tiros;666.00;Acessório;PH-5477;16;https://images.tcdn.com.br/img/img_prod/620600/carregador_tanfoglio_witness_1911_cal_45_acp_8_tiros_5477_1_b7f6fea8c901b06c4f0f3318b863209f_20260526150712.jpg;Para realizar a compra, é necessário entrar em contato através do telefone (047) 3041-4049 ou WhatsApp (47) 99119-0416 . Carregador para Tan
Alimentador Redding Automático de Espoleta de Barra Deslizante;1093.00;Acessório;PH-5479;18;https://images.tcdn.com.br/img/img_prod/620600/alimentador_redding_automatico_de_espoleta_de_barra_deslizante_5479_1_21d94eb77d4d4903e606f6c7d54664b9_20260526151305.jpg;Alimentador Redding Automático de Espoleta de Barra Deslizante O Sistema de Alimentação Automática de Espoletas da Redding é o upgrade essen
Lanterna NPL10 Nitecore para pistola - 300 lúmens;670.00;Acessório;PH-5483;2;https://images.tcdn.com.br/img/img_prod/620600/lanterna_npl10_nitecore_para_pistola_300_lumens_5483_1_c29193b2094019094d833158a5acff91_20260526151324.jpg;Lanterna NPL10 Nitecore para pistola - 300 lúmens Lanterna e Laser Nitecore NPL10 para acoplamentos em sistema de trilhos Picatiny, e pistol
Suporte para Bipé - Anschutz 64MP R;120.00;Acessório;PH-5485;27;https://images.tcdn.com.br/img/img_prod/620600/suporte_para_bipe_anschutz_64mp_r_5485_1_4fef34196a786a982b80351db8bc1cc3_20260526151248.jpg;Suporte para Bipé - Anschutz 64MP R Suporte para adaptar bipé, estilo Harris, para o modelo Anschutz 64 MP R. Sobre a Anschutz Fundada em 18
Suporte em Aço Ledlenser para lanterna;338.57;Acessório;PH-5487;4;https://images.tcdn.com.br/img/img_prod/620600/suporte_imantado_ledlenser_em_aco_para_lanterna_5487_1_3362e21e6161cc75c9d232a9b80dcd8f_20260526151230.png;Suporte Ledlenser em aço para lanterna Suporte com ímãs para acoplar lanternas em canos de armas de fogo. Diâmetro de 33mm com a primeira ta
"Rifle Weatherby Vanguard Backcountry - Cal .300 Win Mag 26""";41181.00;Arma;PH-5493;2;https://images.tcdn.com.br/img/img_prod/620600/rifle_weatherby_vanguard_backcountry_5493_1_e4c606727faa45ba22dbe6644c098fb5_20260526150655.jpg;"Rifle Weatherby Vanguard Backcountry - Calibre .300 Winchester Magnum 26"" O rifle Weatherby proporciona leveza e performance ano após ano. C"
Coronha Magpul ACS Carbine Stock  Mil-Spec;3466.00;Acessório;PH-5497;22;https://images.tcdn.com.br/img/img_prod/620600/coronha_magpul_acs_carbine_stock_mil_spec_1_20260526151121_c7b6ddbd805e.jpg;Coronha Magpul ACS Carbine Stock - Mil-Spec O Magpul ACS (Adaptable Carbine / Storage) - modelo Mil-Spec é uma buttstock de substituição dro
Base Protetora Ranger para Carregador Magpul AR/M4 Geração 3;508.00;Acessório;PH-5499;43;https://images.tcdn.com.br/img/img_prod/620600/base_protetora_ranger_para_carregador_magpul_arm4_1_20260526151122_cf5a4fc56713.jpg;Base Protetora Ranger para Carregador Magpul AR/M4 Geração 3 A base protetora Magpul PMAG Ranger é uma substituição da base padrão para os c
"Rifle Ruger American Rimfire Standard Polímero - Cal .17 HMR 22""";14312.00;Arma;PH-5501;1;https://images.tcdn.com.br/img/img_prod/620600/rifle_ruger_american_rimfire_standard_oxidado_polimero_cal_17_hmr_22_5501_1_348a9442e1992c4ab3a5a3b7e4cc46a4_20260526150655.jpg;"Rifle Ruger American Rimfire Standard Oxidado Polímero - Cal .17HMR 22"" O Rifle Ruger American Rimfire combina versatilidade, precisão e erg"
"Rifle Ruger American Rimfire Standard Synthetic - Cal .22 LR 22""";14312.00;Arma;PH-5503;6;https://images.tcdn.com.br/img/img_prod/620600/rifle_ruger_american_rimfire_standard_synthetic_cal_22_lr_22_5503_1_43377538002e915e34aae65fc2527ed1_20260526150655.jpg;"Rifle Ruger American Rimfire Standard Synthetic - Calibre .22 LR 22"" O Rifle Ruger American Rimfire oferece versatilidade, precisão e design"
"Rifle Ruger American Rimfire Standard Camo - Cal .17 HMR 18""";17680.00;Arma;PH-5509;1;https://images.tcdn.com.br/img/img_prod/620600/rifle_ruger_american_cal_17hmr_camuflado_5509_1_bf1efadb854542a812fd6027475fb545_20260526150656.jpg;"Rifle Ruger American Rimfire Standard Camo - Calibre .17 HMR 18"" O Ruger American Rimfire Standard Camo é um rifle de ação por ferrolho proj"
"Rifle Ruger Precision Rimfire Bandeira EUA - Cal .22 LR 18""";20600.00;Acessório;PH-5511;1;https://images.tcdn.com.br/img/img_prod/620600/rifle_ruger_precision_cal_22lr_bandeira_usa_5511_2_efd64f33f1285ec4a0b0f503ea4e1567_20260526151357.jpg;"Rifle Ruger Precision Rimfire Bandeira EUA - Calibre .22 LR 18"" O Ruger Precision Rimfire é um rifle de ação por ferrolho projetado para ofe"
"Rifle Ruger Precision Rimfire Black - Cal .17 HMR 18""";19112.00;Acessório;PH-5515;1;https://images.tcdn.com.br/img/img_prod/620600/rifle_ruger_precision_rimfire_17_hmr_black_5515_1_87bde26f0f0d1bb8aec43bf63fbd9aef_20260526151357.png;"Rifle Ruger Precision Rimfire Black - Calibre .17 HMR 18"" Coronha A coronha Rimfire de precisão ajustável de ajuste rápido permite que o com"
"Rifle Ruger 10/22 Carbine Sintético - Cal .22 LR 18.5""";9362.00;Arma;PH-5517;0;https://images.tcdn.com.br/img/img_prod/620600/rifle_10_22_carbine_22_lr_synthetic_5517_1_c6c8dcf8c0af28dd6861cec0a952c77f_20260526150656.jpg;"Rifle Ruger 10/22 Carbine Sintético - Cal .22 LR 18.5"" O Rifle Ruger 10/22 é um dos rifles rimfire mais famosos e utilizados nos EUA. Tem um"
"Rifle Ruger 10/22 Wood Carbine - Cal .22 LR 18.5""";12085.00;Arma;PH-5519;1;https://images.tcdn.com.br/img/img_prod/620600/rifle_10_22_carbine_22_lr_wood_5519_1_8896c0a9f5d5f3e8c7ffde27a8fb1f4a_20260526150656.jpg;"Rifle Ruger 10/22 Wood Carbine - Calibre .22 LR 18.5"" O Ruger 10/22 Wood Carbine é um rifle lendário, projetado com a confiabilidade e desem"
"Rifle Ruger American Rimfire Wood Stock - Cal .22 LR 22""";18222.00;Arma;PH-5521;2;https://images.tcdn.com.br/img/img_prod/620600/rifle_ruger_american_rimfire_wood_stock_cal_22_lr_22_5521_1_d63c5b2bb82bedf7d564266239a0139e_20260526150656.jpg;"Rifle Ruger American Rimfire Wood Stock - Calibre .22 LR 22"" O Ruger American Rimfire Wood Stock é um rifle de ação por ferrolho que oferece"
Revolver Ruger Wrangler Bronze - Cal .22 LR;7200.00;Arma;PH-5523;12;https://images.tcdn.com.br/img/img_prod/620600/revolver_wrangler_22_lr_bronze_5523_2_77ad7ad7e2a4dd6c44bea41315493055_20260526150811.jpg;Revolver Wrangler Bronze - Calibre .22 LR O Ruger Wrangler é um revólver 22 confiável e acessível, projetado para oferecer desempenho excepc
Revolver Ruger Wrangler Silver - Cal .22 LR;7200.00;Acessório;PH-5527;1;https://images.tcdn.com.br/img/img_prod/620600/revolver_wrangler_22_lr_silver_5527_1_7de05984486fc681c474d36503a49a38_20260526150633.jpg;Revolver Wrangler Silver - Calibre .22 LR O Ruger Wrangler é um revólver 22 confiável e acessível, projetado para oferecer desempenho excepc
"Fuzil Semiautomatico Ruger AR MPR - Cal 5.56x45mm 18""";34762.00;Acessório;PH-5531;8;https://images.tcdn.com.br/img/img_prod/620600/fuzil_semiautomatico_ruger_ar_mpr_cal_5_56x45mm_18_5531_1_933879ec24c0ddd31348621e03832289_20260526151357.jpg;"Fuzil Semiautomático Ruger AR MPR - Calibre 5.56x45mm 18"" O Ruger AR MPR é um rifle de alto desempenho, projetado para precisão e durabilida"
"Fuzil Semiautomatico Ruger AR Free-Float Handguard - Cal 5.56x45mm 16,1""";31987.00;Acessório;PH-5533;8;https://images.tcdn.com.br/img/img_prod/620600/fuzil_semiautomatico_ruger_ar_free_float_handguard_cal_5_56x45mm_16_1_5533_1_32618a5b019c7ffc21560f4551fe776e_20260526151357.jpg;"Fuzil Semiautomático Ruger AR Free Float-Handguard - Calibre 5.56x45mm 16,1"" O Ruger AR Free Float Handguard é um rifle projetado para preci"
"Rifle Ruger American Standard Synthetic - Cal .308 Win 22""";25000.00;Arma;PH-5537;6;https://images.tcdn.com.br/img/img_prod/620600/rifle_ruger_american_standard_308_win_synthetic_5537_1_9beca24e0987c4910ffef00a99851240_20260526150657.png;"Rifle Ruger American Standard Synthetic - Calibre .308 Winchester 22"" O Ruger American Standard Synthetic é um rifle projetado para proporci"
"Pistola Ruger Mark IV Target Azul Oxidado - Cal .22 LR 5,5""";22336.00;Acessório;PH-5543;2;https://images.tcdn.com.br/img/img_prod/620600/pistola_ruger_mark_iv_target_azul_oxidado_cal_22_lr_5_5_5543_1_7813f77647db13af8639347fd3b5eed4_20260526150634.jpg;"Pistola Mark IV Target Azul Oxidado - Calibre .22 LR 5,5"" Pistola Ruger Mark IV Calibre .22 – precisão, praticidade e alto desempenho! Seu s"
Revolver Ruger New Model Single-Six Convertible Inox - Cal 22LR/22WMR;28160.00;Acessório;PH-5547;1;https://images.tcdn.com.br/img/img_prod/620600/revolver_ruger_new_model_single_six_convertible_inox_cal_22lr_22wmr_5547_1_0c53353c0eaa3782148f3628b79dfe88_20260526150634.jpg;Revolver Ruger New Model Single-Six Convertible Inox - Calibre 22LR/22WMR O Revólver 22 Ruger New Model Single-Six Convertible é uma opção v
Porta carregador Calibre 12 Terminator;149.42;Acessório;PH-5555;1;https://images.tcdn.com.br/img/img_prod/620600/porta_carregador_calibre_12_terminator_5555_1_4e2759fb4387bcf00ff970ce7929acde_20260526150850.jpg;Porta carregador Calibre 12 Terminator Capacidade extrema de levar o máximo de munição no menor espaço possível para que você seja superior 
Revolver Ruger Blackhawk Convertible Oxidado Blue - Cal .357/9mm;30120.00;Arma;PH-5561;1;https://images.tcdn.com.br/img/img_prod/620600/pre_venda_revolver_blackhawk_convertible_357_9mm_oxidado_blue_5561_1_00edca3f275fba0479fea2f857f127ba_20260526150811.jpg;Revolver Blackhawk Convertible Oxidado Blue - Calibre .357/9mm O Revólver Ruger New Model Blackhawk Calibre 9mm combina tradição e precisão 
Carregador Ruger JMX-1 Cal .22 WMR/.17 HMR - 9 Tiros;518.00;Acessório;PH-5565;20;https://images.tcdn.com.br/img/img_prod/620600/carregador_rifle_ruger_jmx_1_para_calibre_22_wmr_e_17_hmr_5565_1_f07add89bc772c6905ff32a041a8aad0_20260526150713.jpg;Para realizar a compra, é necessário entrar em contato através do telefone (047) 3041-4049 ou WhatsApp (47) 99119-0416 . Carregador Ruger JM
Carregador Ruger BX-25 Cal .22 LR - 25 Tiros;633.00;Acessório;PH-5567;31;https://images.tcdn.com.br/img/img_prod/620600/carregador_rifle_ruger_bx_25_calibre_22lr_5567_1_59a0c9386adc13018d92ac33ab3e1164_20260526150713.jpg;Para realizar a compra, é necessário entrar em contato através do telefone (047) 3041-4049 ou WhatsApp (47) 99119-0416 . Carregador Rifle Ru
Carregador Ruger American Rifle Cal .308 Win/.243 Win/6.5mm Creedmoor - 4 Tiros;922.00;Acessório;PH-5569;15;https://images.tcdn.com.br/img/img_prod/620600/carregador_ruger_american_rifle_calibre_308_5569_1_0338706cdff8e7254e41b3b97c901b64_20260526150713.jpg;Para realizar a compra, é necessário entrar em contato através do telefone (047) 3041-4049 ou WhatsApp (47) 99119-0416 . Carregador Ruger Am
Carregador Rifle Ruger BX-1 Cal .22LR - 10 Tiros;409.00;Acessório;PH-5571;49;https://images.tcdn.com.br/img/img_prod/620600/carregador_rifle_ruger_bx_1_calibre_22lr_5571_1_b60b60f99352509adee67681dd6c4860_20260526150713.jpg;Para realizar a compra, é necessário entrar em contato através do telefone (047) 3041-4049 ou WhatsApp (47) 99119-0416 . Carregador Rifle Ru
Carregador Ruger LCP Cal .380 Auto  - 6 Tiros 1x Unidade;582.00;Acessório;PH-5573;4;https://images.tcdn.com.br/img/img_prod/620600/carregador_ruger_lcp_cal_380_auto_6_tiros_1x_un_1_20260526150713_5e96d611d7cd.jpg;Para realizar a compra, é necessário entrar em contato através do telefone (047) 3041-4049 ou WhatsApp (47) 99119-0416 . Carregador Ruger LC
Bandeja Para Projétil Dillon;917.10;Acessório;PH-5577;15;https://images.tcdn.com.br/img/img_prod/620600/dillon_bullet_tray_kit_5577_1_c43bac6d7d77f2f56ddce98c083d43f1_20260526151305.jpg;Bandeja Para Projétil Dillon Monta-se diretamente no suporte forte. Se encaixa no Square Deal, série RL550 e montagens fortes XL750 / 650. O
Quick Change XL650/XL750 - Dillon;3140.00;Acessório;PH-5579;39;https://images.tcdn.com.br/img/img_prod/620600/dillon_quick_change_xl650_xl750_5579_1_80d7010ce1e6167196fe0e28a65d9a24_20260526151305.jpg;Dillon Quick Change / Troca Rápida - XL650/XL750 Dillon Quick Change XL750 / 650 permite que você deixe suas matrizes e carga de pólvora con
Tubo Coletor de Espoleta Dillon XL650/XL750 - Pack Com 2 Large e 2 Small;450.00;Acessório;PH-5581;22;https://images.tcdn.com.br/img/img_prod/620600/tubo_coletor_de_espoleta_dillon_pack_com_2_large_e_2_small_5581_1_eb262f95c520759a15e3ddf21089b70f_20260526151306.jpg;Tubo Coletor de Espoleta Dillon - Pack Com 2 Large e 2 Small O segredo de realmente acertar um monte de recarga com velocidade. Tenha esses 
Cartucho CBC Cal 12GA Câmara 70mm Balote Knock Down Cx 10 Unidades;264.04;Munição;PH-5585;3;https://images.tcdn.com.br/img/img_prod/620600/cartucho_cbc_cal_12ga_cmara_70mm_balote_knock_down_1_20260526151347_59a9ae787292.jpg;Cartucho CBC Calibre 12GA Câmara 70mm Balote Knock Down Munição CBC Calibre 12 Balote Knock Down Antes de finalizar sua compra confirme a di
Munição CBC Calibre .22LR CHOG Target 40gr Cx 50 Unidades;64.20;Munição;PH-5587;6100;https://images.tcdn.com.br/img/img_prod/620600/munio_cbc_calibre_22lr_chog_target_40gr_1_20260526151333_4b17f3d7066d.jpg;Munição CBC .22LR CHOG Target Munição CBC calibre .22LR Ponta Ogival Antes de finalizar sua compra confirme a disponibilidade de entrega par
Munição CBC Cal .38SPL EXPO 158gr Blister 10 Unidades;134.90;Munição;PH-5591;320;https://images.tcdn.com.br/img/img_prod/620600/munio_cbc_cal_38spl_expo_blister_158gr_1_20260526151333_0b008fcd061a.jpg;Munição CBC Calibre .38SPL EXPO 158gr - Blister Munição CBC calibre .38SPL Expansiva Ponta Oca Antes de finalizar sua compra confirme a disp
Munição CBC Cal .38SPL +P+ EXPO Gold Hex 125gr Blister 10 Unidades;142.00;Munição;PH-5593;40;https://images.tcdn.com.br/img/img_prod/620600/munio_cbc_cal_38spl_p_expo_gold_hex_blister_125g_1_20260526151333_263d26e303ff.jpg;Munição CBC Calibre .38SPL +P+ EXPO Gold Hex Munição CBC calibre .38SPL +P+ EXPO ponta expansiva Antes de finalizar sua compra confirme a di
Munição CCI CAL.45AUTO 230GR FMJ Blazer Brass Cx 50 Unidades;518.37;Munição;PH-5619;1;https://images.tcdn.com.br/img/img_prod/620600/municao_cci_45acp_blazer_fmj_5619_1_d1c0c5295f0ff5024565c4c70ef0dceb_20260526151335.jpg;Munição CCI Calibre .45 ACP Blazer FMJ Munição CCI Calibre .45 ACP Blazer 230 grains Antes de finalizar sua compra confirme a disponibilidad
Coldre Police MOLLE Canhoto para Pistola - Verde;95.00;Acessório;PH-5627;1;https://images.tcdn.com.br/img/img_prod/620600/coldre_police_molle_canhoto_para_pistola_verde_5627_1_6763a4ae838053cf4f1e5b224656d402_20260526151054.jpg;Coldre Police MOLLE Canhoto para Pistola - Verde Fabricado em Cordura 500 que dá alem de resistência uma grande durabilidade. Possui manta p
Coldre Police MOLLE Canhoto para Pistola - Coyote;95.00;Acessório;PH-5629;1;https://images.tcdn.com.br/img/img_prod/620600/coldre_police_molle_canhoto_para_pistola_coyote_5629_1_9121b544cdfcd11b9d60cbe80f341544_20260526151054.jpg;Coldre Police MOLLE Canhoto para Pistola - Coyote Fabricado em Cordura 500 que dá álem de resistência uma grande durabilidade Possui manta p
Porta Algemas Warfare - Verde;39.90;Acessório;PH-5631;2;https://images.tcdn.com.br/img/img_prod/620600/porta_algemas_warfare_verde_5631_1_d6708282dc86b189d3d640bf020a2894_20260526150849.jpg;Porta algema M.O.L.L.E Warfare - Coyote Porta algema em cordura dublada, e pode ser acoplado a qualquer plataforma molle. FICHA TÉCNICA: Mat
Lubrificante com PTFE 4ml Clarus Tactical;34.49;Acessório;PH-5635;5;https://images.tcdn.com.br/img/img_prod/620600/lubrificante_clarus_tactical_com_ptfe_5635_1_0f9c1d8fbe6755217de1739443f54c2d_20260526151045.png;Lubrificante com PTFE Clarus Tactical Lubrificante para armas aditivado com PTFE Lubrificante com PTFE ProArmas By CLARUS Tactical é um lubr
Protetivo Anticorrosivo 1L Clarus Tactical;197.73;Acessório;PH-5641;2;https://images.tcdn.com.br/img/img_prod/620600/protetivo_anticorrosivo_1l_clarus_tactical_5641_1_afc6f3b4b09273449a633a73bc0b6a20_20260526151048.jpg;Protetivo Anticorrosivo 1L Clarus Tactical Proteção Extrema para Armas e Cutelaria Protetivo Anticorrosivo ProArmas By CLARUS Tactical propo
Protetivo Anticorrosivo 60ml Clarus Tactical;62.78;Acessório;PH-5643;4;https://images.tcdn.com.br/img/img_prod/620600/protetivo_anticorrosivo_60ml_clarus_tactical_5643_1_1b67a766ee6ca855bff68e59cb5fd87a_20260526151048.jpg;Protetivo Anticorrosivo 60ml Clarus Tactical Proteção Extrema para Armas e Cutelaria Protetivo Anticorrosivo ProArmas By CLARUS Tactical pro
Higienizador e Desinfetante 60ml Clarus Tactical;44.75;Acessório;PH-5647;10;https://images.tcdn.com.br/img/img_prod/620600/higienizador_e_desinfetante_60ml_clarus_tactical_5647_1_1e1484165f48f6a44db1f60a4185211e_20260526151048.jpg;Higienizador e Desinfetante 60ml Clarus Tactical Higienizador para Equipamentos Táticos e EDC Higienizador e Desinfetante AquaSolv BAF-29 é 
Higienizador e Desinfetante 500ml Clarus Tactical;98.87;Acessório;PH-5649;10;https://images.tcdn.com.br/img/img_prod/620600/higienizador_e_desinfetante_500ml_clarus_tactical_5649_1_f46b8e3322a7e9d179ce024fa0576258_20260526151048.jpg;Higienizador e Desinfetante 500ml Clarus Tactical Higienizador para Equipamentos Táticos e EDC Higienizador e Desinfetante AquaSolv BAF-29 é
Proteção Total PTFE Shield Clarus Tactical;192.92;Acessório;PH-5653;1;https://images.tcdn.com.br/img/img_prod/620600/protecao_total_ptfe_shield_clarus_tactical_5653_1_e2fc5e9534a4d1047b2aecafc32fd27f_20260526151045.png;Proteção Total PTFE Shield Clarus Tactical Protetivo Seco e Lubrificante para Armas Proteção Total PTFE Shield ProArmas By CLARUS Tactical é
Lubrificante para Calibrar Estojos de Munição 100ml Clarus Tactical;104.77;Acessório;PH-5655;3;https://images.tcdn.com.br/img/img_prod/620600/lubrificante_para_calibrar_estojos_de_municao_100ml_clarus_tactical_5655_1_61ac98482a190417f2f78f9411dc8c48_20260526151045.jpg;Lubrificante para Calibrar Estojos de Munição 100ml Clarus Tactical Lubrificante para calibrar estojos de munição Lubrificante para Calibrar
Limpador de Estojos Clarus Tactical;174.04;Acessório;PH-5657;3;https://images.tcdn.com.br/img/img_prod/620600/limpardor_de_estojos_clarus_tactical_5657_1_cfca53e184ab0c491c51a502e13ccdfe_20260526151045.jpg;Limpador de Estojos Clarus Tactical Limpador de estojos de Munição Limpador de Estojos ProArmas By CLARUS Tactical limpa e dá brilho nos est
Lubrificante com Grafeno 4ml Clarus Tactical;53.62;Acessório;PH-5667;1;https://images.tcdn.com.br/img/img_prod/620600/lubrificante_com_grafeno_4ml_clarus_tactical_5667_1_e3b2f3e6a6ded417c474675bceda67b4_20260526151045.jpg;Lubrificante com Grafeno 4ml Clarus Tactical Lubrificante para armas aditivado com Grafeno Lubrificante com Grafeno ProArmas By CLARUS Tacti
"Fuzil Semiautomatico Taurus T4 - Cal 5.56x45mm NATO 14,5""";22116.00;Acessório;PH-5673;1;https://images.tcdn.com.br/img/img_prod/620600/fuzil_semiautomatico_taurus_t4_cal_556x45mm_nato_1_20260526151357_091becb65e93.jpg;"Fuzil Semiautomático Taurus T4A1 Calibre 5.56x45mm NATO 14,5"" O Fuzil Taurus T4A1 é baseado na consagrada plataforma M4/M16 , projetado para"
Prensa Para Recarga XL750 - Dillon;13662.00;Acessório;PH-5675;19;https://images.tcdn.com.br/img/img_prod/620600/prensa_progressiva_de_recarga_dillon_xl750_5675_1_8d5967f473cb317c57869637ad58133c_20260526151255.jpg;Prensa Para Recarga Progressiva XL750 Dillon A Prensa de Recarga Progressiva Dillon XL750 de 5 estações é a escolha definitiva para atirador
"Rifle Semiautomático Tanfoglio TSR 223 Oxidado - Cal .223 Rem 16""";47500.00;Acessório;PH-5677;1;https://images.tcdn.com.br/img/img_prod/620600/rifle_semiautomtico_tanfoglio_tsr_223_oxidado_ca_1_20260526151358_52f3fbb89ccc.jpg;Rifle Semiautomático Tanfoglio TSR 223 Oxidado - Calibre .223 Remington 16” Com o Upper e Lower Receiver fabricados em alumínio 7075 T6 e ac
"Pistola Tanfoglio Combat R - Cal 9mm 4,4""";13600.00;Arma;PH-5679;7;https://images.tcdn.com.br/img/img_prod/620600/pistola_tanfoglio_combat_r_cal_9mm_4_4_5679_1_cf2feeead8905ec3c3968d455b321160_20260526150758.jpg;"Pistola Tanfoglio Combat R - Calibre 9mm 4,4"" A pistola 9mm Tanfoglio Combat R 4,4"" é o modelo base de toda a linha Tanfoglio, reunindo os p"
"Pistola Tanfoglio Witness 1911 Carry - Cal .45 ACP 4,2""";13500.00;Arma;PH-5683;4;https://images.tcdn.com.br/img/img_prod/620600/pistola_tanfoglio_witness_1911_carry_calibre_45acp_5683_1_70d08b27b62b60f208e63551187d4b5b_20260526150800.jpg;"Pistola Tanfoglio Witness 1911 Carry - Calibre .45 ACP 4,2"" Pistola Tanfoglio Witness 1911 Carry .45 ACP 4,2"" – uma versão compacta do icôni"
Alça de Mira Tanfoglio TM003;1495.50;Óptica;PH-5685;2;https://images.tcdn.com.br/img/img_prod/620600/pre_venda_alca_e_maca_de_mira_tanfoglio_5685_1_8b4cf288faba1c0df39bef55a1a5cc34_20260526151133.jpg;Alça de Mira Tanfoglio Valor : R$1.665,00 a prazo ou R$ 1.495,50 à vista. Alça de mira para modelos Tanfoglio. Modelos compatíveis: Force Pr
Massa de mira Tanfoglio - TM006;522.00;Óptica;PH-5687;5;https://images.tcdn.com.br/img/img_prod/620600/massa_de_mira_tanfoglio_tm006_5687_1_560790070d045f5aed87ddc225dd5469_20260526151133.jpg;Massa de mira Tanfoglio Massa de mira para modelos Tanfoglio. Valor: R$580 ,00 à prazo ou R$ 522,00 à vista. Modelos compatíveis: Force 22L 
Massa de Mira Tanfoglio TM007;522.00;Óptica;PH-5689;4;https://images.tcdn.com.br/img/img_prod/620600/massa_de_mira_tanfoglio_tm007_5689_1_766547c2b421207fa8ac550d9c3236bd_20260526151133.jpg;Massa de mira Tanfoglio Massa de mira para modelos Tanfoglio. Valor: R$580,00 à prazo ou R$ 522,00 à vista. Modelos compatíveis: Limited Cus
"Espingarda Eternal Single-Barrel S Synthetic - Cal 20GA 28""";2927.00;Arma;PH-5691;5;https://images.tcdn.com.br/img/img_prod/620600/espingarda_eternal_s_synthetic_cal_20ga_28_5691_1_046d26b450d1c9df95862044b2db8e7b_20260526151022.jpg;"Espingarda Eternal Single-Barrel S Synthetic - Calibre 20GA 28"" A Eternal S Synthetic é a escolha perfeita para quem procura uma espingarda "
"Espingarda Eternal Single-Barrel S Synthetic - Cal 36GA 28""";2927.00;Arma;PH-5693;9;https://images.tcdn.com.br/img/img_prod/620600/espingarda_eternal_s_synthetic_cal_36ga_28_5693_1_c6ccbf210a25307505890aab84e50905_20260526151022.jpg;"Espingarda Eternal Single-Barrel S Synthetic - Calibre 36GA 28"" A Eternal S Synthetic é a escolha perfeita para quem procura uma espingarda "
"Espingarda Eternal Immortal Black Synthetic - Cal 20GA 28""";9386.00;Arma;PH-5695;3;https://images.tcdn.com.br/img/img_prod/620600/espingarda_eternal_immortal_black_synthetic_cal_20ga_28_5695_1_2770a3f19bbd1b440907afec2d39ed10_20260526150723.jpg;"Espingarda Eternal Immortal Black Synthetic - Calibre 20GA 28"" Espingarda semiautomática calibre 20 com desempenho impecável em todos os pro"
"Espingarda Eternal X15 Silver Wood - Cal 12GA 28""";16562.00;Arma;PH-5703;2;https://images.tcdn.com.br/img/img_prod/620600/espingarda_eternal_x15_silver_wood_cal_12ga_28_5703_1_ea478b358193d36263d270fc277207fd_20260526150724.jpg;"Espingarda Eternal X15 Silver Wood - Calibre 12GA 28"" A Eternal X15 Silver é uma espingarda semiautomática de calibre 12 , projetada para of"
"Espingarda Eternal X15 Silver Synthetic - Cal 12GA 28""";16010.00;Arma;PH-5705;2;https://images.tcdn.com.br/img/img_prod/620600/espingarda_eternal_x15_silver_synthetic_cal_12ga_28_5705_1_ef4a809913383580008fe4e35d51b34c_20260526150724.jpg;"Espingarda Eternal X15 Silver Synthetic - Calibre 12GA 28"" A Espingarda Semiautomática X15-X17-X19 combina potência, precisão e durabilidade"
"Espingarda Eternal X17 Silver Wood - Cal 12GA 28""";17114.00;Arma;PH-5707;1;https://images.tcdn.com.br/img/img_prod/620600/espingarda_eternal_x17_silver_wood_cal_12ga_28_5707_1_205fad661138a901fe267f300d2350ea_20260526150724.jpg;"Espingarda Eternal X17 Silver Wood - Calibre 12GA 28"" Marca Eternal Modelo X17 Silver Wood Calibre 12GA Câmara 76mm / 3"" Acessórios e miras "
"Espingarda Eternal X19 Bronze - Cal 12GA 28""";18770.00;Arma;PH-5709;1;https://images.tcdn.com.br/img/img_prod/620600/espingarda_eternal_x19_bronze_cal_12ga_28_5709_1_b3e523f304eb991bd4c7871008f4e05c_20260526150724.jpg;"Espingarda Eternal X19 Bronze - Calibre 12GA 28"" A Espingarda Semiautomática X19 combina potência, precisão e durabilidade com um elegante a"
"Espingarda Eternal Pump Gladiapact Gray Synthetic - Cal 12GA 20""";7454.00;Arma;PH-5710;3;https://images.tcdn.com.br/img/img_prod/620600/espingarda_eternal_pump_gladiapact_gray_synthetic_3_20260526151018_8f5077202cfc.jpg;Espingarda Eternal Gladiapact Pump Synthetic Gray - 12GA Pronto para os maiores desafios? Com a espingarda pump action calibre 12 Eternal Gl
"Espingarda Eternal Combat 1 Synthetic - Cal 12GA 20""";7178.00;Arma;PH-5712;5;https://images.tcdn.com.br/img/img_prod/620600/espingarda_eternal_combat_1_synthetic_cal_12ga_20_5712_1_f4845a92d5bceff01636b4b414b33804_20260526151018.jpg;"Espingarda Eternal Combat 1 Black Synthetic - Calibre 12GA 20"" Espingarda com desempenho de ação deslizante, o cano de combate é feito de aç"
"Espingarda Eternal X19 Green Synthetic - Cal 12GA 28""";17666.00;Arma;PH-5714;2;https://images.tcdn.com.br/img/img_prod/620600/espingarda_eternal_x19_green_synthetic_cal_12ga_28_5714_1_60ff2eded91602edfc51da4dadc5f7b0_20260526150725.jpg;"Espingarda Eternal X19 Green Synthetic - Calibre 12GA 28"" Marca Eternal Modelo X19 Green Synthetic Calibre 12GA Câmara 76mm / 3"" Acessórios "
"Espingarda Eternal X19 Green Wood - Cal 12GA 28""";18770.00;Arma;PH-5716;1;https://images.tcdn.com.br/img/img_prod/620600/espingarda_eternal_x19_green_wood_cal_12ga_28_5716_1_0745b58f4d551ecc0d4431f394570ed6_20260526150725.jpg;"Espingarda Eternal X19 Green Wood - Calibre 12GA 28"" Marca Eternal Modelo X19 Green Wood Calibre 12GA Câmara 76mm / 3"" Acessórios e miras Ma"
"Espingarda Eternal De Luxe Black - Cal 12GA 28""";11042.00;Arma;PH-5718;3;https://images.tcdn.com.br/img/img_prod/620600/espingarda_eternal_deluxe_black_cal_12ga_28_5718_1_143970dc73190ab30c3043776a2d523d_20260526150725.jpg;"Espingarda Eternal De Luxe Black - Calibre 12GA 28"" A espingarda semiautomática calibre 12 Eternal Deluxe Black é a escolha perfeita para qu"
"Espingarda Eternal Single-Barrel Hs - Cal 12GA 28""";2762.00;Arma;PH-5722;8;https://images.tcdn.com.br/img/img_prod/620600/espingarda_eternal_single_barrel_hs_cal_12ga_28_5722_1_8e881a067f5dbfcb195a75fde6ad2a64_20260526151022.jpg;"Espingarda Eternal Single-Barrel Hs - Calibre 12GA 28"" A Espingarda Eternal HS representa a combinação perfeita de simplicidade, robustez e "
"Espingarda Eternal Lethal X1 - Cal 12GA 20""";8834.00;Arma;PH-5724;4;https://images.tcdn.com.br/img/img_prod/620600/espingarda_eternal_lethal_x1_cal_12ga_20_5724_1_9fd8ca707945c31d3341539b8f419b55_20260526150725.jpg;"Espingarda Eternal Lethal X1 - Calibre 12GA 20"" A espingarda semiautomática calibre 12 Eternal Lethal X1 é a escolha definitiva para quem pr"
"Espingarda Eternal Lethal X1 - Cal 12GA 18""";8834.00;Arma;PH-5726;4;https://images.tcdn.com.br/img/img_prod/620600/espingarda_eternal_lethal_x1_cal_12ga_18_5726_1_9fd8ca707945c31d3341539b8f419b55_20260526150725.jpg;"Espingarda Eternal Lethal X1 - Calibre 12GA 18"" A Lethal-X é uma espingarda semiautomática calibre 12, operada a gás, projetada para oferece"
"Espingarda Eternal Single-Barrel Hs - Cal 20GA 28""";2762.00;Arma;PH-5728;5;https://images.tcdn.com.br/img/img_prod/620600/espingarda_eternal_single_barrel_hs_cal_20ga_28_5728_1_8e881a067f5dbfcb195a75fde6ad2a64_20260526151022.jpg;"Espingarda Eternal Single-Barrel Hs - Calibre 20GA 28"" Espingarda Eternal Single-Barrel HS é a escolha perfeita para quem procura uma esping"
"Espingarda Eternal Single-Barrel Hs - Cal 36GA 28""";2762.00;Arma;PH-5730;4;https://images.tcdn.com.br/img/img_prod/620600/espingarda_eternal_single_barrel_hs_cal_36ga_28_5730_1_8e881a067f5dbfcb195a75fde6ad2a64_20260526151023.jpg;"Espingarda Eternal Single-Barrel Hs - Calibre 36GA 28"" Espingarda Eternal Single-Barrel HS é a escolha perfeita para quem procura uma esping"
"Espingarda Eternal Single-Barrel HW Wood - Cal 12GA 28""";3038.00;Arma;PH-5732;7;https://images.tcdn.com.br/img/img_prod/620600/espingarda_eternal_single_barrel_hw_wood_calibre_12ga_28_5732_1_d99453d52d977a90937e61fea795b109_20260526151023.jpg;"Espingarda Eternal Single-Barrel HW Wood - Calibre 12GA 28"" A Espingarda Eternal HW no calibre 12 é a escolha perfeita para quem busca uma a"
"Espingarda Eternal Single-Barrel HW Wood - Cal 16GA 28""";3038.00;Arma;PH-5734;0;https://images.tcdn.com.br/img/img_prod/620600/espingarda_eternal_single_barrel_hw_wood_cal_16ga_28_5734_1_d99453d52d977a90937e61fea795b109_20260526151023.jpg;"Espingarda Eternal Single - Barrel HW Wood - Calibre 16GA 28"" O cano é feito de aço especial forjado. Câmara cromados em hardwhite fornecem "
"Espingarda Eternal Impact Black Synthetic (7+1) - Cal 12GA 28""";8282.00;Arma;PH-5738;6;https://images.tcdn.com.br/img/img_prod/620600/espingarda_eternal_impact_black_synthetic_71_cal_1_20260526150725_12ddbc360014.jpg;"Espingarda Eternal Impactor Black Synthetic (7+1) - Calibre 12GA 28"" A Eternal Impact Black calibre 12 eleva o conceito de espingarda semiau"
"Espingarda Eternal Single-Barrel HW Wood - Cal 20GA 28""";3038.00;Arma;PH-5740;4;https://images.tcdn.com.br/img/img_prod/620600/espingarda_eternal_single_barrel_hw_wood_cal_20ga_28_5740_1_d99453d52d977a90937e61fea795b109_20260526151023.jpg;"Espingarda Eternal Single-Barrel HW Wood - Calibre 20GA 28"" O cano é feito de aço especial forjado. Câmara cromados em hardwhite fornecem du"
"Espingarda Eternal Single-Barrel HW Wood - Cal 36GA 28""";3038.00;Arma;PH-5742;7;https://images.tcdn.com.br/img/img_prod/620600/espingarda_eternal_single_barrel_hw_wood_cal_36ga_28_5742_1_d99453d52d977a90937e61fea795b109_20260526151023.jpg;"Espingarda Eternal Single-Barrel HW Wood - Calibre 36GA 28"" O cano é feito de aço especial forjado. Câmara cromados em hardwhite fornecem du"
"Espingarda Eternal Impactor Gray - Cal 12GA 28""";8834.00;Arma;PH-5744;4;https://images.tcdn.com.br/img/img_prod/620600/espingarda_eternal_impact_gray_cal_12ga_28_5744_1_563a05bddd6f483691a4435f52655a03_20260526150726.jpg;"Espingarda Eternal Impactor Gray - Calibre 12GA 28"" A espingarda semiautomática calibre 12 Eternal Impact Gray é o equipamento perfeito para"
"Espingarda Eternal Spectacular Woodcock - Cal 12GA 28""";12698.00;Arma;PH-5746;3;https://images.tcdn.com.br/img/img_prod/620600/espingarda_eternal_spectacular_woodcock_cal_12ga_28_5746_1_464a79a46fd9cfd3df597035b2bb19ac_20260526150726.jpg;"Espingarda Eternal Spectacular Woodcock - Calibre 12GA 28"" A coronha turca possui um alto nível de acabamento lustroso e um xadrez manual. S"
"Espingarda Eternal Attacker FX-2 Bronze - Cal 12GA 20""";15734.00;Arma;PH-5748;1;https://images.tcdn.com.br/img/img_prod/620600/espingarda_eternal_attacker_fx_2_bronze_cal_12ga_20_5748_1_20260526150726ccd59399c884ec1d9e.jpg;"Espingarda Eternal Attacker FX-2 Bronze - Calibre 12GA 20"" A espingarda semiautomática calibre 12 Eternal Attacker FX-2 Bronze é a escolha c"
"Espingarda Eternal Attacker FX-3 - Cal 12GA 20""";13802.00;Arma;PH-5750;1;https://images.tcdn.com.br/img/img_prod/620600/espingarda_eternal_attacker_fx_3_cal_12ga_20_5750_1_0884bbee26fdedff8e4d8c0958abd7c8_20260526150726.jpg;"Espingarda Eternal Attacker FX-3 - Calibre 12GA 20"" A espingarda semiautomática calibre 12 Eternal Attacker FX-3 12GA é a opção perfeita par"
"Espingarda Eternal Single-Barrel S Synthetic - Cal 12GA 28""";2927.00;Arma;PH-5756;3;https://images.tcdn.com.br/img/img_prod/620600/espingarda_eternal_single_barrel_s_synthetic_cal_12ga_28_5756_1_4ceee6756a26d8c0bdacdd310b190d6d_20260526151023.jpg;"Espingarda Eternal Single-Barrel S Synthetic - Calibre 12GA 28"" A Espingarda Eternal Synthetic no poderoso Calibre 12 é a escolha definitiva"
"Espingarda Eternal Attacker FX-12 Black - Cal 12GA 20""";19874.00;Arma;PH-5758;1;https://images.tcdn.com.br/img/img_prod/620600/espingarda_eternal_attacker_fx_12_black_cal_12ga_20_5758_1_d89675a8f866671d0cf8f98dfae3a06e_20260526150726.png;"Espingarda Eternal Attacker FX-12 Black - Calibre 12GA 20"" A espingarda semiautomática calibre 12 Eternal Attacker FX-12 Black Synthetic é a"
"Espingarda Eternal Attacker FX-12 Antique Red - Cal 12GA 20""";22082.00;Arma;PH-5760;1;https://images.tcdn.com.br/img/img_prod/620600/espingarda_eternal_attacker_fx_12_antique_red_12ga_5760_1_ae3ace81d96612ff2b6b8fa92e3b10d2_20260526150726.jpg;"Espingarda Eternal Attacker FX-12 Antique Red - Calibre 12GA 20"" A espingarda semiautomática calibre 12 Eternal Attacker FX-12 Antique Red é"
"Espingarda Eternal Attacker FX-12 Compact Black - Cal 12GA 20""";19874.00;Arma;PH-5762;1;https://images.tcdn.com.br/img/img_prod/620600/espingarda_eternal_attacker_fx_12_compact_black_cal_12ga_20_5762_1_893a0061c2e6b2ffd986475dc24adcbd_20260526150727.jpg;"Espingarda Eternal Attacker FX-12 Compact Black - Calibre 12GA 20"" Espingarda semiautomática calibre 12 na plataforma estilo AR15. Reúne pot"
"Espingarda Eternal Poseidon White Trap - Cal 12GA 28""";22634.00;Arma;PH-5766;1;https://images.tcdn.com.br/img/img_prod/620600/espingarda_eternal_poseidon_white_trap_cal_12ga_28_5766_1_3d8daa9df8822915e319c2b7f97f38cb_20260526150727.png;"Espingarda Eternal Poseidon White Trap - Calibre 12GA 28"" Tradicional, precisa e elegante. A espingarda Eternal Poseidon combina a qualidade"
Revólver Colt King Cobra Target - Cal .357 Mag;0.00;Arma;PH-5770;0;https://images.tcdn.com.br/img/img_prod/620600/pre_venda_revolver_colt_king_cobra_target_calibre_357_mag_5770_1_5d21f5cfb2762aaf6bb4e1e7550b31fa_20260526150811.jpg;Revólver Colt King Cobra Target - Calibre .357 Mag O King chegou! O King Cobra Target foi cuidadosamente projetado para adaptar o poderoso r
"Pistola Colt 1911 Government Classic - Cal .45 ACP 5""";27650.00;Arma;PH-5774;0;https://images.tcdn.com.br/img/img_prod/620600/pre_venda_pistola_1911_government_classic_calibre_45acp_5774_1_8496e000ce471394397d60706bb27995_20260526150800.jpg;"Pistola Colt 1911 Government Classic - Calibre .45 ACP 5"" Quando você pensa em um Pistola 1911 , você pensa em Colt . Uma homenagem às rever"
"Rifle Colt M4 Carbine - Cal 5.56x45mm 16.1""";43000.00;Acessório;PH-5776;15;https://images.tcdn.com.br/img/img_prod/620600/rifle_colt_m4_carbine_cal_5_56x45mm_16_1_5776_1_7ed5e67832de1121df4f06eeedba7e9e_20260526151358.jpg;Rifle Colt Carbine 5.56 NATO | Carabina Semiautomática Plataforma AR15 O Rifle Colt Carbine 5.56 NATO é destaque entre os rifles táticos por
"Rifle Colt EPR (Enhanced Patrol Rifle)  - Cal 5.56x45mm 16.1""";55625.00;Acessório;PH-5778;8;https://images.tcdn.com.br/img/img_prod/620600/rifle_colt_epr_enhanced_patrol_rifle_cal_5_56x45mm_16_1_5778_1_f90a174481f1a1ba39ae76504cc2e287_20260526151358.jpg;Rifle Colt Enhanced Patrol 5.56 NATO | Carabina Tática Semiautomática AR15 O Rifle Colt Enhanced Patrol 5.56 NATO representa o que há de mai
"Rifle Colt Mid Lenght Carbine - Cal 5.56x45mm 16,1""";47750.00;Acessório;PH-5780;10;https://images.tcdn.com.br/img/img_prod/620600/rifle_colt_mid_lenght_carbine_cal_5_56x45mm_16_1_5780_1_77291f5821c8aaf756ac53be7c37178f_20260526151358.jpg;Rifle Colt Midlength Carbine 5.56 NATO – Versatilidade e Performance Tática O Rifle Colt Midlength Carbine 5.56 NATO é referência mundial em
"Rifle Ata Bolt Action Turqua Laminat  - Cal .308 Win 20""";21900.00;Arma;PH-5784;2;https://images.tcdn.com.br/img/img_prod/620600/pre_venda_rifle_ata_bolt_action_turqua_laminat_20_5784_1_414555dda8fee24ee427f46881e9e1dd_20260526150658.jpg;"Rifle Ata Bolt Action Turqua Laminat - Calibre .308 Winchester 20"" O ATA Arms TURQUA Laminat é o primeiro rifle de ferrolho 100% turco , pro"
"Rifle Ata Bolt Action Turqua Ajustável Synthetic- Cal .308 Win 20""";19700.00;Arma;PH-5788;1;https://images.tcdn.com.br/img/img_prod/620600/pre_venda_rifle_ata_bolt_action_turqua_adjustable_synthetic_20_5788_1_8b9bb65f502f3b937f4d99da3bb25770_20260526150658.jpg;"Rifle Ata Bolt Action Turqua Ajustável Synthetic - Calibre .308 Winchester 20"" O Rifle de Ação por Fechamento TURQUA , apresentado com orgul"
Luneta Continental 4-24x50 Tactical SFP - Vector Optics VEC-SCOL-33T;7709.00;Óptica;PH-5789;31;https://images.tcdn.com.br/img/img_prod/620600/luneta_continental_4_24x50_tactical_sfp_vector_o_1_20260526151144_07070b25bd9a.jpg;Luneta Vector Optics Continental 4-24x50mm SFP Tactical (VEC-SCOL-33T) Linha de Elite Continental: Tubo de 30mm, Sistema Óptico Alemão LaREE
Lanterna para Área de Alto Risco Fenix WT16R - 300 Lúmens;769.00;Acessório;PH-5791;17;https://images.tcdn.com.br/img/img_prod/620600/lanterna_fenix_wt16r_300_lumens_5791_1_d206b60b55f953506c25c3b79d6e709c_20260526151000.jpg;Lanterna Multifuncional Fenix WT16R - 300 Lúmens A lanterna multifuncional Fenix WT16R foi projetada especificamente para manutenção e opera
Lanterna para Área de Alto Risco Fenix WT25R - 1000 Lúmens;946.00;Acessório;PH-5793;7;https://images.tcdn.com.br/img/img_prod/620600/lanterna_fenix_wt25r_1000_lumens_5793_1_71e4f314ee756d79ba5ea14539d8170c_20260526151000.jpg;Lanterna para Área de Alto Risco Fenix WT25R - 1000 Lúmens A lanterna recarregável Fenix WT25R foi projetada especificamente para trabalhos 
Lanterna Tática Fenix PD35 V3.0 - 1700 Lúmens;833.33;Acessório;PH-5795;32;https://images.tcdn.com.br/img/img_prod/620600/lanterna_fenix_pd35_v3_0_1700_lumens_5795_1_fd16222bc269f5af82dd866ac38d0178_20260526150918.png;Lanterna Tática Fenix PD35 V3.0 - 1700 Lúmens A lanterna PD35 V3.0 é destinada a enriquecer as lanternas da série PD35. Esta lanterna oferec
Lanterna para Busca e Resgate Fenix LR80R - 18.000 Lúmens;5694.00;Acessório;PH-5797;5;https://images.tcdn.com.br/img/img_prod/620600/lanterna_para_busca_e_resgate_fenix_lr80r_18000_1_20260526151000_e790f3fcdce8.jpg;Lanterna para Busca e Resgate Fenix LR80R - 18000 Lúmens A Fenix LR80R é a definição de um holofote portátil superbrilhante. A lanterna irá 
Lanterna para Busca e Resgate Fenix LR50R - 12.000 Lúmens;4074.00;Acessório;PH-5799;5;https://images.tcdn.com.br/img/img_prod/620600/lanterna_para_busca_e_resgate_fenix_lr50r_12000_1_20260526151000_6752710d0fa7.jpg;Lanterna para Busca e Resgate Fenix LR50R - 12.000 Lúmens A Fenix LR50R é uma lanterna super brilhante feita para busca e salvamento. Emite 
Lanterna EDC Fenix E09R - 600 Lúmens;465.00;Acessório;PH-5801;60;https://images.tcdn.com.br/img/img_prod/620600/lanterna_edc_fenix_e09r_600_lmens_1_20260526150929_65093d474bae.jpg;Lanterna EDC Fenix E09R - 600 Lúmens A lanterna Fenix E09R é uma lanterna recarregável de alto desempenho, compacta e poderosa. Com uma bate
Lanterna para Área de Alto Risco Fenix WF30RE - 280 Lúmens;1159.00;Acessório;PH-5805;11;https://images.tcdn.com.br/img/img_prod/620600/lanterna_fenix_wf30re_280_lumens_5805_1_e3d235ca4f4e8a43404c7d7ab3b83f47_20260526151000.jpg;Lanterna para Área de Alto Risco Fenix WF30RE - 280 Lúmens A WF30RE é uma lanterna intrinsecamente segura , destinada a todas as áreas com r
Lanterna para Cabeça Fenix HL18R-T - 500 Lúmens;651.00;Acessório;PH-5807;6;https://images.tcdn.com.br/img/img_prod/620600/lanterna_fenix_hl18r_t_500_lumens_5807_1_e3ae98321aa9aaf34bdb8c0159d7aa5e_20260526150938.png;Lanterna para Cabeça Fenix HL18R-T - 500 Lúmens Desenvolvida para corridas em trilhas, a Fenix HL18R-T é uma lanterna leve e eficiente , ofe
Lanterna para Cabeça Fenix HP16R 1250 Lúmens;1402.00;Acessório;PH-5809;15;https://images.tcdn.com.br/img/img_prod/620600/lanterna_fenix_hp16r_1700_lumens_5809_1_c93986ee3e3594f8c74d25e0d951f216_20260526150938.jpg;Lanterna para Cabeça Fenix HP16R - 1250 Lúmens A Fenix HP16R é uma lanterna recarregável de alto desempenho para uso externo. O modo Spotlig
Lanterna para Cabeça Fenix HM65R-T - 1500 Lúmens;1300.00;Acessório;PH-5811;2;https://images.tcdn.com.br/img/img_prod/620600/lanterna_fenix_hm65r_t_1300_lumens_5811_1_1f78b04e16963b6b3bd4cfc7ac03898e_20260526150938.png;Lanterna para Cabeça Fenix HM65R-T - 1500 Lúmens A Lanterna recarregável Fenix HM65R-T é a parceira perfeita para corridas em trilha. Constr
Lanterna Tática Fenix TK16 V2.0 - 3100 Lúmens;1151.00;Acessório;PH-5813;7;https://images.tcdn.com.br/img/img_prod/620600/lanterna_ttica_fenix_tk16_v20_3100_lmens_1_20260526150919_cc4802622691.jpg;Lanterna Tática Fenix TK16 V2.0 - 3100 Lúmens A lanterna Fenix TK16 V2.0 oferece funcionalidade e desempenho, autorizando-a como uma ferrame
Lanterna para Atividades Profissionais Fenix LD32 UVC - 1200 Lúmens;1070.00;Acessório;PH-5815;18;https://images.tcdn.com.br/img/img_prod/620600/lanterna_fenix_ld32_uvc_1200_lumens_5815_1_a3d12bd0bcdfde0c84688f8c541dc235_20260526151001.jpg;Lanterna para Atividades Profissionais Fenix LD32 UVC - 1200 Lúmens A Fenix LD32 UVC é uma lanterna portátil multifuncional com capacidade d
Lanterna Tática Fenix PD32 V2.0 - 1200 Lúmens;689.00;Acessório;PH-5817;26;https://images.tcdn.com.br/img/img_prod/620600/lanterna_tatica_fenix_pd32_v2_0_1200_lumens_5817_1_7ce2d6910335bf118166bb067a5b8814_20260526150920.jpg;Lanterna Tática Fenix PD32 V2.0 - 1200 Lúmens A versão atualizada da Fenix PD32 V2.0 é uma lanterna versátil com um corpo compacto. Esta lan
Lanterna EDC Fenix E-LITE - 150 Lúmens;224.00;Acessório;PH-5819;20;https://images.tcdn.com.br/img/img_prod/620600/lanterna_fenix_e_lite_150_lumens_5819_1_8b1fd5b22b025edd773e9876cf5453e6_20260526150930.jpg;Lanterna EDC Fenix E-LITE - 150 Lúmens A Fenix E-LITE é uma super miniluz multiuso que pode ser presa em um chapéu, bolso, mochila, biciclet
Lanterna EDC Fenix E02R Preto - 200 Lúmens;273.00;Acessório;PH-5821;46;https://images.tcdn.com.br/img/img_prod/620600/lanterna_fenix_e02_r_200_lumens_black_5821_1_2b2a6f472ba0224df128e77015364cac_20260526150930.jpg;Lanterna EDC Fenix E02R Preto - 200 Lúmens A Fenix E02R é uma lanterna chaveiro recarregável USB, feita de alumínio de qualidade, totalmente
Kit de Limpeza de Armas com 5 peças - Vector Optics;67.00;Acessório;PH-5823;252;https://images.tcdn.com.br/img/img_prod/620600/kit_de_limpeza_de_armas_com_5_pecas_5823_1_c69c0e49d892f7287cba5acd4db34098_20260526151048.jpg;Kit de Limpeza de Armas com 5 peças O Kit de limpeza para armas conta com 5 itens fáceis de utilizar que ajudam a alcançar os menores cantos
Kit de Limpeza com 19 Peças - Vector Optics;180.00;Acessório;PH-5825;3;https://images.tcdn.com.br/img/img_prod/620600/kit_de_limpeza_19_pecas_5825_1_221229ff1c6abd447989edf77e75f518_20260526151048.jpg;Kit de Limpeza com 19 Peças - Vector Optics Conjunto de 19 peças que acompanha 1 corda e 2 varas de Bronze de conexão 2 pontas com fenda 1 p
Luneta Forester 1-5x24 IR SFP - Vector Optics SCOC-03;2420.00;Óptica;PH-5827;13;https://images.tcdn.com.br/img/img_prod/620600/luneta_forester_1_5x24_sfp_vector_optics_scoc_03_1_20260526151145_34b99af95415.jpg;Luneta Vector Optics Forester 1-5x24 IR SFP (SCOC-03) Agilidade Dinâmica LPVO: Monotubo de 30mm, Imagem Edge-to-Edge, Retículo VFD-2 Ilumina
Luneta Vector Optics Continental 2-12x50mm SFP SCOM-15;6936.00;Óptica;PH-5829;29;https://images.tcdn.com.br/img/img_prod/620600/luneta_continental_2_12x50_sfp_vector_optics_1_20260526151146_556a74f2a338.jpg;Luneta Vector Optics Continental 2-12x50mm SFP (SCOM-15) Desempenho Continental x6: Vidro Schott HT, Objetiva de 50mm e Torres Protegidas A 
Luneta Continental 5-30x56 SFP - Vector Optics VEC-SCOL-22;6056.00;Óptica;PH-5831;24;https://images.tcdn.com.br/img/img_prod/620600/luneta_continental_5_30x56_sfp_vector_optics_1_20260526151147_a2f6fe21e146.jpg;Luneta Vector Optics Continental 5-30x56 SFP (SCOL-22) Engenharia Alemã para Alcance Extremo e Nitidez Absoluta A Continental 5-30x56 (SCOL-
"Suporte para Luneta 1""/25,4mm Perfil Alto - Vector Optics";114.00;Acessório;PH-5833;31;https://images.tcdn.com.br/img/img_prod/620600/suporte_para_luneta_vector_optics_1_25_4mm_perfil_alto_5833_1_7b4739a873f88ee24c6052c3e898abb7_20260526151230.png;Suporte para Luneta Vector Optics 25,4mm perfil alto Mount de 25,4mm de diâmetro, feito em CNC , perfil alto 29mm da base ao centro do anel,
Suporte para Luneta X-ACCU de 30mm perfil alto;198.00;Acessório;PH-5837;9;https://images.tcdn.com.br/img/img_prod/620600/suporte_para_luneta_x_accu_de_30mm_perfil_alto_5837_1_9c16441685fdd01989e004d872afa157_20260526151231.jpg;"Suporte para Luneta X-ACCU 25,4mm perfil alto Serviço Pesado, Alinhamento Perfeito e Precisão Superior, Feito em CNC, Perfil Alto de 1,5"", 3"
Lanterna Recarregável Fenix C6 V3.0 LED - 1500 Lúmens;432.00;Acessório;PH-5841;198;https://images.tcdn.com.br/img/img_prod/620600/lanterna_recarregvel_fenix_c6_v30_led_1500_lmens_1_20260526151001_53ed9c2f76ee.jpg;Lanterna Recarregável Fenix C6 V3.0 LED - 1500 Lúmens A Fenix C6 V3.0 é uma lanterna recarregável de alto desempenho , projetada especificam
Suporte para Luneta Mark Weaver 30mm Perfil Médio - Vector Optics;150.00;Acessório;PH-5845;29;https://images.tcdn.com.br/img/img_prod/620600/suporte_para_luneta_mark_weaver_30mm_perfil_medio_5845_1_8a2deb29abd91d7b075dd42c17f7ab36_20260526151231.png;Suporte para Luneta Mark Weaver 30mm Perfil Médio - Vector Optics Mount de 30mm de diâmetro, perfil médio 25,4mm da base ao centro do anel, 
Anel de Montagem 30mm para Luneta;90.00;Acessório;PH-5847;26;https://images.tcdn.com.br/img/img_prod/620600/anel_de_montagem_30mm_para_luneta_5847_1_9d9bf917f22e1e0f35fdd3b17bf185cb_20260526151213.jpg;"Anel de Montagem 30mm para Luneta Suporte de luneta 30mm de diâmetro com adaptador 1"", trilho padrão picatinny na parte superior. Fácil de u"
Protetor de Agulha Snap Cap .40 S&W - Vector Optics;154.00;Munição;PH-5849;14;https://images.tcdn.com.br/img/img_prod/620600/protetor_de_agulha_snap_cap_40_sew_5849_1_da9d15df05de649509022f4ac759130f_20260526151126.jpg;Protetor de Agulha Snap Cap .40 S&W - Vector Optics Totalmente seguro, o Snap Cap é uma munição fake igual a arma de fogo, porém, não contém
Protetor de Agulha Snap Cap .45 ACP - Vector Optics;154.00;Munição;PH-5851;5;https://images.tcdn.com.br/img/img_prod/620600/protetor_de_agulha_snap_cap_45_acp_5851_1_59937a274a976f7ff3f122d0948640be_20260526151127.jpg;Protetor de Agulha Snap Cap .45 ACP - Vector Optics Totalmente seguro, o Snap Cap é uma munição fake igual a arma de fogo, porém, não contém
Protetor de Agulha Snap Cap 9mm 12 peças - Vector Optics;229.00;Munição;PH-5853;16;https://images.tcdn.com.br/img/img_prod/620600/protetor_de_agulha_snap_cap_9mm_12_pecas_5853_1_3c4c1d85c44880343913a270095cfd3a_20260526151128.jpg;Protetor de Agulha Snap Cap 9mm - Vector Optics Totalmente seguro, o Snap Cap é uma munição fake igual a arma de fogo, porém, não contém esp
Maverick 1x22 Dark Earth Rubber Cover - Vector Optics;1437.00;Acessório;PH-5855;87;https://images.tcdn.com.br/img/img_prod/620600/maverick_1x22_dark_earth_rubber_cover_vector_opt_1_20260526151232_d3d6ad875d9e.jpg;Maverick 1x22 Dark Earth Rubber Cover - Vector Optics Compacto, sólido e leve para todas as aplicações tática, caça e esportes. A prova d'ág
Red Dot Frenzy 1x22x26mm MOS com Sensor de Movimento  SCRD-36 Vector Optics;2394.00;Óptica;PH-5857;58;https://images.tcdn.com.br/img/img_prod/620600/red_dot_frenzy_1x22x26mm_mos_com_sensor_de_movimen_1_20260526151207_327543af476d.png;Red Dot Frenzy 1x22x26mm MOS com Sensor de Movimento SCRD-36 Vector Optics Janela Expandida, Sensor de Movimento Inteligente e Pegada RMR co
Colimador Universal - Modelo LBC01P - Vector Optics;257.00;Acessório;PH-5861;1;https://images.tcdn.com.br/img/img_prod/620600/colimador_universal_modelo_lbc01p_5861_1_229ed0fd5385a9a925f5f2b4780689b1_20260526151240.jpg;Colimador Universal - Modelo LBC01 - Vector Optics Colimador universal de laser vermelho que permite um ajuste rápido e eficiente de sua mir
Luneta Victoptics 4-16x44mm SFP OPSL16 - Vector Optics;1334.00;Óptica;PH-5863;15;https://images.tcdn.com.br/img/img_prod/620600/luneta_victoptics_s4_4_16x44_sfp_vector_optics_1_20260526151146_69bf8e2155f3.jpg;Luneta Victoptics 4-16x44mm SFP (OPSL16) - BY Vector Optics Precisão Tática Expandida: Tubo de 30mm, Retículo MDL, Ajuste de 1/10 MIL e Torr
Luneta Victoptics S4 6-24x50mm SFP OPSL17 - Vector Optics;1542.00;Óptica;PH-5865;11;https://images.tcdn.com.br/img/img_prod/620600/luneta_victoptics_s4_6_24x50_vector_optics_1_20260526151146_958d5a7c5ef8.jpg;Luneta Victoptics S4 6-24x50mm SFP (OPSL17) - BY Vector Optics Alta Ampliação e Foco Preciso: Tubo de 30mm, Retículo MDL, Ajuste de 1/10 MIL
Luneta Victoptics ZOD 1-4x20IR - Vector Optics VEC-OPSL21;930.00;Óptica;PH-5867;15;https://images.tcdn.com.br/img/img_prod/620600/luneta_victoptics_zod_1_4x20ir_vector_optics_1_20260526151148_e993f9cfe110.jpg;Luneta Victoptics ZOD 1-4x20IR LPVO SFP (VEC-OPSL21) Conceito LPVO e Foco Lateral Móvel: Monotubo de 25,4mm, Retículo Balístico VMD-2, Lente
Red Dot Victoptics CRL 1x22 - Vector Optics;444.00;Óptica;PH-5869;160;https://images.tcdn.com.br/img/img_prod/620600/red_dot_victoptics_crl_1x22_5869_5_f16f290bcb3fb546b9bf7fd59acdd82a_20260526151204.jpg;Mira Red Dot Vector Optics Victoptics CRL 1x22 RDSL17 Design Tático Versátil, Construção em Alumínio 6061 e Sistema de Base Dupla O Red Dot 
Lanterna EDC Fenix E02R Marrom - 200 Lúmens;273.00;Acessório;PH-5871;51;https://images.tcdn.com.br/img/img_prod/620600/lanterna_fenix_e02_r_200_lumens_marrom_5871_1_24f9ce12c5584c010b019b91759d54f2_20260526150930.jpg;Lanterna EDC Fenix E02R Marrom- 200 Lúmens A Fenix E02R é uma lanterna chaveiro recarregável USB, feita de alumínio de qualidade, totalmente
Lanterna EDC Fenix E02R Azul - 200 Lúmens;273.00;Acessório;PH-5873;53;https://images.tcdn.com.br/img/img_prod/620600/lanterna_fenix_e02r_200_lumens_azul_5873_1_29c06fc3b366e7ca4573eb2d9524495f_20260526150930.jpg;Lanterna EDC Fenix E02R Azul - 200 Lúmens A Fenix E02R é uma lanterna chaveiro recarregável USB, feita de alumínio de qualidade, totalmente 
Anel ACD 30mm para Luneta - Vector Optics;92.00;Acessório;PH-5875;20;https://images.tcdn.com.br/img/img_prod/620600/anel_30mm_para_luneta_acd_5875_1_cb43ad1370b5518fd67cb14662982c87_20260526151214.jpg;Anel ACD 30mm para Luneta - Vector Optics 30mm diâ metro com nível bolha, desenvolvido para armas de fogo sendo inteiramente de metal, leve 
Lanterna para Áreas de Risco Fenix WF11E - 200 Lúmens;712.00;Acessório;PH-5877;15;https://images.tcdn.com.br/img/img_prod/620600/lanterna_para_reas_de_risco_fenix_wf11e_200_lmen_1_20260526151001_f75625a85680.jpg;Lanterna para Áreas de Risco Fenix WF11E - 200 Lúmens A WF11E também possui um clipe magnético , permitindo que você a deixe presa em qualqu
Bipé LIT V - Vector Optics;389.00;Acessório;PH-5879;16;https://images.tcdn.com.br/img/img_prod/620600/bipe_lit_v_5879_1_e773209843793045a2489a1aee2b980d_20260526151248.jpg;Bipé LIT V - Vector Optics O LIT V é um bipé Vector Optics portátil , versátil e estável , ótimo para as posições agachado e sentado . P ode
Tripé ELP V - Vector Optics;376.00;Acessório;PH-5881;2;https://images.tcdn.com.br/img/img_prod/620600/tripe_elp_v_5881_1_d039c22fb7067bacf2a8ea1a898c7ca7_20260526151248.jpg;Tripé ELP V - Vector Optics Com extensão de 15 á 24cm, suporta até 5kg, com encaixe V que permite giro de 360, tubo 6061T-6 , cor preto fosc
Descanso para Arma de Fogo TPM - Vector Optics;553.00;Acessório;PH-5883;17;https://images.tcdn.com.br/img/img_prod/620600/descanso_para_arma_de_fogo_tpm_5883_7_ac73be1e69df856f38f8f65be26cdd20_20260526151249.jpg;Descanso para Arma de Fogo TPM - Vector Optics Portátil, versátil e estável com uma p lataforma em alumínio com dois encaixes V antiderrapan
Anel ACD 25.4mm para Luneta - Vector Optics;84.00;Acessório;PH-5887;32;https://images.tcdn.com.br/img/img_prod/620600/anel_acd_25_4mm_para_luneta_5887_1_cb43ad1370b5518fd67cb14662982c87_20260526151215.jpg;Anel ACD 25.4mm para Luneta - Vector Optics 25.4mm diâ metro com nível bolha, desenvolvido para armas de fogo sendo feito inteiramente de me
Anel ACD 40mm para Luneta  - Vector Optics;134.00;Acessório;PH-5893;1;https://images.tcdn.com.br/img/img_prod/620600/anel_acd_40mm_para_luneta_5893_1_29d5a10621711d8400e9197086960386_20260526151215.jpg;Anel ACD 40mm para Luneta - Vector Optics 40mm diâ metro com nível bolha, desenvolvido para armas de fogo sendo feito inteiramente de metal,
Nível Lateral 21mm para Trilho Weaver e Picatinny - Vector Optics;77.00;Acessório;PH-5897;24;https://images.tcdn.com.br/img/img_prod/620600/nivel_bolha_21mm_para_trilho_weaver_5897_1_44f18abeaf9866a453e45dd8c674795e_20260526151232.jpg;Nível bolha lateral 21mm para Trilho Dovetail e Picatinny - Vector Optics Comprimento 52mm Material Alumínio 6063-T6 Mount 21mm Weaver e Pic
Binóculo Forester 10x42 - Vector Optics;1292.00;Acessório;PH-5901;23;https://images.tcdn.com.br/img/img_prod/620600/binoculo_10x42_florestal_5901_1_7ab176d645e2491dcea0c1874d7f39b0_20260526151320.jpg;Binóculos Forester 10x42 - Vector Optics Binóculo Victoptics é um equipamento compacto e leve, com um ótimo alto alcance e qualidade, podend
Bipé Swivels 15-26'' - Vector Optics;755.00;Acessório;PH-5903;22;https://images.tcdn.com.br/img/img_prod/620600/bipe_estilo_harris_swivels_15_26_vector_optics_5903_1_dd40479a774691e6b422feef97c0d4e6_20260526151249.jpg;"Bipé Swivels 15-26'' - Vector Optics O Bipé Swivels 15-26"" é construído totalmente em metal, garantindo máxima resistência e durabilidade . "
Bipé Universal 8.8-10.6'' - Vector Optics;274.00;Acessório;PH-5905;1;https://images.tcdn.com.br/img/img_prod/620600/bipe_universal_8_8_10_6_vector_optics_5905_1_e89555a86bf7349f30fd3e36c6ce0623_20260526151250.jpg;"Bipé Universal 8.8-10.6'' Vector Optics O Bipé Universal 8,8-10,6"" oferece extrema resistência com sua estrutura totalmente em metal e ajust"
Kit de limpeza Universal 62 peças - Vector Optics;483.00;Acessório;PH-5907;17;https://images.tcdn.com.br/img/img_prod/620600/kit_de_limpeza_universal_62_pecas_5907_1_a9045d07aa1af209730a3a2732f89f3c_20260526151049.jpg;Kit de Limpeza Universal - Vector Optics Limpeza completa para sua arma. Contem todos acessórios necessários para limpeza da sua arma, malet
Magnifier 5x com Flip Side Mount - Vector Optics;1294.00;Acessório;PH-5915;2;https://images.tcdn.com.br/img/img_prod/620600/magnifier_5x_com_flip_side_mount_vector_optics_5915_1_bf01ae78dac640121e42722a85642e9c_20260526151237.jpg;Magnifier 5x com Flip Side Mount - Vector Optics Mira 5x ajustável de ponto vermelho, com encaixe para trilho Picatinny e com descanso ocula
Red Dot Centurion 1x20 SCRD-33 - Vector Optics;2075.00;Óptica;PH-5919;54;https://images.tcdn.com.br/img/img_prod/620600/red_dot_vector_optics_centurion_1x20_5919_1_f5262d299d24fa2d03c2d2af515092a8_20260526151205.jpg;Red Dot Centurion 1x20 SCRD-33 Vector Optics Máxima Velocidade de Enquadramento, Ultra Autonomia e Resiliência Magnum Eleve sua precisão, ve
Bipé de Caça com Haste Dobrável KNE - Vector Optics;279.00;Acessório;PH-5929;6;https://images.tcdn.com.br/img/img_prod/620600/bipe_de_caca_com_haste_dobravel_kne_vector_optics_5929_1_e349a32e62613061aa356dcbd2789b8b_20260526151250.jpg;Bipé de Caça com Haste Dobrável - Vector Optics Feito em metal, 1 metro de altura aberto e 45cm dobrado, base de aço , suporte em Plástico A
Lanterna para Armas Olight - BALDR IR;1781.50;Acessório;PH-5931;10;https://images.tcdn.com.br/img/img_prod/620600/lanterna_para_armas_olight_baldr_ir_5931_1_447e88d3300a1daf249c74a0b9fb186d_20260526151324.jpg;Lanterna para Armas Olight BALDR IR - 1.350 Lúmens com Laser Infravermelho A Olight BALDR IR é uma lanterna tática avançada que combina 1.35
Lanterna para Armas Olight - BALDR Mini (Preta);1447.50;Acessório;PH-5933;21;https://images.tcdn.com.br/img/img_prod/620600/lanterna_para_armas_olight_baldr_mini_preta_5933_4_cfabaaf248cf0b04b85ff465d430e2f9_20260526151324.jpg;Lanterna para Armas Olight - BALDR Mini (Preta) A OLIGHT BALDR Mini é uma combinação compacta de luz branca e laser verde, integrando a prat
Lanterna para Armas Olight - BALDR Mini (Desert Tan);1447.50;Acessório;PH-5935;27;https://images.tcdn.com.br/img/img_prod/620600/lanterna_para_armas_olight_baldr_mini_desert_tan_5935_1_cc6b6cc10d113ac1613924e714dbae6e_20260526151325.jpg;Lanterna para Armas Olight BALDR Mini - Desert Tan (600 Lúmens e Laser Verde) A Olight BALDR Mini Desert Tan é uma lanterna tática ultracomp
Lanterna para Armas Olight - BALDR RL (Preta);1447.50;Acessório;PH-5937;29;https://images.tcdn.com.br/img/img_prod/620600/lanterna_para_armas_olight_baldr_rl_preta_5937_1_42220c135a1045a11051c0be3626be3a_20260526151325.jpg;Lanterna para Armas Olight BALDR RL - Preta (1.120 Lúmens e Laser Vermelho) A Lanterna para Armas Olight BALDR RL combina iluminação de alta
Lanterna para Armas Olight - BALDR RL (Desert Tan);1447.50;Acessório;PH-5939;29;https://images.tcdn.com.br/img/img_prod/620600/lanterna_para_armas_olight_baldr_rl_desert_tan_5939_1_6e252d1d245f0ded239ce9d6049dfe75_20260526151326.jpg;Lanterna para Armas Olight BALDR RL - Desert Tan (1.120 Lúmens e Laser Vermelho) A Olight BALDR RL Desert Tan é uma lanterna tática para pis
Lanterna Olight Baton - (Preta);1113.50;Acessório;PH-5941;5;https://images.tcdn.com.br/img/img_prod/620600/lanterna_olight_baton_preta_5941_5_46e6a8b2ba1220befc513b12add69dd7_20260526150635.jpg;Lanterna Olight Baton 3 - Preta (1200 Lúmens) A Olight Baton 3 é uma lanterna EDC compacta e de alto desempenho que entrega até 1200 lúmens 
Lanterna Olight Baton - (Vermelha);1113.50;Acessório;PH-5943;5;https://images.tcdn.com.br/img/img_prod/620600/lanterna_olight_baton_vermelha_5943_5_48a66b6e96ad1650670f8c9181341e28_20260526150636.jpg;Lanterna Olight Baton 3 - Vermelha (1200 Lúmens) A Olight Baton 3 Red é uma lanterna EDC ultracompacta que entrega até 1.200 lúmens e alcanc
Bateria Fenix Recarregável 21700 4000mAh 3.6V 14.4Wh De Íon de Lítio ARB-L21-4000P;267.00;Acessório;PH-5945;13;https://images.tcdn.com.br/img/img_prod/620600/bateria_21700_recarregvel_fenix_arb_l21_4000p_1_20260526151004_84dcc3ac3025.jpg;Bateria Fenix Recarregável 21700 4000mAh 3.6V (ARB-L21-4000P) A ARB-L21-4000P é a escolha definitiva para quem busca performance extrema. De
Lanterna para Armas Olight - BALDR RL MINI;1224.80;Acessório;PH-5947;11;https://images.tcdn.com.br/img/img_prod/620600/lanterna_para_armas_olight_baldr_rl_mini_5947_1_87e464ae447e8e0b3aefe364880687f8_20260526151325.jpg;Lanterna para Armas Olight BALDR RL MINI (600 Lúmens e Laser Vermelho) A Olight BALDR RL MINI é uma lanterna tática ultracompacta para pisto
Lanterna para Armas Olight - BALDR RL MINI (Desert Tan);1336.10;Acessório;PH-5951;27;https://images.tcdn.com.br/img/img_prod/620600/lanterna_para_armas_olight_baldr_rl_mini_desert_tan_5951_4_04732c151267292964c9eb6adbc7e040_20260526151326.jpg;Lanterna para Armas Olight BALDR RL MINI - Desert Tan (600 Lúmens e Laser Vermelho) A Lanterna para Armas Olight BALDR RL MINI na cor Desert
Lanterna para Camping Fenix CL20R Azul - 300 Lúmens;474.00;Acessório;PH-5953;24;https://images.tcdn.com.br/img/img_prod/620600/lanterna_camping_fenix_cl20r_300_lumens_azul_5953_1_6b42aeb0e34917558366af9fae4c8ed5_20260526150946.jpg;Lanterna para Camping Fenix CL20R - 300 Lúmens A Lanterna de Camping Recarregável Fenix CL20R oferece uma potência de até 300 lúmens graças 
Suporte Magnético Olight para Lanterna;389.90;Acessório;PH-5955;7;https://images.tcdn.com.br/img/img_prod/620600/suporte_para_lanterna_olight_5955_1_93474d557998c619f2d5beb5203c84e9_20260526150950.jpg;Suporte Magnético para Lanterna Olight (Mount) - 23mm a 26mm O Olight Magnetic Flashlight Mount é um suporte magnético projetado para fixar 
Lanterna EDC Fenix E01 V2.0 Azul - 100 Lúmens;170.00;Acessório;PH-5957;22;https://images.tcdn.com.br/img/img_prod/620600/lanterna_edc_fenix_e01_v20_azul_100_lmens_1_20260526150931_64c330ab0ed3.jpg;Lanterna EDC Fenix E01 V2.0 Azul - 100 Lúmens A Fenix E01 V2.0 é uma mini lanterna para chaves com tamanho e peso mínimos. Com a bateria AAA
Canivete Dobrável Ruike P661-B;312.00;Acessório;PH-5959;6;https://images.tcdn.com.br/img/img_prod/620600/canivete_dobrvel_ruike_p661_b_1_20260526151040_cdf1892cda99.jpg;Canivete Dobrável Ruike P661 - Preto O P661 é um canivete EDC compacto, sólido e com um bom equilíbrio de portabilidade e funcionalidade. Su
Canivete Dobrável Ruike P662-B;312.00;Acessório;PH-5963;8;https://images.tcdn.com.br/img/img_prod/620600/canivete_ruike_p662_black_5963_1_99b143a1759c13329533655dbafc7bc0_20260526151040.jpg;Canivete Dobrável Ruike P662 - Preto O P662 é uma canivete EDC compacto, sólido e com bom equilíbrio de portabilidade e funcionalidade. Sua 
Bolsa para Cintura Impermeável Fenix AFB-10 - Preto;108.00;Acessório;PH-5967;4;https://images.tcdn.com.br/img/img_prod/620600/bolsa_para_cintura_impermeavel_fenix_afb_10_black_5967_1_94b6ef7ecc1918e74f5640cbf2eaec81_20260526150950.jpg;Bolsa para Cintura Fenix AFB-10 - Preto A Fenix AFB-10 é uma bolsa impermeável para esportes com grande capacidade de armazenamento. Possui 
Faixa de Cabeça Fenix AFH-10 - Cinza;42.00;Acessório;PH-5971;6;https://images.tcdn.com.br/img/img_prod/620600/faixa_de_cabeca_fenix_afh_10_cinza_5971_1_bb8c05964db91540dcdffa7314a5bd4e_20260526150950.png;Faixa de Cabeça AFH-10 - Cinza A Fenix desenvolveu a AFH-10, uma faixa de cabeça perfeita para praticar esportes. Ela apresenta linhas de si
Carregador de Bateria Olight - OMNI-DOK V2;203.40;Acessório;PH-5973;10;https://images.tcdn.com.br/img/img_prod/620600/carregador_de_bateria_olight_omni_dok_v2_1_20260526151009_efd50f092c38.jpg;Carregador de Bateria Olight OMNI-DOK V2 O Olight OMNI-DOK V2 é um carregador inteligente de canal duplo projetado para recarregar simultane
Lanterna Olight - Perun Kit;1113.50;Acessório;PH-5975;5;https://images.tcdn.com.br/img/img_prod/620600/lanterna_olight_perun_kit_5975_1_41f00a06e90ba4f00f54ff04797ec4c3_20260526150638.jpg;Lanterna Multifuncional Olight Perun Kit - 2.000 Lúmens A Olight Perun Kit é uma lanterna multifuncional projetada para uso como headlamp ou
Suporte de Lanterna Para Arma Fenix ALG-18;292.00;Acessório;PH-5977;39;https://images.tcdn.com.br/img/img_prod/620600/suporte_de_lanterna_para_arma_fenix_alg_18_1_20260526150951_f7553b42a78f.png;Suporte De Lanterna Para Arma Fenix ALG-18 O suporte de lanterna Fenix ALG-18 é um acessório funcional projetado para fixar com engate rápid
Lanterna para Armas Olight - PL-Mini2 Valkyrie;1002.10;Acessório;PH-5979;36;https://images.tcdn.com.br/img/img_prod/620600/lanterna_para_armas_olight_pl_mini2_valkyrie_5979_1_607d8695afdf9a752296b89cfdc2f382_20260526151327.jpg;Lanterna para Armas Olight PL-Mini 2 Valkyrie - 600 Lúmens A Lanterna para Armas Olight PL-Mini 2 Valkyrie é a escolha perfeita para atirado
Lanterna para Armas Olight - PL - Mini 2 Valkyrie (Desert Tan);1002.10;Acessório;PH-5981;43;https://images.tcdn.com.br/img/img_prod/620600/lanterna_para_armas_olight_pl_mini2_valkyrie_desert_tan_5981_1_649612ce3280520a508d38101760d577_20260526151327.jpg;Lanterna para Armas Olight PL-Mini 2 Valkyrie - Desert Tan (600 Lúmens) A Lanterna para Armas Olight PL-Mini 2 Valkyrie na cor Desert Tan é 
Acionador remoto para lanterna Baldr Pro R / PL-PRO;334.10;Acessório;PH-5983;3;https://images.tcdn.com.br/img/img_prod/620600/acionador_remoto_para_lanterna_5983_1_93759d13e7f3a4e479579e8317bd3b66_20260526150951.jpg;Acionador Remoto Magnético Olight RPL-7 para Lanterna O Acionador Remoto Magnético Olight RPL-7 para Lanterna é projetado para oferecer cont
Anel Fixador de Lanterna Olight;88.60;Acessório;PH-5985;46;https://images.tcdn.com.br/img/img_prod/620600/anel_fixador_de_lanterna_olight_5985_1_0a6557199a878f96e1dc7bae1994a49f_20260526150950.jpg;Anel Fixador de Lanterna Olight (Mount) - 25mm a 35mm O Anel Fixador de Lanterna Olight (Mount) é o acessório indispensável para quem busca 
PL-PRO Valkyrie Tactical Light;1447.50;Acessório;PH-5987;97;https://images.tcdn.com.br/img/img_prod/620600/pl_pro_valkyrie_tactical_light_5987_1_0ab79db2b6c9bb95fd413565b8fc4bf2_20260526150637.jpg;Lanterna para Armas Olight PL-PRO Valkyrie - 1.500 Lúmens A Lanterna para Armas Olight PL-PRO Valkyrie possui alta performance desenvolvida 
Trilho de Aço Picatinny Long 20MOA - Vector Optics;597.00;Acessório;PH-5991;139;https://images.tcdn.com.br/img/img_prod/620600/trilho_picatinny_scra_63weat_5991_2_105b1ef40c4cad975634408677b5ea9e_20260526151243.jpg;Trilho de Aço Picatinny Long 20MOA - Vector Optics *AVISO: Este produto NÃO é compatível com o modelo CBC Ranger. O Trilho de Aço Picatinny 
Acionador Remoto para Lanterna Fenix AER-05;270.00;Acessório;PH-5993;11;https://images.tcdn.com.br/img/img_prod/620600/interruptor_tatico_aer_05_5993_1_78e387492ba5ed43310ba7539ccc8f82_20260526150951.png;Acionador Remoto para Lanterna Fenix - AER-05 O acionador remoto Fenix AER-05 é especializado em lanternas táticas com circuitos APF. Seu ad
Coldre para Lanterna Fenix ALP-MT - Holster (Khaki);157.00;Acessório;PH-5999;10;https://images.tcdn.com.br/img/img_prod/620600/coldre_para_lanterna_fenix_alp_mt_holster_khaki_5999_1_adcc9e37a0eefd02f29e2239f2f1456c_20260526151055.png;Coldre para Lanterna Fenix ALP-MT - Holster (Khaki) Coldre fabricado em Cordura 700D, resistente a rasgos e arranhões. Pode ser utilizado pa
Acionador remoto para Lanterna Fenix - AER-04;243.00;Acessório;PH-6005;23;https://images.tcdn.com.br/img/img_prod/620600/interruptor_tatico_aer_04_6005_1_af047252ba02822cf6b59a8f0aadbc12_20260526150951.png;Acionador Remoto para Lanterna Fenix - AER-04 O acionador remoto Fenix AER-04 é especializado em lanternas táticas com bateria 21700. Seu ad
"Rifle Weatherby Vanguard Meateater - Cal .243 Win 26""";39187.00;Arma;PH-6013;2;https://images.tcdn.com.br/img/img_prod/620600/rifle_weatherby_vanguard_meateater_cal_243_win_5_tiros_24_6013_1_6b2d020e3fb58f9efa6753475c73affc_20260526150658.jpg;"Rifle Weatherby Vanguard Meateater - Calibre .243 Winchester 26"" Os rifles de tiro mais rápidos e planos do mercado da sua categoria, um exc"
"Rifle Weatherby Vanguard Meateater - Cal 6,5mm Creedmoor 26""";39187.00;Arma;PH-6017;4;https://images.tcdn.com.br/img/img_prod/620600/rifle_weatherby_vanguard_meateater_cal_6_5_creedmoor_5_tiros_24_6017_1_6b2d020e3fb58f9efa6753475c73affc_20260526150659.jpg;"Rifle Weatherby Vanguard Meateater - Calibre 6.5mm Creedmoor 26"" O Weatherby Vanguard é um dos rifles mais rápidos e precisos da sua categor"
"Rifle Weatherby Vanguard Meateater - Cal 7mm Rem Mag  26""";39187.00;Arma;PH-6019;1;https://images.tcdn.com.br/img/img_prod/620600/rifle_weatherby_vanguard_meateater_cal_7_rem_mag_4_tiros_26_6019_1_6b2d020e3fb58f9efa6753475c73affc_20260526150700.jpg;"Rifle Weatherby Vanguard Meateater - Calibre 7mm Rem Mag 26"" Os rifles de tiro mais rápidos e planos do mercado da sua categoria, um excepci"
"Rifle Weatherby Vanguard Sporter com Carregador Destacavel - Cal .270 Win  24""";32931.00;Arma;PH-6039;1;https://images.tcdn.com.br/img/img_prod/620600/pre_venda_rifle_weatherby_vanguard_sporter_cal_270_win_carregador_destacavel_5_tiros_24_6039_1_d362cd03c27f7389182becbf245942ee_20260526150702.jpeg;"*TEMOS MUNIÇÃO CALIBRE 270 WIN Rifle Weatherby Vanguard Sporter com Carregador Destacavel - Calibre .270 Win 24"" Os rifles Weatherby Vanguar"
"Rifle Ata Bolt Action Turqua Walnut Cal 6.5mm Creedmoor 20""";16450.00;Arma;PH-6057;1;https://images.tcdn.com.br/img/img_prod/620600/pre_venda_rifle_acao_de_ferrolho_ata_cbc_walnut_cal_6_5_creedmor_3_tiros_20_oxidado_6057_1_4256f60907b84ce57210df428de758be_20260526150703.jpg;"Rifle Ata Bolt Action Turqua Walnut - Calibre 6.5mm Creedmoor 20"" Produzido 100% na Turquia, o TURQUA é uma inovação em engenharia da princi"
"Rifle Ata Bolt Action Turqua Walnut- Cal .243 Win 20""";16450.00;Arma;PH-6059;1;https://images.tcdn.com.br/img/img_prod/620600/pre_venda_rifle_ata_bolt_action_turqua_walnut_20_243win_6059_1_4256f60907b84ce57210df428de758be_20260526150704.jpg;"Rifle Ata Bolt Action Turqua Walnut- Calibre .243 Winchester 20"" O rifle conta com sistema de funcionamento Bolt Action e um cano de 20” , g"
Coronha para Tube Stock MOE SL-K Carbine Mil-Spec - Dark Earth;1251.00;Acessório;PH-6061;39;https://images.tcdn.com.br/img/img_prod/620600/coronha_para_tube_stock_moe_sl_k_carbine_mil_spec_1_20260526151121_5b4320ed5705.jpg;Coronha Magpul MOE SL-K Carbine Stock Mil-Spec - Dark Earth Uma coronha buttstock de substituição drop-in para tubos de buffer de carabina A
"Rifle Weatherby Vanguard Wilderness com Carregador Destacável  - Cal .270 Win 26""";34306.00;Arma;PH-6065;1;https://images.tcdn.com.br/img/img_prod/620600/pre_venda_rifle_weatherby_vanguard_wilderness_c_carregador_destacavel_270_win_wilderness_dbm_24in_6065_1_8d1dc79a86fa6aa44621aa029d725820_20260526150704.jpg;"Rifle Weatherby Vanguard Wilderness com Carregador Destacável - Calibre .270 Win 26"" Os rifles de tiro mais rápidos e planos do mercado da s"
Carregador Magpul PMAG AR/M4 GEN M3 Cal 5.56x45mm - 30 Tiros;637.00;Acessório;PH-6067;42;https://images.tcdn.com.br/img/img_prod/620600/carregador_magpul_pmag_arm4_gen_m3_cal_556x45mm_1_20260526150713_2d7b1f4516a8.jpg;Para realizar a compra, é necessário entrar em contato através do telefone (047) 3041-4049 ou WhatsApp (47) 99119-0416 . Carregador Magpul P
Carregador Magpul PMAG AR/M4 GEN M3 Window Cal 5.56x45mm - 30 Tiros;766.00;Acessório;PH-6069;178;https://images.tcdn.com.br/img/img_prod/620600/carregador_magpul_pmag_arm4_gen_m3_window_cal_556x_1_20260526150713_ea84136cea20.jpg;Para realizar a compra, é necessário entrar em contato através do telefone (047) 3041-4049 ou WhatsApp (47) 99119-0416 . Carregador Magpul P
Coronha Magpul MOE SL Carbine Stock  Mil-Spec - Dark Earth;1876.00;Acessório;PH-6071;30;https://images.tcdn.com.br/img/img_prod/620600/coronha_magpul_moe_sl_carbine_stock_mil_spec_da_1_20260526151122_8a80dbcf5a75.jpg;Coronha Magpul MOE SL Carbine Stock Mil-Spec O estoque MOE SL - modelo Mil-Spec (MOE Slim Line) é um buttstock de substituição drop-in para 
Coronha Magpul MOE Carbine Stock  Mil-Spec - Dark Earth;1251.00;Acessório;PH-6073;9;https://images.tcdn.com.br/img/img_prod/620600/coronha_magpul_moe_carbine_stock_mil_spec_dark_1_20260526151122_bb0a7500077a.jpg;Coronha Magpul MOE Carbine Stock - Mil-Spec O estoque de carabina MOE - modelo Mil-Spec (equipamento original Magpul) é um buttstock de subs
Clip para Carregador Rápido Magpul 5.56 NATO - 3 Und - Dark Earth;274.00;Acessório;PH-6075;127;https://images.tcdn.com.br/img/img_prod/620600/fast_mag_original_magpul_5_56_nato_3_pack_dark_earth_6075_1_f00af4222bb0b05a78c93d58a9282a45_20260526151122.png;Clip para Base de Carregador Rápido Magpul 5.56 NATO - 3 Und - Dark Earth Quando instalado na base de um carregador de rifle /fuzil 5.56, o 
Base de Borracha para Fast Mag Magpul AR/M4 Calibre 5.56x45/7.62x51 Preto com 3 UN;274.00;Acessório;PH-6077;94;https://images.tcdn.com.br/img/img_prod/620600/fast_mag_original_magpul_7_62_nato_3_pack_preto_6077_1_94705325f7828b16dd61bfc80b7b86ee_20260526151122.png;Base de Borracha para Fast Mag Magpul AR/M4 Calibre 5.56x45/7.62x51 Preto com 3 UN Quando instalado na base de um carregador de rifle/fuzil 
"Rifle Weatherby Mark V Accumark - Cal .300 Win Mag 28""";72351.00;Arma;PH-6079;2;https://images.tcdn.com.br/img/img_prod/620600/pre_venda_rifle_weatherby_mark_v_accumark_calibre_300_win_28_pol_6079_1_ad390f2fee6da677225cab9592a347ab_20260526150705.jpg;"Rifle Weatherby Mark V Accumark - Calibre .300 Winchester Magnum 28"" O Weatherby Mark V Accumark é um rifle projetado para oferecer durabili"
"Rifle Weatherby Mark V Dangerous Game - Cal .375 H&H  26""";114355.00;Arma;PH-6085;3;https://images.tcdn.com.br/img/img_prod/620600/pre_venda_rifle_weatherby_mark_v_dangerous_game_calibre_375_heh_26_pol_6085_1_3c0a1eaea2d3c5e2f25b5955bb13bec1_20260526150705.jpg;"Rifle Weatherby Mark V Dangerous Game - Calibre .375 H&H 26"" O Weatherby Mark V Dangerous Game é um rifle projetado para enfrentar condições"
"Rifle Weatherby Vanguard Laminate Sporter - Cal .223 Rem 24""";34518.00;Arma;PH-6087;3;https://images.tcdn.com.br/img/img_prod/620600/pre_venda_rifle_weatherby_vanguard_laminate_sporter_cal_223_rem_5_tiros_24_6087_1_c304448533fdd832ac334910173d548f_20260526150705.png;"Rifle Weatherby Vanguard Laminate Sporter - Calibre .223 Rem 24"" O Weatherby Vanguard Laminate Sporter eleva a plataforma clássica dos rifle"
"Rifle Weatherby Vanguard Laminate Sporter - Cal .270 Win 24""";34518.00;Arma;PH-6089;1;https://images.tcdn.com.br/img/img_prod/620600/pre_venda_rifle_weatherby_vanguard_laminate_sporter_cal_270_win_5_tiros_24_6089_1_c304448533fdd832ac334910173d548f_20260526150705.png;"*TEMOS MUNIÇÃO CALIBRE 270 WIN Rifle Weatherby Vanguard Laminate Sporter - Calibre .270 Win 24"" O Laminate Sporter baseia-se na plataforma c"
"Rifle Weatherby Vanguard Laminate Sporter - Cal .30-06 Sprg 24""";34518.00;Arma;PH-6093;3;https://images.tcdn.com.br/img/img_prod/620600/pre_venda_rifle_weatherby_vanguard_laminate_sporter_cal_30_06_5_tiros_24_6093_1_c304448533fdd832ac334910173d548f_20260526150705.png;"Rifle Weatherby Vanguard Laminate Sporter - Calibre .30-06 Springfield 24"" O Laminate Sporter baseia-se na plataforma clássica do pacote Spo"
Grip Magpul MOE-K2 Grip  AR15/M4 - Dark Earth;722.00;Acessório;PH-6107;76;https://images.tcdn.com.br/img/img_prod/620600/grip_magpul_moe_k2_grip_ar15m4_dark_earth_1_20260526151122_91b2ccb636b7.jpg;Grip Magpul MOE-K2 Grip AR15/M4 Semelhante em conceito ao MOE-K, o MOE-K2 é uma atualização para o AR15 / M4 que oferece um ângulo de empunh
Handguard Magpul MOE M-LOK Mid-Length  AR15/M4 - Dark Earth;1093.00;Acessório;PH-6109;92;https://images.tcdn.com.br/img/img_prod/620600/guarda_mao_magpul_moe_m_lok_hand_guard_mid_length_ar15_m4_dark_earth_6109_4_bdbbfbcf6dfe606606ba11cc1a43cd7b_20260526151122.png;Handguard Magpul MOE M-LOK Mid-Length AR15/M4 O protetor de mão Magpul MOE M-LOK (equipamento original Magpul) para rifles AR15 / M4 com sis
Talas de empunhadura Magpul MOE 1911 Grip Panels - Dark Earth;548.00;Acessório;PH-6111;51;https://images.tcdn.com.br/img/img_prod/620600/talas_de_empunhadura_moe_1911_grip_panels_dark_earth_6111_1_d6b8f8dc7ed26f2eb9f7f76d9d03ce65_20260526151122.png;Talas de Empunhadura Magpul MOE 1911 Grip Panels Construídos em polímero reforçado para serviços pesados, as talas Grip MOE 1911 têm uma seç
Munição CBC 22LR Precision CHOG 40GR;91.80;Munição;PH-6113;1;https://images.tcdn.com.br/img/img_prod/620600/municao_cbc_22lr_precision_chog_40gr_6113_1_7ea4b3745d46415a4e1bd1c397c83207_20260526151335.jpg;PRODUTO CONTROLADO PELO EXÉRCITO Este item requer autorização prévia para a realização da compra. Caso não possua a autorização, a compra se
Luneta Continental 3-18x50mm SPF - Vector Optics VEC-SCOL-21;7153.00;Óptica;PH-6115;11;https://images.tcdn.com.br/img/img_prod/620600/luneta_continental_x6_3_18x50_sfp_vector_optics_1_20260526151147_7011f3ae4497.jpg;Luneta Vector Optics Continental 3-18x50 SFP (SCOL-21) – Elite Óptica Sistema Óptico Alemão, Transmissão >90% e Chassi em Alumínio 7075-T6 A
Anel Duplo XL 30mm Tático OP - Vector Optics;0.00;Acessório;PH-6117;5;https://images.tcdn.com.br/img/img_prod/620600/anel_duplo_xl_30mm_tatico_op_6117_1_f2b3905eb170217e54503d48beb18614_20260526151215.jpg;Anel Duplo XL 30mm Tático OP - Vector Optics Anel duplo para lunetas de 30mm de diâmetro da Vector Optics Para que serve? O Anel Acd da Vect
Filtro para Lanterna Fenix - Modelo AOF-L Azul;77.00;Acessório;PH-6119;29;https://images.tcdn.com.br/img/img_prod/620600/filtro_para_lanterna_fenix_modelo_aof_l_azul_6119_1_bac484e5e9c6eef212f1243e3b393045_20260526150951.jpg;Filtro para Lanterna Fenix - Modelo AOF-L Azul Este é um acessório para as lanternas Fenix, que possuem excelente capacidade de filtragem pa
Filtro para Lanterna Fenix - Modelo AOF-L Verde;77.00;Acessório;PH-6121;26;https://images.tcdn.com.br/img/img_prod/620600/filtro_para_lanterna_fenix_modelo_aof_l_verde_6121_1_23a040a5e25c8efe030b9fb0936b74aa_20260526150951.jpg;Filtro para Lanterna Fenix - Modelo AOF-L Verde Este é um acessório para as lanternas Fenix, que possuem excelente capacidade de filtragem p
Filtro para Lanterna Fenix - Modelo AOF-L Vermelho;77.00;Acessório;PH-6123;26;https://images.tcdn.com.br/img/img_prod/620600/filtro_para_lanterna_fenix_modelo_aof_l_vermelho_6123_1_1e61cd975509b3252f5fbea38f1108d2_20260526150951.jpg;Filtro para Lanterna Fenix - Modelo AOF-L Vermelho Este é um acessório para as lanternas Fenix, que possuem excelente capacidade de filtrage
Bateria Fenix Recarregável 18650 2900mAh 3.6V 10.44Wh De Íon de Lítio ARB-L18-2900L;270.00;Acessório;PH-6125;67;https://images.tcdn.com.br/img/img_prod/620600/bateria_recarregavel_fenix_18650_2900_mah_arb_l18_2900l_6125_1_272fa05127b2d7543dea005a42f9d960_20260526151004.jpg;Bateria Fenix Recarregável 18650 2900mAh 3.6V (ARB-L18-2900L) A ARB-L18-2900L é uma bateria recarregável de íon-lítio no formato 18650, espe
Munição CBC Cal 9mm LUGER ETOG 124gr Cx 50 Unidades;419.50;Munição;PH-6127;150;https://images.tcdn.com.br/img/img_prod/620600/munio_cbc_cal_9mm_luger_etog_124gr_1_20260526151335_6cbff7cb03b8.jpg;Munição CBC Calibre 9mm LUGER ETOG Munição CBC calibre 9mm Luger Encamisado Total Ogival 124 grains Antes de finalizar sua compra confirme a
Estojo Vazio CBC Presidente Cal 28GA Cx 25 Unidades;466.00;Acessório;PH-6129;100;https://images.tcdn.com.br/img/img_prod/620600/estojo_cbc_presidente_28ga_6129_1_3ceb224cef6ccf1ece113dcae5d2947b_20260526151314.jpeg;Estojo CBC Presidente Calibre 28GA A CBC fornece a Linha Presidente, composta de estojos metálicos vazios, disponíveis nos calibres 12, 16, 
Estojo Vazio CBC Presidente Cal 32GA Cx 30 Unidades;543.00;Acessório;PH-6131;80;https://images.tcdn.com.br/img/img_prod/620600/estojo_cbc_presidente_32ga_6131_1_d5faa1089b4de0ce688de4a8b88ae09b_20260526151314.png;PRODUTO CONTROLADO PELO EXÉRCITO Este item requer autorização prévia para a realização da compra. Caso não possua a autorização, a compra se
Lubrificante Up1 Armas 60ml;100.00;Acessório;PH-6137;393;https://images.tcdn.com.br/img/img_prod/620600/lubrificante_up1_armas_60ml_6137_1_4c11ecac3d3989cc77fabca0c49bdbb0_20260526151049.jpg;Lubrificante Up1 Armas Independente da modalidade de tiro que se pratica, o cuidado e manutenção da arma é fundamental para garantir a segur
Lanterna para Cabeça Fenix HP25R V2.0 - 1600 Lúmens;1379.00;Acessório;PH-6139;2;https://images.tcdn.com.br/img/img_prod/620600/lanterna_para_cabea_fenix_hp25r_v20_1600_lmens_1_20260526150938_f3f4158671a8.jpg;Lanterna para Cabeça Fenix HP25R V2.0 - 1600 Lúmens A lanterna recarregável Fenix HP25R V2.0 é uma lanterna de cabeça de alto desempenho que
Munição CBC 9mm Gold Hex Luger EXPO+P+ 115gr Blister 10 Unidades;163.70;Munição;PH-6145;280;https://images.tcdn.com.br/img/img_prod/620600/municao_cbc_9mm_gold_hex_luger_expo_p_115_6145_1_5dd0d78c249f79d093f32466f67abd30_20260526151336.jpg;Munição CBC 9mm Gold Hex Luger EXPO +P+ 115gr Antes de finalizar sua compra confirme a disponibilidade de entrega para seu estado. Não final
Munição CBC Cal .40 S&W ETPP Ponta Plana 180gr Blister 10 Unidades;106.60;Munição;PH-6147;32;https://images.tcdn.com.br/img/img_prod/620600/munio_cbc_cal_40_sampw_etpp_ponta_plana_180gr_blis_1_20260526151336_058d8aad537b.jpg;Munição CBC Calibre .40 S&W ETPP 180GR Munição CBC calibre .40 S&W ETPP 180GR Antes de finalizar sua compra confirme a disponibilidade de en
Munição CBC Cal. 5,56x45mm Comum M193 Treina 55gr Cx 50 Unidades;677.00;Munição;PH-6151;1100;https://images.tcdn.com.br/img/img_prod/620600/municao_cbc_5_56x45mm_comum_treina_55gr_6151_1_825e714f64d99346969d54026ba37e63_20260526151336.jpg;Munição CBC 5,56x45mm COMUM TREINA 55GR A munição CBC 5.56x45mm é ideal para quem busca alta performance em fuzis e rifles 556. Com projeto 
Munição Fiocchi Cal .45 ACP AUTO Black Mamba Cx 50 Unidades;635.00;Munição;PH-6155;8;https://images.tcdn.com.br/img/img_prod/620600/munio_fiocchi_cal_45_acp_auto_black_mamba_1_20260526151336_9c110f44ba43.jpg;Munição Fiocchi Cal .45 ACP AUTO FMJ TC Black Mamba 185gr Munição Fiocchi Black Mamba C alibre .45 ACP AUTO Full Metal Jacked 185 grains Ant
"Cartucho CBC Cal 12GA Câmara 76,2mm Super Velox Chumbo 3T M3"" Cx 25 Unidades";375.00;Munição;PH-6157;250;https://images.tcdn.com.br/img/img_prod/620600/cartucho_cbc_cal_12ga_cmara_762mm_super_velox_chum_1_20260526151347_87cbaa659f39.jpg;PRODUTO CONTROLADO PELO EXÉRCITO Este item requer autorização prévia para a realização da compra. Caso não possua a autorização, a compra se
Cartucho CBC Cal 20GA Câmara 70mm Chumbo 3T Cx 10 Unidades;88.33;Munição;PH-6159;100;https://images.tcdn.com.br/img/img_prod/620600/cartucho_cbc_cal_20ga_cmara_70mm_chumbo_3t_cx_10_u_1_20260526151347_a6451af1aca5.jpg;Cartucho CBC Calibre 20GA Câmara 70mm Chumbo 3T Cartucho carregado com bagos múltiplos de chumbo, fabricado com matérias-primas de alta qual
Cartucho CBC Cal 20GA Câmara 70mm Super Velox Chumbo 7 Cx 25 Unidades;330.36;Munição;PH-6161;250;https://images.tcdn.com.br/img/img_prod/620600/cartucho_cbc_cal_20ga_cmara_70mm_chumbo_7_1_20260526151347_95d6088e57aa.jpg;Cartucho CBC Calibre 20GA Câmara 70mm Chumbo 7 Super Velox Cartucho carregado com bagos múltiplos de chumbo, fabricado com matérias-primas d
"Espingarda Semiautomática Akkar Altay 212 Waterfowler Max-5 -  Cal 12GA 28""";10500.00;Arma;PH-6193;1;https://images.tcdn.com.br/img/img_prod/620600/espingarda_semiautomatica_akkar_altay_212_waterfowler_max_5_cal_12ga_28_6193_1_e6ffee1689e01e4f48e4479aeec6d559_20260526150728.png;"Espingarda semiautomática Akkar Altay 212 Waterfowler Max-5 - Calibre 12GA 28"" A Espingarda Semiautomática Akkar Altay 212 Waterfowler MAX-5"
"Espingarda Semiautomática Akkar Altay 212 Black Synthetic - Cal 12GA 28""";9000.00;Arma;PH-6195;3;https://images.tcdn.com.br/img/img_prod/620600/espingarda_semiautomatica_akkar_altay_212_black_synthetic_cal_12ga_28_6195_1_e1b06875ab7a1c99ff94d6f555f49286_20260526150727.png;"Espingarda Semiautomática Akkar Altay 212 Black Synthetic - Calibre 12GA 28"" A Espingarda Semiautomática Akkar Altay 212 Black Synthetic Cal"
"Espingarda Pump Akkar Karatay 612 HD Pistol Cal 12GA 18,5""";5200.00;Arma;PH-6197;0;https://images.tcdn.com.br/img/img_prod/620600/espingarda_pump_akkar_karatay_612_hd_pistol_cal_12ga_18_5_6197_1_e52dcd461d83f5b88ffc7a205ea8f220_20260526151019.png;"Espingarda Pump Akkar Karatay 612 HD Pistol Calibre 12GA 18,5"" Prepare-se para o máximo em desempenho tático e defesa residencial com a Espi"
"Espingarda Pump Akkar Karatay 612 HD Telescopic - Cal 12GA 18,5""";6200.00;Arma;PH-6199;3;https://images.tcdn.com.br/img/img_prod/620600/espingarda_pump_akkar_karatay_612_hd_telescopic_cal_12ga_18_5_6199_1_cd1f2100a4535fe1d756575d235e9a04_20260526151019.png;"Espingarda Pump Akkar Karatay 612 HD Telescopic - Calibre 12GA 18,5"" Espingarda Pump Akkar Karatay 612 HD Telescópica no poderoso Calibre 12"
"Espingarda Pump Akkar Karatay 612 TAC Barrett Brown - Cal 12GA 18,5""";8000.00;Arma;PH-6201;2;https://images.tcdn.com.br/img/img_prod/620600/espingarda_pump_akkar_karatay_612_tac_barrett_brown_cal_12ga_18_5_6201_2_21673558697addc7243761baeee77352_20260526151019.jpg;"Espingarda Pump Akkar Karatay 612 TAC Barrett Brown - Calibre 12GA 18,5"" Espingarda Pump Akkar Karatay 612 TAC Barrett Brown é a escolha cer"
"Espingarda Pump Akkar Karatay 612 Silver Standard - Cal 12GA 28""";7000.00;Arma;PH-6203;2;https://images.tcdn.com.br/img/img_prod/620600/espingarda_pump_akkar_karatay_612_silver_standard_cal_12_6203_2_4a8b2ceeeaa3a2d63b3b61d379d4c1ed_20260526151019.jpg;"Espingarda Pump Akkar Karatay 612 Silver Standard - Calibre 12GA 28"" A Akkar Karatay 612 Silver é uma espingarda de repetição por bombeament"
"Espingarda Semiautomática para canhoto Akkar Altay 212L Black - Cal 12GA 28""";9500.00;Arma;PH-6205;1;https://images.tcdn.com.br/img/img_prod/620600/espingarda_semiautomatica_para_canhoto_akkar_altay_212_cal_12ga_28_6205_1_aa4f73a633d939af222bb1dfe8264cb4_20260526150729.png;"Espingarda Semiautomática para canhoto Akkar Altay 212L - Calibre 12GA 28"" A Espingarda Semiautomática Akkar Altay 212 Left Black Synthetic "
"Espingarda Semiautomática Akkar Altay 212 Silver Standard - Cal 12GA 28""";9500.00;Arma;PH-6207;2;https://images.tcdn.com.br/img/img_prod/620600/espingarda_semiautomatica_akkar_altay_212_silver_standard_cal_12ga_28_6207_1_214d465584131afd2084d7ddf36a5c58_20260526150730.png;"Espingarda Semiautomática Akkar Altay 212 Silver Standard - Calibre 12GA 28"" Espingarda semiautomática de alta qualidade, confiável e versát"
"Espingarda Paralela Akkar Churchill 536 Silver Standard - Cal 36GA 28""";18000.00;Arma;PH-6209;1;https://images.tcdn.com.br/img/img_prod/620600/espingarda_paralela_akkar_churchill_536_gold_standard_cal_36ga_28_6209_1_b63862458a8c5eaf2b1acfa52158df25_20260526151010.png;"Espingarda Paralela Akkar Churchill 536 Silver Standard - Calibre 36GA 28"" O modelo Churchill 536 Silver é um dos mais versáteis e econômico"
"Espingarda Paralela Akkar Churchill 528 Gold Standard - Cal 28GA 28""";18000.00;Arma;PH-6211;2;https://images.tcdn.com.br/img/img_prod/620600/espingarda_paralela_akkar_churchill_528_gold_standard_cal_28_6211_2_4b3e74d3efa389171737603b7a1b6160_20260526151010.jpg;"Espingarda Paralela Akkar Churchill 528 Gold Standard - Calibre 28GA 28"" O comprimento do cano do modelo Churchill 528 Gold é de 71 cm, o qu"
"Espingarda Paralela Akkar Churchill 512 Gold Select  - Cal 12GA 28""";19000.00;Arma;PH-6213;1;https://images.tcdn.com.br/img/img_prod/620600/espingarda_paralela_akkar_churchill_512_gold_select_cal_12ga_28_6213_1_92ca8507381777fae74515a75a6d50e4_20260526151011.png;"Espingarda Paralela Akkar Churchill 512 Gold Select - Calibre 12GA 28"" Experimente a combinação sublime de tradição artesanal e engenharia m"
"Espingarda Pump Akkar Karatay 612 Trap Pump - Cal 12GA 32""";10000.00;Arma;PH-6215;2;https://images.tcdn.com.br/img/img_prod/620600/espingarda_pump_akkar_karatay_612_trap_pump_cal_12ga_32_6215_1_777c63033603d1f52a0a66bda4c48375_20260526151019.jpg;"Espingarda Pump Akkar Karatay 612 Trap Pump - Calibre 12GA 32"" A Espingarda Pump Akkar Karatay 612 Trap Calibre 12 é a escolha definitiva pa"
"Espingarda Semiautomática Akkar Altay 212 Trap - Cal 12GA 30""";12000.00;Arma;PH-6217;2;https://images.tcdn.com.br/img/img_prod/620600/espingarda_semiautomatica_akkar_altay_212_trap_cal_12ga_30_6217_1_760acdf8cfaa5be9b1c363ea565f1717_20260526150730.png;"Espingarda Semiautomática Akkar Altay 212 Trap - Calibre 12GA 30"" A Espingarda Semiautomática Akkar Altay 212 Trap Calibre 12 é a ferramenta"
"Espingarda Sobreposta Akkar Churchill 206TC Trap Silver - Cal 12GA 32""";36000.00;Arma;PH-6219;1;https://images.tcdn.com.br/img/img_prod/620600/espingarda_sobreposta_akkar_churchill_206tc_trap_silver_cal_12ga_28_6219_1_9934b9ed70624d74b3e666499564ad41_20260526151011.jpg;"Espingarda Sobreposta Akkar Churchill 206TC Trap Silver - Calibre 12GA 32"" A espingarda sobreposta Akkar Churchill 206TC Trap Silver é uma a"
"Espingarda Sobreposta Akkar Churchill 206 Trap - Cal 12GA 30""";26000.00;Arma;PH-6221;2;https://images.tcdn.com.br/img/img_prod/620600/espingarda_sobreposta_akkar_churchill_206_trap_cal_12ga_28_6221_1_b004d56e8b011c20f057b990d120570c_20260526151012.png;"Espingarda Sobreposta Akkar Churchill 206 Trap - Calibre 12GA 30"" A espingarda sobreposta Akkar Churchill 206 Trap é uma arma de fogo de alt"
"Espingarda Sobreposta Akkar Churchill 206 Sporting - Cal 12GA 30""";22500.00;Arma;PH-6223;2;https://images.tcdn.com.br/img/img_prod/620600/espingarda_sobreposta_akkar_churchill_206_sporting_cal_12ga_30_6223_1_46a14244bf924ed82c804186773110dc_20260526151012.png;"Espingarda Sobreposta Akkar Churchill 206 Sporting - Calibre 12GA 30"" A espingarda sobreposta Akkar Churchill 206 Sporting é uma arma de fog"
"Espingarda Sobreposta Akkar Churchill 206X Silver - Cal 12GA 28""";15000.00;Arma;PH-6225;3;https://images.tcdn.com.br/img/img_prod/620600/espingarda_sobreposta_akkar_churchill_206x_silver_cal_12ga_28_6225_1_f539ad324ef330e4576501ff2351a10d_20260526151013.png;"Espingarda Sobreposta Akkar Churchill 206X Silver - Calibre 12GA 28"" Akkar Churchill 206X Silver é uma espingarda sobreposta de alta qualida"
"Espingarda Semiautomática Ata CY Synthetic - Cal 12GA 28""";10500.00;Arma;PH-6229;3;https://images.tcdn.com.br/img/img_prod/620600/espingarda_semiautomatica_ata_cy_synthetic_cal_12_76_5_tiros_71cm_oxidada_6229_1_508a5143e1d50ec3c822c64f001727bc_20260526150730.jpg;"Espingarda Semiautomática Ata CY Synthetic - Calibre 12GA 28"" A ATA CY é uma espingarda semiautomática projetada para oferecer versatilidade"
"Espingarda Semiautomática Ata NEO Walnut Wide Rib -  Cal 12GA 28""";14662.00;Arma;PH-6231;3;https://images.tcdn.com.br/img/img_prod/620600/espingarda_semiautomatica_ata_neo_walnut_wide_rib_cal_12_76_4_tiros_71cm_oxidada_6231_1_aff18919c8064f99cacbe1060cf2ce80_20260526150731.jpg;"Espingarda Semiautomática Ata NEO Walnut Wide Rib - Calibre 12GA 28"" A Espingarda Semiautomática ATA Neo Walnut Wide Rib Calibre 12 é a esco"
"Espingarda Semiautomática Ata NEO Laminated Engraved - Cal 12GA 30""";16652.00;Arma;PH-6233;3;https://images.tcdn.com.br/img/img_prod/620600/espingarda_semiautomatica_ata_neo_laminated_engraved_cal_12_76_76cm_6233_1_9a2399fa2a6df02821ff63bf218d98f1_20260526150731.jpg;"Espingarda Semiautomática Ata NEO Laminated Engraved - Calibre 12GA 30"" A ATA NEO é uma espingarda semiautomática de ação inercial , projeta"
"Espingarda Semiautomática Ata CY Dark Edition - Cal 12GA 22""";12878.00;Arma;PH-6235;3;https://images.tcdn.com.br/img/img_prod/620600/espingarda_semiautomatica_ata_cy_dark_edition_cal_12_76_8_tiros_56cm_oxidada_6235_1_c92d3d38e336dfe64d3e28000b5035e5_20260526150731.jpg;"Espingarda Semiautomática Ata CY Dark Edition - Calibre 12GA 22"" A ATA CY é uma espingarda semiautomática projetada para oferecer versatilid"
"Espingarda Sobreposta Ata SP Black - Cal 12GA 28""";17237.00;Arma;PH-6237;2;https://images.tcdn.com.br/img/img_prod/620600/espingarda_sobreposta_ata_sp_black_cal_12_76_71cm_6237_1_a4cc835682fd0c7e43608178805e059d_20260526151013.jpg;"Espingarda Sobreposta Ata SP Black - Calibre 12GA 28"" Modelo SP Todos os modelos SP são enriquecidos com madeira de nogueira turca de qualid"
"Espingarda Sobreposta Ata SP Sporter - Cal 12GA 30""";21395.00;Arma;PH-6241;2;https://images.tcdn.com.br/img/img_prod/620600/espingarda_sobreposta_ata_sp_sporter_cal_12ga_30_6241_1_05e6b0b8c344fc9be5422d30fdfaae66_20260526151014.jpg;"Espingarda Sobreposta Ata SP Sporter - Calibre 12GA 30"" A Espingarda Sobreposta ATA SP Sporter Calibre 12 com cano de 30 polegadas (76cm) é "
Munição Aguila Cal. 9mm 117GR JHP Cx 50 Unidades;349.80;Munição;PH-6247;700;https://images.tcdn.com.br/img/img_prod/620600/munio_aguila_9mm_luger_jhp_2_20260526151337_4fe624acd521.jpg;Munição Aguila 9mm Luger Jacketed Hollow Point 117 grain Munição Aguila Ammunition calibre 9mm Luger JHP 117gr Antes de finalizar sua compra
Projétil Hornady Cal .375 270 GR SP-RP Interlock c Cannelure Cx 50 unidades;1111.00;Acessório;PH-6251;50;https://images.tcdn.com.br/img/img_prod/620600/projetil_hornady_cal_375_270_gr_sp_rp_interlock_6251_1_7487c47ca19d60c488ff2eda1ab95ce3_20260526151314.jpg;Projétil Hornady 375 Cal. .375 270 GR SP-RP InterLock - Caixa com 50 unidades Poder de Parada Devastador e Penetração Profunda para Caça de 
Estojo Hornady Cal .458 LOTT (Desespoletado) Cx 50;2250.00;Acessório;PH-6257;450;https://images.tcdn.com.br/img/img_prod/620600/estojo_hornady_cal_458_lott_sem_espoleta_6257_1_51ed199a443d8f4245e648ad9e936cbc_20260526151314.jpeg;Estojos Hornady .458 Lott - Caixa com 50 unidades A Fundação de Alta Precisão para a sua Munição de Recarga Na Hornady, o estojo de latão é 
Projétil Hornady Cal 6mm .243 103 GR ELD-X  Cx 100 unidades;1222.00;Acessório;PH-6259;1;https://images.tcdn.com.br/img/img_prod/620600/projetil_hornady_cal_6mm_103_gr_eld_x_1_8_6259_1_0400bb89c7a790e25145619d369cc958_20260526151314.jpg;Projétil Hornady 6mm .243 103 GR ELD-X® - Caixa com 100 unidades Precisão de Competição e Performance Terminal Letal em Todas as Distâncias 
Projétil Hornady Cal .308 212 GR ELD-X  Cx 100 unidades;1444.00;Acessório;PH-6261;10;https://images.tcdn.com.br/img/img_prod/620600/projtil_hornady_cal_308_212_gr_eld_x_3077_cx_100_u_1_20260526151314_e36e53fec504.jpg;Projétil Hornady 30 Cal. .308 212 GR ELD-X® - Caixa com 100 unidades Precisão de Competição e Performance Terminal Letal em Todas as Distânc
Projétil Hornady 22 Cal .224 75 GR BTHP Match;778.00;Acessório;PH-6263;1;https://images.tcdn.com.br/img/img_prod/620600/projetil_hornady_cal_223_75_gr_bthp_match_6263_1_8e07dd0c205dedbb366d42acb3da959e_20260526151314.jpg;PRODUTO CONTROLADO PELO EXÉRCITO Este item requer autorização prévia para a realização da compra. Caso não possua a autorização, a compra se
Projétil Hornady Cal 6mm .243 105 GR BTHP Match Cx 100 unidades;1111.00;Acessório;PH-6265;1;https://images.tcdn.com.br/img/img_prod/620600/projetil_hornady_cal_6mm_105_gr_bthp_match_6265_1_8e07dd0c205dedbb366d42acb3da959e_20260526151314.jpg;Projétil Hornady 6mm .243 105 GR BTHP Match - Caixa com 100 unidades Precisão Cirúrgica e Consistência para Competições de Longo Alcance O p
Projétil Hornady Cal 6,5mm .264 Creedmoor 140 GR BTHP Match Cx 100 unidades;1222.00;Acessório;PH-6267;1;https://images.tcdn.com.br/img/img_prod/620600/projetil_hornady_cal_6_5mm_140_gr_bthp_match_6267_1_3a9fe8ed90bcbfd28eb2478b62271828_20260526151314.jpg;Projétil Hornady 6.5mm .264 Creedmor 140 GR BTHP Match - Caixa com 100 unidades Precisão Cirúrgica e Consistência para Competições de Longo 
Projétil Hornady Cal .308 168 GR BTHP Match cx 100un;1111.00;Acessório;PH-6269;1;https://images.tcdn.com.br/img/img_prod/620600/projetil_hornady_cal_308_168_gr_bthp_match_6269_1_3a9fe8ed90bcbfd28eb2478b62271828_20260526151315.jpg;Projétil Hornady 30 Cal. .308 168 GR BTHP Match - Caixa com 100 unidades Concentricidade Absoluta e Precisão Inédita para Competições O proj
Projétil Hornady Cal .308 208 GR BTHP Match;1333.00;Acessório;PH-6271;1;https://images.tcdn.com.br/img/img_prod/620600/projetil_hornady_cal_308_208_gr_bthp_match_6271_1_3a9fe8ed90bcbfd28eb2478b62271828_20260526151315.jpg;Projétil Hornady 30 Cal. .308 208 GR BTHP Match - Caixa com 100 unidades Concentricidade Absoluta e Máximo Desempenho em Longo Alcance O pro
Projétil Hornady Cal .224 60 GR SP (.223 Remington);667.00;Acessório;PH-6273;1;https://images.tcdn.com.br/img/img_prod/620600/projetil_hornady_cal_223_remington_60_gr_sp_6273_3_ea7e5c4b368fe5f4a2a8f3af543108b2_20260526151315.jpg;Projétil Hornady 22 Cal. .224 60 GR SP Varmint - Caixa com 100 unidades Trajetórias Ultra Planas e Expansão Explosiva para o Controle de Pra
Projétil Hornady Cal .308 160 GR FTX;1222.00;Acessório;PH-6275;1;https://images.tcdn.com.br/img/img_prod/620600/projetil_hornady_cal_308_160_gr_ftx_30_30_win_6275_1_41373f38d3cb73bd1c81c0f9921bebbd_20260526151315.jpg;"Projétil Hornady 30 Cal. .308"" 160 GR FTX® - Caixa com 100 unidades Revolução em Carabinas de Alavanca: Alta Aerodinâmica e Segurança Absolu"
Carregador Ruger American Pistola Cal 9mm - 17 Tiros;934.00;Acessório;PH-6279;10;https://images.tcdn.com.br/img/img_prod/620600/carregador_ruger_american_pistola_9mm_luger_6279_1_25ace625792a5d9deee9f56a37d28c11_20260526150714.jpg;Para realizar a compra, é necessário entrar em contato através do telefone (047) 3041-4049 ou WhatsApp (47) 99119-0416 . Carregador Ruger Am
Base Dentler Basis Engate Rápido para Benelli Argo;1300.90;Acessório;PH-6333;5;https://images.tcdn.com.br/img/img_prod/620600/base_de_montagem_dentler_basis_para_engate_rapido_benelli_argo_6333_2_7294f5f2934368921a3a373f5c810148_20260526151216.jpg;Base Dentler Basis Engate Rápido para Benelli Argo Qual o diferencial da Dentler? As bases de montagem para luneta da Dentler, possuem um me
Base Dentler Basis Engate Rápido para Browning Bar;1300.90;Acessório;PH-6335;3;https://images.tcdn.com.br/img/img_prod/620600/base_para_engate_rapido_de_luneta_dentler_basis_browning_bar_6335_1_0074d59b1552d5f58e614a217e3ec8cb_20260526151216.jpg;Base Dentler Basis Engate Rápido para Browning Bar Qual o diferencial da Dentler? As bases de montagem para luneta da Dentler, possuem um me
Base Dentler Basis Engate Rápido para Anschütz 1782;1300.90;Acessório;PH-6337;1;https://images.tcdn.com.br/img/img_prod/620600/base_para_engate_rapido_de_luneta_dentler_basis_anschutz_1782_6337_1_aee979fd08032f8defcdf26ce68e9c1b_20260526151216.jpg;Base Dentler Basis Engate Rápido para Anschütz 1782 Qual o diferencial da Dentler? As bases de montagem para luneta da Dentler, possuem um m
Base Dentler Basis Engate Rápido para Remington 700 Short;1300.90;Acessório;PH-6339;7;https://images.tcdn.com.br/img/img_prod/620600/base_para_engate_rapido_de_luneta_dentler_basis_remington_700_short_6339_1_edd0d839266027dd1a89fe8f4d026c0a_20260526151216.jpg;Base Dentler Basis Engate Rápido para Remington 700 Short Qual o diferencial da Dentler? As bases de montagem para luneta da Dentler, possue
Base Dentler Basis Engate Rápido para Remington 700 Long;1300.90;Acessório;PH-6341;5;https://images.tcdn.com.br/img/img_prod/620600/base_para_engate_rapido_de_luneta_dentler_basis_remington_700_long_6341_1_a5adccdcb5eb781eb78b0f1db254e5bd_20260526151216.jpg;Base Dentler Basis Engate Rápido para Remington 700 Long Qual o diferencial da Dentler? As bases de montagem para luneta da Dentler, possuem
Base Dentler Basis Engate Rápido para Weatherby Vanguard Short;1300.90;Acessório;PH-6343;10;https://images.tcdn.com.br/img/img_prod/620600/base_para_engate_rapido_de_luneta_dentler_basis_howa_short_6343_1_a2a2013b8d9a4b6379c0f1e9be858858_20260526151216.jpg;Base Dentler Basis Engate Rápido para Weatherby Vanguard Short Qual o diferencial da Dentler? As bases de montagem para luneta da Dentler, p
Base Dentler Basis Engate Rápido para Weatherby Vanguard Long;1300.90;Acessório;PH-6345;9;https://images.tcdn.com.br/img/img_prod/620600/base_para_engate_rapido_de_luneta_dentler_basis_howa_long_6345_1_6236547740b91cf83d89dc50b3213875_20260526151216.jpg;Base Dentler Basis Engate Rápido para Weatherby Vanguard Long Qual o diferencial da Dentler? As bases de montagem para luneta da Dentler, po
Base Dentler Basis Engate Rápido para Blaser R8;1300.90;Acessório;PH-6347;9;https://images.tcdn.com.br/img/img_prod/620600/base_para_engate_rapido_de_luneta_dentler_basis_blaser_r8_6347_1_35be6c175786a794bc962d91fdb3f185_20260526151216.jpg;Base Dentler Basis Engate Rápido para Blaser R8 Qual o diferencial da Dentler? As bases de montagem para luneta da Dentler, possuem um mecan
Base Dentler Basis Engate Rápido para Sauer 101;1300.90;Acessório;PH-6349;3;https://images.tcdn.com.br/img/img_prod/620600/base_para_engate_rapido_de_luneta_dentler_basis_sauer_101_6349_1_79a73dfc8a0b64d445a64790eee78466_20260526151217.jpg;Base Dentler Basis Engate Rápido para Sauer 101 Qual o diferencial da Dentler? As bases de montagem para luneta da Dentler, possuem um mecan
Base Dentler Basis Engate Rápido para Weaver/Picatinny 20 MOA;1300.90;Acessório;PH-6351;3;https://images.tcdn.com.br/img/img_prod/620600/base_para_engate_rapido_de_luneta_dentler_basis_weaver_picatinny_20_moa_6351_1_88e35b2b1162db2ce5ca7b5e738c776e_20260526151217.jpg;Base Dentler Basis Engate Rápido para Weaver/Picatinny 20 MOA Qual o diferencial da Dentler? As bases de montagem para luneta da Dentler, po
Montagem Dentler Basis em Aço para Anéis;2843.50;Acessório;PH-6353;23;https://images.tcdn.com.br/img/img_prod/620600/montagem_dentler_basis_em_aco_para_aneis_6353_1_54948632df6de3efcdb09b74c7c87505_20260526151217.jpg;Montagem Dentler Basis em Aço para Anéis O trilho de montagem BASIS é fabricado a partir de um aço de alta resistência, é feito um tratament
Montagem Dentler Basis em Dural para Anéis;2233.40;Acessório;PH-6355;15;https://images.tcdn.com.br/img/img_prod/620600/montagem_dentler_basis_em_dural_para_aneis_6355_1_bf68899dd88341e75cc75a36b7c4ca91_20260526151217.jpg;Montagem Dentler Basis em Dural para Aneis O trilho de montagem BASIS é fabricado a partir de um aço de alta resistência, é feito um tratame
Montagem Dentler Basis em Aço Weaver/Picatinny;3868.30;Acessório;PH-6357;8;https://images.tcdn.com.br/img/img_prod/620600/montagem_dentler_basis_para_aneis_weaver_picatinny_6357_1_34b9340871e2999a7814f771d6aebb5b_20260526151217.jpg;Montagem Dentler Basis em Aço Weaver/Picatinny O trilho de montagem BASIS é fabricado a partir de um aço de alta resistência, é feito um tra
Anel Dentler para Luneta 25,4mm e Altura 3,5mm;512.50;Acessório;PH-6361;6;https://images.tcdn.com.br/img/img_prod/620600/anel_de_suporte_para_luneta_dentler_25_4mm_perfil_baixo_6361_1_91c39a112f9cabb6b623d1e16e0d877a_20260526151218.jpg;Anel Dentler para Luneta 25,4mm e Altura 3,5mm AVISO: os anéis não são comercializados em pares e sim em unidades, o preço é de uma peça, pa
Anel Dentler para Luneta 25,4mm e Altura 6,5mm;512.50;Acessório;PH-6363;10;https://images.tcdn.com.br/img/img_prod/620600/anel_de_suporte_para_luneta_dentler_25_4mm_perfil_medio_6363_3_91c39a112f9cabb6b623d1e16e0d877a_20260526151218.jpg;Anel Dentler para Luneta 25,4mm e Altura 3,5mm AVISO: os anéis não são comercializados em pares e sim em unidades, o preço é de uma peça, pa
Anel Dentler para Luneta 25,4mm e Altura 9,5mm;512.50;Acessório;PH-6365;10;https://images.tcdn.com.br/img/img_prod/620600/anel_de_suporte_para_luneta_dentler_25_4mm_perfil_alto_6365_3_91c39a112f9cabb6b623d1e16e0d877a_20260526151218.jpg;Anel Dentler para Luneta 25,4mm e Altura 9,5mm AVISO: os anéis não são comercializados em pares, e sim em unidades, o preço é de uma peça, p
Anel Dentler para Luneta 30,0mm e Altura 3,5mm;512.50;Acessório;PH-6367;4;https://images.tcdn.com.br/img/img_prod/620600/anel_de_suporte_para_luneta_dentler_30mm_perfil_baixo_6367_1_a70e54e6b8ef937d5369e81c4661d546_20260526151218.jpg;Anel Dentler para Luneta 30,0mm e Altura 3,5mm AVISO: os anéis não são comercializados em pares e sim em unidades, o preço é de uma peça, pa
Anel Dentler para Luneta 30,0mm e Altura 6,5mm;512.50;Acessório;PH-6369;8;https://images.tcdn.com.br/img/img_prod/620600/anel_de_suporte_para_luneta_dentler_30mm_perfil_medio_6369_1_a70e54e6b8ef937d5369e81c4661d546_20260526151218.jpg;Anel Dentler para Luneta 30,0mm e Altura 6,5mm AVISO: os anéis não são comercializados em pares e sim em unidades, o preço é de uma peça, pa
Anel Dentler para Luneta 30,0mm e Altura 9,5mm;512.50;Acessório;PH-6371;14;https://images.tcdn.com.br/img/img_prod/620600/anel_de_suporte_para_luneta_dentler_30mm_perfil_alto_6371_1_a70e54e6b8ef937d5369e81c4661d546_20260526151218.jpg;Anel Dentler para Luneta 30,0mm e Altura 9,5mm AVISO: os anéis não são comercializados em pares e sim em unidades, o preço é de uma peça, pa
Anel Dentler para Luneta 34,0mm e Altura 3,5mm;690.60;Acessório;PH-6373;2;https://images.tcdn.com.br/img/img_prod/620600/anel_de_suporte_para_luneta_dentler_34mm_perfil_baixo_6373_3_b55d513f913ad99d8ce2491201d624b6_20260526151218.jpg;Anel Dentler para Luneta 34,0mm e Altura 3,5mm AVISO: os anéis não são comercializados em pares e sim em unidades, o preço é de uma peça, pa
Anel Dentler para Luneta 34,0mm e Altura 6,5mm;690.60;Acessório;PH-6375;6;https://images.tcdn.com.br/img/img_prod/620600/anel_de_suporte_para_luneta_dentler_34mm_perfil_medio_6375_3_b55d513f913ad99d8ce2491201d624b6_20260526151218.jpg;Anel Dentler para Luneta 34,0mm e Altura 6,5mm AVISO: os anéis não são comercializados em pares e sim em unidades, o preço é de uma peça, pa
Anel Dentler para Luneta 34,0mm e Altura 9,5mm;690.60;Acessório;PH-6377;6;https://images.tcdn.com.br/img/img_prod/620600/anel_de_suporte_para_luneta_dentler_34mm_perfil_alto_6377_3_b55d513f913ad99d8ce2491201d624b6_20260526151218.jpg;Anel Dentler para Luneta 34,0mm e Altura 9,5mm AVISO: os anéis não são comercializados em pares e sim em unidades, o preço é de uma peça, pa
Jogo de 3 Matrizes (Die) Redding Type S-Match Neck (Bushing) Cal 223 Rem;4600.00;Acessório;PH-6379;4;https://images.tcdn.com.br/img/img_prod/620600/conjunto_de_matrizes_redding_tipo_s_match_bushing_neck_sizer_set_223_remington_6379_1_477751af92a501f89f8649a4f70f33e6_20260526151255.jpeg;Jogo de 3 Matrizes (Die) Redding Type S-Match Neck (Bushing) Cal 223 Rem A matriz (Die) Redding Tipo S permite que o especialista em recarga
Jogo de 3 Matrizes (Die) Redding Type S-Match Neck (Bushing) Cal 308 Win;4600.00;Acessório;PH-6381;1;https://images.tcdn.com.br/img/img_prod/620600/conjunto_de_matrizes_redding_tipo_s_match_bushing_neck_sizer_set_308_winchester_6381_1_477751af92a501f89f8649a4f70f33e6_20260526151255.jpeg;Jogo de 3 Matrizes (Die) Redding Type S-Match Neck (Bushing) Cal 308 Win A matriz (die) Redding Tipo S permite que o especialista em recarga
Jogo de 3 Matrizes (Die) Redding Type S-Match Neck (Bushing) Cal 6mm B. R. Remington;4600.00;Acessório;PH-6383;2;https://images.tcdn.com.br/img/img_prod/620600/conjunto_de_matrizes_redding_tipo_s_match_bushing_neck_sizer_set_6mm_b_r_remington_6383_1_477751af92a501f89f8649a4f70f33e6_20260526151255.jpeg;Jogo de 3 Matrizes (Die) Redding Type S-Match Neck (Bushing) Cal 6mm B. R. Remington A matriz (die) Redding Tipo S permite que o especialist
Jogo de 3 Matrizes (Die) Redding Type S-Match Neck (Bushing) Cal 6.5mm Creedmoor;4600.00;Acessório;PH-6385;3;https://images.tcdn.com.br/img/img_prod/620600/conjunto_de_matrizes_redding_tipo_s_match_bushing_neck_sizer_set_6_mm_creedmoor_6385_1_477751af92a501f89f8649a4f70f33e6_20260526151256.jpeg;Jogo de 3 Matrizes (Die) Redding Type S-Match Neck(Bushing) cal 6.5mm Creedmoor A matriz (die) Redding Tipo S permite que o especialista em 
Jogo de 3 Matrizes (Die) Redding Titanium Carbide Comp. Pro Series Cal 45 ACP;4000.00;Acessório;PH-6387;4;https://images.tcdn.com.br/img/img_prod/620600/conjunto_de_3_matrizes_redding_competition_pro_series_45_acp_6387_1_aa9e88701e7dd8dffac2f3d2dc89ae46_20260526151256.jpeg;Jogo de 3 Matrizes (Die) Redding Titanium Carbide Comp. Pro Series Cal 45 ACP Os conjuntos de 3 matrizes Redding Competition Pro Series são 
Jogo de 3 Matrizes (Die) Redding Titanium Carbide Comp. Pro Series Cal 40 S&W/10mm Auto;4000.00;Acessório;PH-6389;5;https://images.tcdn.com.br/img/img_prod/620600/conjunto_de_3_matrizes_redding_competition_pro_series_40_seamp_w_10_mm_auto_6389_1_aa9e88701e7dd8dffac2f3d2dc89ae46_20260526151256.jpeg;Jogo de 3 Matrizes (Die) Redding Titanium Carbide Comp. Pro Series Cal 40 S&W/10mm Auto Os conjuntos de 3 matrizes Redding Competition Pro S
Jogo de 3 Matrizes (Die) Redding Titanium Carbide Comp. Pro Series Cal 38 Super Auto;4000.00;Acessório;PH-6391;3;https://images.tcdn.com.br/img/img_prod/620600/conjunto_de_3_matrizes_redding_competition_pro_series_38_super_auto_6391_1_aa9e88701e7dd8dffac2f3d2dc89ae46_20260526151256.jpeg;Jogo de 3 Matrizes (Die) Redding Titanium Carbide Comp. Pro Series Cal 38 Super Auto Os conjuntos de 3 matrizes Redding Competition Pro Seri
Jogo de 2 Matrizes (Die) Redding Master Hunter (Carbide) Cal .223 Rem;4000.00;Acessório;PH-6395;7;https://images.tcdn.com.br/img/img_prod/620600/jogo_de_2_matrizes_die_redding_master_hunter_carbi_1_20260526151256_f915c316f82f.jpg;Jogo de 2 Matrizes (Die) Redding Master Hunter (Carbide) Calibre .223 Remington O Redding Master Hunter foi desenvolvido após o sucesso dos 
Jogo de 2 Matrizes (Die) Redding Master Hunter (Carbide) Cal .243 Win;4000.00;Acessório;PH-6397;4;https://images.tcdn.com.br/img/img_prod/620600/jogo_de_2_matrizes_die_redding_master_hunter_carbi_1_20260526151256_72f64bf6193e.jpg;Jogo de 2 Matrizes (Die) Redding Master Hunter(Carbide) Calibre .243 Winchester O Redding Master Hunter foi desenvolvido após o sucesso dos 
Jogo de 2 Matrizes (Die) Redding Master Hunter (Carbide) Cal .270 Win;4000.00;Acessório;PH-6399;4;https://images.tcdn.com.br/img/img_prod/620600/jogo_de_2_matrizes_die_redding_master_hunter_carbi_1_20260526151256_09da44f5d620.jpg;Jogo de 2 Matrizes (Die) Redding Master Hunter(Carbide) Calibre .270 Winchester O Redding Master Hunter foi desenvolvido após o sucesso dos 
Jogo de 2 Matrizes (Die) Redding Master Hunter (Carbide) Cal .30-06 Sprg;4000.00;Acessório;PH-6401;3;https://images.tcdn.com.br/img/img_prod/620600/jogo_de_2_matrizes_die_redding_master_hunter_carbi_1_20260526151256_a1b946858d13.jpg;Jogo de 2 Matrizes (Die) Redding Master Hunter (Carbide) Calibre .30-06 Springfield O Redding Master Hunter foi desenvolvido após o sucesso 
Jogo de 2 Matrizes (Die) Redding Master Hunter (Carbide) Cal 300 Win Mag;4000.00;Acessório;PH-6403;10;https://images.tcdn.com.br/img/img_prod/620600/jogo_de_2_matrizes_die_redding_master_hunter_carbi_1_20260526151256_ecb8eb431cf7.jpg;Jogo de 2 Matrizes (Die) Redding Master Hunter (Carbide) Cal 300 Win Mag O Redding Master Hunter foi desenvolvido após o sucesso dos conjunt
Jogo de 2 Matrizes (Die) Redding Master Hunter (Carbide) Cal 308 Win;4000.00;Acessório;PH-6405;6;https://images.tcdn.com.br/img/img_prod/620600/jogo_de_2_matrizes_die_redding_master_hunter_carbi_1_20260526151256_367c551f9ca4.jpg;Jogo de 2 Matrizes (Die) Redding Master Hunter (Carbide) Cal 308 Win O Redding Master Hunter foi desenvolvido após o sucesso dos conjuntos d
Jogo de 2 Matrizes (Die) Redding Master Hunter (Carbide) Cal 6.5 Creedmoor;4000.00;Acessório;PH-6407;4;https://images.tcdn.com.br/img/img_prod/620600/jogo_de_2_matrizes_die_redding_master_hunter_carbi_1_20260526151256_c315976ad3c2.jpg;Jogo de 2 Matrizes (Die) Redding Master Hunter (Carbide) Cal 6.5 Creedmoor O Redding Master Hunter foi desenvolvido após o sucesso dos conju
Jogo de 3 Matrizes (Die) Redding Premium NXGEN Carbide Cal 9mm Luger;3500.00;Acessório;PH-6411;11;https://images.tcdn.com.br/img/img_prod/620600/conjunto_de_3_matrizes_redding_premium_handgun_38_special_357_magnum_6411_1_763d52c1cb988a313a576ed2be50b856_20260526151256.jpeg;Jogo de 3 Matrizes (Die) Redding Premium NXGEN Carbide Cal 9mm Luger O conjunto de matrizes NxGEN Competition Pro Series inclui o die de dim
Jogo de 3 Matrizes (Die) Redding Premium NXGEN Carbide Cal 40 S&W/10mm Auto;3333.33;Acessório;PH-6413;10;https://images.tcdn.com.br/img/img_prod/620600/conjunto_de_3_matrizes_redding_premium_handgun_40_seamp_w_10_mm_auto_6413_1_763d52c1cb988a313a576ed2be50b856_20260526151256.jpeg;Jogo de 3 Matrizes (Die) Redding Premium NXGEN Carbide Calibre 40 S&W/10mm Auto O conjunto de matrizes NxGEN Competition Pro Series inclui o
Jogo de 3 Matrizes (Die) Redding Titanium Carbide Cal 9mm;2800.00;Acessório;PH-6415;7;https://images.tcdn.com.br/img/img_prod/620600/conjunto_de_3_matrizes_de_carboneto_de_titanio_redding_9_mm_luger_6415_1_72dd44ba424d8208df8fe986cc8068e9_20260526151256.jpeg;Jogo de 3 Matrizes (Die) Redding Titanium Carbide Cal 9mm O Redding Carbide 3-Die Set é projetado para uso em prensas de estágioúnico ou tor
Indicador Redding para Altura do Projetil Cal .223 Rem;2090.00;Acessório;PH-6417;2;https://images.tcdn.com.br/img/img_prod/620600/comparador_de_indicadores_instantaneos_redding_s_mostrador_223_remington_6417_1_9f277eb871163392349e6849f3789001_20260526151306.jpeg;Indicador Redding para Altura do Projetil Cal .223 Remington O Comparador de Indicador Instantâneo é útil para comparar rapidamente as profu
Jogo de 2 Matrizes (Die) Redding Premium Series Cal 243 Winchester;2800.00;Acessório;PH-6423;4;https://images.tcdn.com.br/img/img_prod/620600/jogo_de_2_matrizes_die_redding_premium_series_cal_243_winchester_6423_1_937a2a4b695b16fa717e2dba92f7edf5_20260526151257.jpg;Jogo de 2 Matrizes (Die) Redding Premium Series Cal 243 Winchester A Redding Reloading Equipment introduziu tanto os Conjuntos de Matrizes P
Jogo de 2 Matrizes (Die) Redding Premium Series Cal 270 Winchester;2800.00;Acessório;PH-6425;5;https://images.tcdn.com.br/img/img_prod/620600/jogo_de_2_matrizes_die_redding_premium_series_cal_270winchester_6425_1_937a2a4b695b16fa717e2dba92f7edf5_20260526151257.jpg;Jogo de 2 Matrizes (Die) Redding Premium Series Cal 270 Winchester A Redding Reloading Equipment introduziu tanto os Conjuntos de Matrizes P
Jogo de 2 Matrizes (Die) Redding Premium Series Cal 30-06 Springfield;2800.00;Acessório;PH-6427;5;https://images.tcdn.com.br/img/img_prod/620600/conjunto_de_2_die_full_lenght_serie_premium_redding_30_06_springfield_6427_1_fb5108bbb726ec52002eb3033b379f73_20260526151257.jpeg;Jogo de 2 Matrizes (Die) Redding Premium Series Cal 30-06 Springfield A Redding Reloading Equipment introduziu tanto os Conjuntos de Matrize
Jogo de 2 Matrizes (Die) Redding Premium Series Cal 300 Winchester Magnum;2800.00;Acessório;PH-6429;9;https://images.tcdn.com.br/img/img_prod/620600/jogo_de_2_matrizes_die_redding_premium_series_cal_300_winchester_magnum_6429_1_937a2a4b695b16fa717e2dba92f7edf5_20260526151257.jpg;Jogo de 2 Matrizes (Die) Redding Premium Series Cal 300 Winchester Magnum A Redding Reloading Equipment introduziu tanto os Conjuntos de Mat
Jogo de 2 Matrizes (Die) Redding Premium Series Cal 308 Winchester;2800.00;Acessório;PH-6431;3;https://images.tcdn.com.br/img/img_prod/620600/jogo_de_2_matrizes_die_redding_premium_series_cal_308_winchester_6431_1_937a2a4b695b16fa717e2dba92f7edf5_20260526151257.jpg;Jogo de 2 Matrizes (Die) Redding Premium Series Cal 308 Winchester A Redding Reloading Equipment introduziu tanto os Conjuntos de Matrizes P
Jogo de 2 Matrizes (Die) Redding Premium Series Cal 6.5 Creedmoor;2800.00;Acessório;PH-6433;4;https://images.tcdn.com.br/img/img_prod/620600/jogo_de_2_matrizes_die_redding_premium_series_cal_6_5_creedmoor_6433_1_937a2a4b695b16fa717e2dba92f7edf5_20260526151257.jpg;Jogo de 2 Matrizes (Die) Redding Premium Series Cal 6.5 Creedmoor A Redding Reloading Equipment introduziu tanto os Conjuntos de Matrizes Pa
Jogo de 2 Matrizes (Die) Redding Premium Series Cal 223 Rem;2800.00;Acessório;PH-6435;8;https://images.tcdn.com.br/img/img_prod/620600/jogo_de_2_matrizes_die_redding_premium_series_cal_223_rem_6435_1_937a2a4b695b16fa717e2dba92f7edf5_20260526151257.jpg;Jogo de 2 Matrizes (Die) Redding Premium Series Calibre 223 Remington A Redding Reloading Equipment introduziu tanto os Conjuntos de Matrize
Jogo de 3 Matrizes (Die) Redding Titanium Carbide Cal 32 S&W Long / 32 H&R Magnum;2500.00;Acessório;PH-6437;10;https://images.tcdn.com.br/img/img_prod/620600/jogo_de_3_matrizes_die_redding_titanium_carbide_cal_32_s_amp_w_long_32_h_amp_r_magnum_6437_1_133f13be3c45d4717d85af4a63205168_20260526151257.jpg;Jogo de 3 Matrizes (Die) Redding Titanium Carbide cal 32 S&W Long / 32 H&R Magnum O Conjunto Die de Carboneto de Titânio é projetado para us
Jogo de 3 Matrizes (Die) Redding Titanium Carbide Cal 45 ACP;2500.00;Acessório;PH-6441;7;https://images.tcdn.com.br/img/img_prod/620600/jogo_de_3_matrizes_die_redding_titanium_carbide_cal_45_acp_6441_1_133f13be3c45d4717d85af4a63205168_20260526151257.jpg;Jogo de 3 Matrizes (Die) Redding Titanium Carbide Cal 45 ACP O Conjunto Die de Carboneto de Titânio é projetado para uso em prensas de um ún
Jogo de 3 Matrizes (Die) Redding Titanium Carbide Cal 45 Colt / 454 Casull;2500.00;Acessório;PH-6443;5;https://images.tcdn.com.br/img/img_prod/620600/jogo_de_3_matrizes_die_redding_titanium_carbide_cal_45_colt_454_casull_6443_1_133f13be3c45d4717d85af4a63205168_20260526151257.jpg;Jogo de 3 Matrizes (Die) Redding Titanium Carbide Cal 45 Colt / 454 Casull O Conjunto Die de Carboneto de Titânio é projetado para uso em pr
Jogo de 3 Matrizes (Die) Redding Titanium Carbide Cal 40 S&W / 10mm Auto;2500.00;Acessório;PH-6445;9;https://images.tcdn.com.br/img/img_prod/620600/jogo_de_3_matrizes_die_redding_titanium_carbide_cal_40_s_amp_w_10mm_auto_6445_1_133f13be3c45d4717d85af4a63205168_20260526151257.jpg;Jogo de 3 Matrizes (Die) Redding Titanium Carbide Cal 40 S&W / 10mm Auto O Conjunto Die de Carboneto de Titânio é projetado para uso em pren
Jogo de 3 Matrizes (Die) Redding Titanium Carbide Cal 38 SPL/357 Magnum;2500.00;Acessório;PH-6447;14;https://images.tcdn.com.br/img/img_prod/620600/jogo_de_3_matrizes_die_redding_titanium_carbide_cal_38_spl_357_magnum_6447_1_133f13be3c45d4717d85af4a63205168_20260526151257.jpg;Jogo de 3 Matrizes (Die) Redding Titanium Carbide Cal 38 SPL/357 Magnum O Conjunto Die de Carboneto de Titânio é projetado para uso em prens
Jogo de 3 Matrizes (Die) Redding Titanium Carbide Cal 44 SPL / 44 Magnum;2500.00;Acessório;PH-6449;10;https://images.tcdn.com.br/img/img_prod/620600/jogo_de_3_matrizes_die_redding_titanium_carbide_cal_44_spl_44_magnum_6449_1_133f13be3c45d4717d85af4a63205168_20260526151257.jpg;Jogo de 3 Matrizes (Die) Redding Titanium Carbide Cal 44 SPL / 44 Magnum O Conjunto Die de Carboneto de Titânio é projetado para uso em pren
Jogo de 3 Matrizes (Die) Redding Titanium Carbide Cal 32 ACP;2500.00;Acessório;PH-6451;5;https://images.tcdn.com.br/img/img_prod/620600/jogo_de_3_matrizes_die_redding_titanium_carbide_cal_32_acp_6451_1_133f13be3c45d4717d85af4a63205168_20260526151257.jpg;Jogo de 3 Matrizes (Die) Redding Titanium Carbide Cal 32 ACP O Conjunto Die de Carboneto de Titânio é projetado para uso em prensas de um ún
Jogo de 3 Matrizes (Die) Redding Titanium Carbide Cal 38 Super Auto;2500.00;Acessório;PH-6453;5;https://images.tcdn.com.br/img/img_prod/620600/jogo_de_3_matrizes_die_redding_titanium_carbide_cal_38_super_auto_6453_1_133f13be3c45d4717d85af4a63205168_20260526151258.jpg;Jogo de 3 Matrizes (Die) Redding Titanium Carbide Cal 38 Super Auto O Conjunto Die de Carboneto de Titânio é projetado para uso em prensas d
Jogo de 3 Matrizes (Die) Redding Competition (Bushing) Cal 6mm B.R. Rem;6000.00;Acessório;PH-6455;3;https://images.tcdn.com.br/img/img_prod/620600/jogo_de_3_matrizes_die_redding_competition_bushing_cal_6mm_b_r_rem_6455_1_856bb80127d4755a7a6453c9ca023058_20260526151258.jpg;Jogo de 3 Matrizes (Die) Redding Competition (Bushing) Cal 6mm B. R. Rem O Redding Competição Bushing Neck Sizer Die Set inclui uma competiç
Jogo de 3 Matrizes (Die) Redding Competition (Bushing) Cal 6.5 Creedmoor;6000.00;Acessório;PH-6457;5;https://images.tcdn.com.br/img/img_prod/620600/jogo_de_3_matrizes_die_redding_competition_bushing_cal_6_5_creedmoor_6457_1_856bb80127d4755a7a6453c9ca023058_20260526151258.jpg;Jogo de 3 Matrizes (Die) Redding Competition (Bushing) Cal 6.5 Creedmoor O Redding Competição Bushing Neck Sizer Die Set inclui uma competiç
"Bucha (Bushing) Redding Titanium Nitride .248"" (cal 223)";637.00;Acessório;PH-6459;9;https://images.tcdn.com.br/img/img_prod/620600/die_dimensionador_de_pescoco_de_nitreto_de_titanio_neck_sizing_bushing_248_6459_1_805581df5db359f795020139a9301f0e_20260526151307.jpeg;"Bucha (Bushing) Redding Titanium Nitride .248"" (cal 223) As Buchas do Dimensionador de Pescoço Redding são livremente trocadas em todos os d"
"Bucha (Bushing) Redding Titanium Nitride .249"" (cal 223)";637.00;Acessório;PH-6461;10;https://images.tcdn.com.br/img/img_prod/620600/die_dimensionador_de_pescoco_de_nitreto_de_titanio_neck_sizing_bushing_249_6461_1_805581df5db359f795020139a9301f0e_20260526151307.jpeg;"Bucha (Bushing) Redding Titanium Nitride .249"" (cal 223) As Buchas do Dimensionador de Pescoço Redding são livremente trocadas em todos os d"
"Bucha (Bushing) Redding Titanium Nitride .250"" (cal 223)";637.00;Acessório;PH-6463;10;https://images.tcdn.com.br/img/img_prod/620600/die_dimensionador_de_pescoco_de_nitreto_de_titanio_neck_sizing_bushing_250_6463_1_805581df5db359f795020139a9301f0e_20260526151307.jpeg;"Bucha (Bushing) Redding Titanium Nitride .250"" (cal 223) As Buchas do Dimensionador de Pescoço Redding são livremente trocadas em todos os d"
"Bucha (Bushing) Redding Titanium Nitride .269"" (cal 6mm)";637.00;Acessório;PH-6465;6;https://images.tcdn.com.br/img/img_prod/620600/die_dimensionador_de_pescoco_de_nitreto_de_titanio_neck_sizing_bushing_269_6465_1_805581df5db359f795020139a9301f0e_20260526151307.jpeg;"Bucha (Bushing) Redding Titanium Nitride .269"" (cal 6mm) As Buchas do Dimensionador de Pescoço Redding são livremente trocadas em todos os d"
"Bucha (Bushing) Redding Titanium Nitride .270"" (cal 6mm)";637.00;Acessório;PH-6467;6;https://images.tcdn.com.br/img/img_prod/620600/die_dimensionador_de_pescoco_de_nitreto_de_titanio_neck_sizing_bushing_270_6467_1_805581df5db359f795020139a9301f0e_20260526151307.jpeg;Bucha (Bushing) Redding Titanium Nitride .270'' (cal 6mm) As Buchas do Dimensionador de Pescoço Redding são livremente trocadas em todos os 
"Bucha (Bushing) Redding Titanium Nitride .271"" (cal 6mm)";637.00;Acessório;PH-6469;6;https://images.tcdn.com.br/img/img_prod/620600/die_dimensionador_de_pescoco_de_nitreto_de_titanio_neck_sizing_bushing_271_6469_1_805581df5db359f795020139a9301f0e_20260526151307.jpeg;"Bucha Bushing Redding Titanium Nitride .271"" cal 6mm As Buchas do Dimensionador de Pescoço Redding são livremente trocadas em todos os dies "
"Bucha (Bushing) Redding Titanium Nitride .272"" (cal 6mm)";637.00;Acessório;PH-6471;6;https://images.tcdn.com.br/img/img_prod/620600/die_dimensionador_de_pescoco_de_nitreto_de_titanio_neck_sizing_bushing_272_6471_1_805581df5db359f795020139a9301f0e_20260526151307.jpeg;"Bucha (Bushing) Redding Titanium Nitride .272"" (cal 6mm) As Buchas do Dimensionador de Pescoço Redding são livremente trocadas em todos os d"
"Bucha (Bushing) Redding Titanium Nitride .289"" (cal 6,5mm)";637.00;Acessório;PH-6473;5;https://images.tcdn.com.br/img/img_prod/620600/die_dimensionador_de_pescoco_de_nitreto_de_titanio_neck_sizing_bushing_289_6473_1_805581df5db359f795020139a9301f0e_20260526151307.jpeg;"Bucha (Bushing) Redding Titanium Nitride .289"" (cal 6,5mm) As Buchas do Dimensionador de Pescoço Redding são livremente trocadas em todos os"
"Bucha (Bushing) Redding Titanium Nitride .290"" (cal 6,5mm)";637.00;Acessório;PH-6475;5;https://images.tcdn.com.br/img/img_prod/620600/die_dimensionador_de_pescoco_de_nitreto_de_titanio_neck_sizing_bushing_290_6475_1_805581df5db359f795020139a9301f0e_20260526151307.jpeg;"Bucha (Bushing) Redding Titanium Nitride .290"" (cal 6,5mm) As Buchas do Dimensionador de Pescoço Redding são livremente trocadas em todos os"
Shellholder Redding #1 para .308 Win, .30-06 Springfield e .45 ACP;200.00;Acessório;PH-6483;117;https://images.tcdn.com.br/img/img_prod/620600/shellholder_1_redding_308_winchester_30_06_springfield_45_acp_6483_1_d4754cb2999c92ad8fa9feeac214aa3a_20260526151307.jpeg;Shellholder Redding #1 para .308 Win, .30-06 Springfield e .45 ACP Todos produtos Redding levam qualidade da marca em seu nome, e com os She
Shellholder Redding #2 para 7-30 Waters, .30-30 Winchester e .32 Winchester Special;200.00;Acessório;PH-6485;41;https://images.tcdn.com.br/img/img_prod/620600/shellholder_2_redding_7_30_waters_30_30_winchester_32_winchester_special_6485_1_d4754cb2999c92ad8fa9feeac214aa3a_20260526151307.jpeg;Shellholder Redding #2 para 7-30 Waters, .30-30 Winchester e .32 Winchester Special Todos produtos Redding levam qualidade da marca em seu n
Shellholder Redding #5 para 224 Valkyrie, .357 SIG, .40 S&W e 10mm Auto;200.00;Acessório;PH-6487;49;https://images.tcdn.com.br/img/img_prod/620600/shellholder_5_redding_224_valkyrie_357_sig_40_seamp_w_10mm_auto_6487_1_d4754cb2999c92ad8fa9feeac214aa3a_20260526151307.jpeg;Shellholder Redding #5 para 224 Valkyrie, .357 SIG, .40 S&W e 10mm Auto Todos produtos Redding levam qualidade da marca em seu nome, e com o
Shellholder Redding #6 para 7mm Remington Magnum, .300 Winchester Magnum e .338 Winchester Magnum;200.00;Acessório;PH-6489;44;https://images.tcdn.com.br/img/img_prod/620600/shellholder_6_redding_7mm_remington_magnum_300_winchester_magnum_338_winchester_magnum_6489_1_d4754cb2999c92ad8fa9feeac214aa3a_20260526151307.jpeg;Shellholder Redding #6 para 7mm Remington Magnum, .300 Winchester Magnum e .338 Winchester Magnum Todos produtos Redding levam qualidade da 
Shellholder Redding #10 para .17 Remington, .204 Ruger e .223 Remington;200.00;Acessório;PH-6491;91;https://images.tcdn.com.br/img/img_prod/620600/shellholder_10_redding_17_remington_204_ruger_223_remington_6491_1_d4754cb2999c92ad8fa9feeac214aa3a_20260526151308.jpeg;Shellholder Redding #10 para .17 Remington, .204 Ruger e .223 Remington Todos produtos Redding levam qualidade da marca em seu nome, e com o
Shellholder Redding #12 para .38 S&W, .38 Special e .357 Magnum;200.00;Acessório;PH-6493;63;https://images.tcdn.com.br/img/img_prod/620600/shellholder_12_redding_38_seamp_w_38_special_357_magnum_6493_1_d4754cb2999c92ad8fa9feeac214aa3a_20260526151308.jpeg;Shellholder Redding #12 para .38 S&W, .38 Special e .357 Magnum Todos produtos Redding levam qualidade da marca em seu nome, e com os Shellh
Shellholder Redding #13 para .38 Super, 9mm Luger e 9mm Makarov;200.00;Acessório;PH-6495;133;https://images.tcdn.com.br/img/img_prod/620600/shellholder_13_redding_38_super_9mm_luger_9mm_makarov_6495_1_d4754cb2999c92ad8fa9feeac214aa3a_20260526151308.jpeg;Shellholder Redding #13 para .38 Super, 9mm Luger e 9mm Makarov Todos produtos Redding levam qualidade da marca em seu nome, e com os Shellh
Shellholder Redding #14 para .22 Hornet e .22 K-Hornet;200.00;Acessório;PH-6497;8;https://images.tcdn.com.br/img/img_prod/620600/shellholder_14_redding_22_hornet_22_k_hornet_6497_1_d4754cb2999c92ad8fa9feeac214aa3a_20260526151308.jpeg;Shellholder Redding #14 para .22 Hornet e .22 K-Hornet Todos produtos Redding levam qualidade da marca em seu nome, e com os Shellholders nã
Shellholder Redding #15 para 7.62x54R e .500 S&W Magnum;200.00;Acessório;PH-6499;10;https://images.tcdn.com.br/img/img_prod/620600/shellholder_15_redding_7_62x54mm_rimmed_russian_500_seamp_w_magnum_6499_1_d4754cb2999c92ad8fa9feeac214aa3a_20260526151308.jpeg;Shellholder Redding #15 para 7.62x54R e .500 S&W Magnum Todos produtos Redding levam qualidade da marca em seu nome, e com os Shellholders n
Shellholder Redding #18 para .30-378 Weatherby Magnum, .45-70 Government e .460 Weatherby Magnum;200.00;Acessório;PH-6501;10;https://images.tcdn.com.br/img/img_prod/620600/shellholder_18_redding_30_378_weatherby_magnum_45_70_government_460_weatherby_magnum_6501_1_d4754cb2999c92ad8fa9feeac214aa3a_20260526151308.jpeg;Shellholder Redding #18 para .30-378 Weatherby Magnum, .45-70 Government e .460 Weatherby Magnum Todos produtos Redding levam qualidade da m
Shellholder Redding #19 para .44 Special, .44 Remington Magnum e .444 Marlin;200.00;Acessório;PH-6503;17;https://images.tcdn.com.br/img/img_prod/620600/shellholder_19_redding_44_special_44_remington_magnum_444_marlin_6503_1_d4754cb2999c92ad8fa9feeac214aa3a_20260526151308.jpeg;Shellholder Redding #19 para .44 Special, .44 Remington Magnum e .444 Marlin Todos produtos Redding levam qualidade da marca em seu nome, e 
Shellholder Redding #23 para .45 Colt, .454 Casull e .460 S&W Magnum;200.00;Acessório;PH-6505;25;https://images.tcdn.com.br/img/img_prod/620600/shellholder_23_redding_45_colt_long_colt_454_casull_460_seamp_w_magnum_6505_1_d4754cb2999c92ad8fa9feeac214aa3a_20260526151308.jpeg;Shellholder Redding #23 para .45 Colt, .454 Casull e .460 S&W Magnum Todos produtos Redding levam qualidade da marca em seu nome, e com os S
Buffer Redding para Polvorimetro;118.00;Acessório;PH-6507;28;https://images.tcdn.com.br/img/img_prod/620600/buffer_redding_para_polvorimetro_6507_1_65b7db2e0af0ba5198754fc2da8073d6_20260526151308.jpg;Defletor de Polvorimetro Os defletores de pó ajudam a garantir uma pressão uniforme na coluna de pó no rotor do medidor de pó. Isso signific
Caixa para Shellholder Competition Redding;76.00;Acessório;PH-6509;50;https://images.tcdn.com.br/img/img_prod/620600/caixa_para_shellholder_competition_redding_6509_1_8fc184f499a8f72635e1ebcbf6fc12e2_20260526150856.jpeg;Caixa para Shellholder Competition Redding A Caixa de Armazenamento para Competition Shellholder da Redding armazena com segurança até 6 she
Cabeça Expansora do Pescoço do Estojo Redding  Cal .22;329.00;Acessório;PH-6511;4;https://images.tcdn.com.br/img/img_prod/620600/cabeca_redding_de_haste_cal_22_6511_1_3460ad339d66dbd2a67252a8e3797636_20260526151258.jpg;Cabeça Expansora do Pescoço do Estojo Redding Cal .22 Um extensor cônico longo para fácil expansão do gargalo do estojo de munição Sobre a R
Caixa Redding para Buchas (bushing);76.00;Acessório;PH-6513;1;https://images.tcdn.com.br/img/img_prod/620600/caixa_redding_para_buchas_bushing_6513_1_37e75023c8b677a1d1cc315ea52118af_20260526150856.jpg;Caixa Redding para Buchas(bushing) A Caixa de Armazenamento para Die Dimensionador de Pescoço da Redding fornece armazenamento prático para 
Cabeça Expansora do Pescoço do Estojo Redding  Cal .30;329.00;Acessório;PH-6515;4;https://images.tcdn.com.br/img/img_prod/620600/cabeca_redding_de_haste_cal_30_6515_1_3460ad339d66dbd2a67252a8e3797636_20260526151308.jpg;Cabeça Expansora do Pescoço do Estojo Redding Cal .30 Um extensor cônico longo para fácil expansão do gargalo do estojo de munição Sobre a R
Escova Redding para Calibre de Pescoço Pequeno;82.00;Acessório;PH-6519;110;https://images.tcdn.com.br/img/img_prod/620600/escova_pequena_para_pescoco_de_estojo_redding_6519_1_e4ebb3c0ad01829bc7c2ad52c46657cd_20260526151308.jpeg;Escova Redding para Calibre de Pescoço Pequeno Mesmo sendo um atirador experiente nunca sabe quando uma peça pode quebrar. Esteja preparado 
Escova Redding para Calibre de Pescoço Média;82.00;Acessório;PH-6521;111;https://images.tcdn.com.br/img/img_prod/620600/escova_redding_para_calibre_de_pescoco_media_6521_1_404535a2595ad98dba714d0bf42543e9_20260526151308.jpg;Escova Redding para Calibre de Pescoço Média Mesmo sendo um atirador experiente nunca sabe quando uma peça pode quebrar. Esteja preparado pa
Escova Redding para Calibre de Pescoço Grande;48.00;Acessório;PH-6523;109;https://images.tcdn.com.br/img/img_prod/620600/escova_redding_para_calibre_de_pescoco_grande_6523_1_f56887d184f938a0df65a09e68b762f9_20260526151308.jpg;Escova Redding para Calibre de Pescoço Grande Mesmo sendo um atirador experiente, nunca sabe quando uma peça pode quebrar. Esteja preparado 
Bandoleira Búfalo El Paso com Apoio para Polegar - Modelo Cobra;533.33;Acessório;PH-6533;1;https://images.tcdn.com.br/img/img_prod/620600/bandoleira_bufalo_el_paso_com_apoio_para_polegar_modelo_cobra_6533_1_ddcb5b29be2ef4276cbd853eff353e2b_20260526150852.jpg;Bandoleira Búfalo El Paso com Apoio para Polegar - Modelo Cobra Feito de couro bovino com estampa de búfalo. Esta Bandoleira possui um apoio
Jogo de 2 Matrizes Hornady .300 Win Mag (.308);1250.00;Acessório;PH-6537;18;https://images.tcdn.com.br/img/img_prod/620600/jogo_de_2_matrizes_hornady_300_win_mag_308_6537_1_ac2d01e3980796169aa50291f8020598_20260526151258.jpg;PRODUTO CONTROLADO PELO EXÉRCITO Este item requer autorização prévia para a realização da compra. Caso não possua a autorização, a compra se
Jogo de 2 Matrizes (Die) Hornady .308 Win;1250.00;Acessório;PH-6539;24;https://images.tcdn.com.br/img/img_prod/620600/jogo_de_2_matrizes_hornady_308_win_6539_1_ac2d01e3980796169aa50291f8020598_20260526151258.jpg;PRODUTO CONTROLADO PELO EXÉRCITO Este item requer autorização prévia para a realização da compra. Caso não possua a autorização, a compra se
Jogo de 2 Matrizes (Die) Hornady .223 Rem (.244);1250.00;Acessório;PH-6541;26;https://images.tcdn.com.br/img/img_prod/620600/jogo_de_2_matrizes_hornady_223_rem_224_6541_1_ac2d01e3980796169aa50291f8020598_20260526151258.jpg;Jogo de 2 Die Hornady .223 Remington (.224) O Hornady Custom Grade New Dimension 2-Die Set é um ótimo conjunto de ferramentas para o especia
Kit de Conversão Diamond para Dillon XL450/550 - Cal .22 Hornet;611.76;Acessório;PH-6543;1;https://images.tcdn.com.br/img/img_prod/620600/kit_conversor_calibre_22_hornet_p_prensa_dillon_450_550_6543_1_b4b6de0242084fa8928d38d3df778223_20260526151308.jpg;Kit de Conversão Diamond para Dillon XL450/550 - Calibre .22 Hornet Compatível apenas para Prensas Dillon 450/550 Marca Diamond Reloading Có
Kit de Conversão Diamond para Dillon XL450/550 - Cal .30 M1 Carbine;611.76;Acessório;PH-6545;1;https://images.tcdn.com.br/img/img_prod/620600/kit_conversor_calibre_30_m1_carbine_p_prensa_dillon_450_550_6545_1_a0a547b4f7a81dfc97cc3dabb552f874_20260526151309.jpg;PRODUTO CONTROLADO PELO EXÉRCITO Este item requer autorização prévia para a realização da compra. Caso não possua a autorização, a compra se
Kit de Conversão Diamond para Dillon XL450/550 - Cal .30-30 Winchester / .32 Winchester SPL;611.76;Acessório;PH-6547;2;https://images.tcdn.com.br/img/img_prod/620600/kit_conversor_calibre_30_30_winchester_32_winchester_spl_p_prensa_dillon_450_550_6547_1_a0a547b4f7a81dfc97cc3dabb552f874_20260526151309.jpg;Kit de Conversão Diamond para Dillon XL450/550 - Calibre .30-30 Winchester / .32 Winchester SPL Compatível apenas para Prensas Dillon 450/55
Base Completa Diamond Reloading para Prensas Dillon 450/550;765.56;Acessório;PH-6551;3;https://images.tcdn.com.br/img/img_prod/620600/base_completa_diamond_reloading_para_prensas_dillon_450_550_6551_1_85815d92b943316c8397466f97aa8e4e_20260526151309.jpg;Base Completa Diamond Reloading para Prensas Dillon 450/550 As bases da Diamond Reloading foram desenvolvidas para que você tenha uma excele
Base Completa Diamond Reloading para Prensas Dillon 750/650;765.56;Acessório;PH-6553;1;https://images.tcdn.com.br/img/img_prod/620600/base_completa_diamond_reloading_para_prensas_dillon_750_650_6553_1_85815d92b943316c8397466f97aa8e4e_20260526151309.jpg;Base Completa Diamond Reloading para Prensas Dillon 750/650 As bases da Diamond Reloading foram desenvolvidas para que você tenha uma excele
Powder Die EXTRA-LARGE (Die para Polvorímetro);251.11;Acessório;PH-6555;5;https://images.tcdn.com.br/img/img_prod/620600/powder_die_extra_large_die_para_polvorimetro_6555_1_6740ff5a85935b1763ebfe263d797a88_20260526151309.jpg;Powder Die EXTRA-LARGE (Die para Polvorímetro) Sobre a Diamond Reloading A Lapidary atua no segmento de peças e máquinas industriais para o 
Powder Die Universal (Die para Polvorímetro);201.11;Acessório;PH-6557;3;https://images.tcdn.com.br/img/img_prod/620600/powder_die_universal_die_para_polvorimetro_6557_1_dcb37661e7c9c53fd01fbdc539c2460e_20260526151310.jpg;"Powder Die Universal (Die para Polvorímetro) Ter um Powder Die extra permitem que você mova seu polvorímetro para ""cabeça"" de ferramenta sem"
Kit de Conversão Diamond para Dillon XL450/550 - Cal 300 Winchester Magnum;611.76;Acessório;PH-6559;1;https://images.tcdn.com.br/img/img_prod/620600/kit_conversor_calibre_300_winchester_magnum_p_prensa_dillon_450_550_6559_1_a0a547b4f7a81dfc97cc3dabb552f874_20260526151310.jpg;Kit de Conversão Diamond para Dillon XL450/550 - Calibre .300 Winchester Magnum Compatível apenas para Prensas Dillon 450/550 Marca Diamond 
Kit de Conversão Diamond para Dillon XL750/650 - Cal .380 ACP;1047.06;Acessório;PH-6561;4;https://images.tcdn.com.br/img/img_prod/620600/kit_conversor_calibre_380_acp_p_prensa_dillon_750_650_6561_1_d15c640d649d5498cb5987d32f6524f9_20260526151310.jpg;Kit de Conversão Diamond para Dillon XL750/650 - Calibre .380 ACP Compatível apenas para Prensas Dillon 750/650 Marca Diamond Reloading Códi
Kit de Conversão Diamond para Dillon XL750/650 - Cal .221 Rem / 222 / 223 / 5.56;1047.06;Acessório;PH-6563;5;https://images.tcdn.com.br/img/img_prod/620600/kit_conversor_calibre_223_222_221_rem_5_56_p_prensa_dillon_750_650_6563_1_38dbfad8b27a79812cf80243f457db4b_20260526151310.jpg;Kit de Conversão Diamond para Dillon XL750/650 - Calibre .221 Rem / 222 / 223 / 5.56 Compatível apenas para Prensas Dillon 750/650 Marca Dia
Kit de Conversão Diamond para Dillon XL750/650 - Cal 9mm / .38 Super / 9x21 Conv.;1047.06;Acessório;PH-6565;7;https://images.tcdn.com.br/img/img_prod/620600/kit_conversor_calibre_9mm_38_super_9x21_conv_p_prensa_dillon_750_650_6565_1_a1900666d76e66802cbeca73840bbac1_20260526151310.jpg;Kit de Conversão Diamond para Dillon XL750/650 - Cal 9mm / .38 Super / 9x21 Conv. Compatível apenas para Prensas Dillon 750/650 Sobre a Diam
Kit de Conversão Diamond para Dillon XL750/650 - Cal .38 SPL / 357 Magnum;1047.06;Acessório;PH-6567;9;https://images.tcdn.com.br/img/img_prod/620600/kit_conversor_calibre_38_spl_357_magnum_p_prensa_dillon_750_650_6567_1_f8cc8f2cda9be0c30cd6b0686303bfbf_20260526151310.jpg;Kit de Conversão Diamond para Dillon XL750/650 - Calibre .38 SPL / 357 Magnum Compatível apenas para Prensas Dillon 750/650 Sobre a Diamond 
Kit de Conversão Diamond para Dillon XL750/650 - Cal .45 ACP;1047.06;Acessório;PH-6569;3;https://images.tcdn.com.br/img/img_prod/620600/kit_conversor_calibre_45_acp_p_prensa_dillon_750_650_6569_1_0eaacf4056d6064b2f1f2feff6acaf03_20260526151310.jpg;Kit de Conversão Diamond para Dillon XL750/650 - Calibre .45 ACP Compatível apenas para Prensas Dillon 750/650 Sobre a Diamond Reloading A L
Kit de Conversão Diamond para Dillon XL750/650 - Cal 9x25 / .357 SIG;1047.06;Acessório;PH-6571;5;https://images.tcdn.com.br/img/img_prod/620600/kit_conversor_calibre_9x25_357_sig_p_prensa_dillon_750_650_6571_1_4a17773ba74e1268c6634050c898cf92_20260526151310.jpg;Kit de Conversão Diamond para Dillon XL750/650 - Calibre 9x25 / .357 SIG Co m patível apenas para Prensas Dillon 750/650 Sobre a Diamond Rel
Desespoletador - Deprime Pin Diamond Reloading;218.89;Acessório;PH-6573;2;https://images.tcdn.com.br/img/img_prod/620600/desespoletador_deprime_pin_diamond_reloading_6573_1_9172d9814980bcb75fe4f4acba52a0fc_20260526151310.jpg;Desespoletador - Deprime Pin Diamond Reloading Compatível apenas com prensas Dillon Marca Diamond Reloading Código 020300060068 Aplicação (S
Toolhead Prata de Alumínio Diamond Reloading - Compatível com Prensas Dillon RL 450/550;393.33;Acessório;PH-6575;2;https://images.tcdn.com.br/img/img_prod/620600/toolhead_prata_de_aluminio_diamond_reloading_compativel_com_prensas_dillon_rl_450_550_6575_1_2868aa26e176301881f52a2f81bf5882_20260526151311.jpg;Toolhead Prata de Alumínio Diamond Reloading - Compatível com Prensas de Recarga Dillon RL 450/550 Toolhead é uma ferramenta feita para agil
Toolhead Vermelho de Alumínio Diamond Reloading - Compatível com Prensas Dillon RL 450/550;393.33;Acessório;PH-6577;2;https://images.tcdn.com.br/img/img_prod/620600/toolhead_vermelho_de_aluminio_diamond_reloading_compativel_com_prensas_dillon_rl_450_550_6577_1_4587249d347477c0d755b074cc82a639_20260526151311.jpg;Toolhead Vermelho de Alumínio Diamond Reloading - Compatível com Prensas de Recarga Dillon RL 450/550 Toolhead é uma ferramenta feita para a
Kit de Conversão Diamond para Dillon XL750/650 - Cal .44 SPL / .44 Mag;1047.06;Acessório;PH-6579;1;https://images.tcdn.com.br/img/img_prod/620600/kit_conversor_calibre_44_spl_44_magnum_p_prensa_dillon_750_650_6579_1_2452d694f45958b15af0ce201618372d_20260526151311.jpg;PRODUTO CONTROLADO PELO EXÉRCITO Este item requer autorização prévia para a realização da compra. Caso não possua a autorização, a compra se
Kit de Conversão Diamond para Dillon XL750/650 - Cal 10mm / .40 S&W;1047.06;Acessório;PH-6581;5;https://images.tcdn.com.br/img/img_prod/620600/kit_conversor_calibre_10mm_40_seamp_w_p_prensa_dillon_750_650_6581_1_c8863a474163911fea7edf74e8cc3ad4_20260526151311.jpg;PRODUTO CONTROLADO PELO EXÉRCITO Este item requer autorização prévia para a realização da compra. Caso não possua a autorização, a compra se
Kit de Conversão Diamond para Dillon XL450/550 - Cal .308 Winchester / .30-06 Springfield;611.76;Acessório;PH-6585;2;https://images.tcdn.com.br/img/img_prod/620600/kit_conversor_calibre_308_winchester_30_06_springfield_p_prensa_dillon_450_550_6585_1_2258597d2bb87470dadd76b67dc623aa_20260526151311.jpg;PRODUTO CONTROLADO PELO EXÉRCITO Este item requer autorização prévia para a realização da compra. Caso não possua a autorização, a compra se
Kit de Conversão Diamond para Dillon XL450/550 - Cal .221 / .222 / .223 Rem / .22 Nosler;611.76;Acessório;PH-6587;3;https://images.tcdn.com.br/img/img_prod/620600/kit_conversor_calibre_221_222_223_rem_22_nosler_p_prensa_dillon_450_550_6587_1_38a4ceb4beb205d8c17baebce432b7da_20260526151311.jpg;PRODUTO CONTROLADO PELO EXÉRCITO Este item requer autorização prévia para a realização da compra. Caso não possua a autorização, a compra se
Kit de Conversão Diamond para Dillon XL450/550 - Cal .45 Colt / .45 S&W / 454 Casull / 455 Webley;611.76;Acessório;PH-6589;1;https://images.tcdn.com.br/img/img_prod/620600/kit_conversor_calibre_45_colt_454_cassul_455_webley_45_seamp_w_p_prensa_dillon_450_550_6589_1_87bf5052e4cf9a6ff7c81667f0201cc7_20260526151311.jpg;PRODUTO CONTROLADO PELO EXÉRCITO Este item requer autorização prévia para a realização da compra. Caso não possua a autorização, a compra se
Kit de Conversão Diamond para Dillon XL450/550 - Cal .44 Mag / .44 Colt / .44 SPL;611.76;Acessório;PH-6593;2;https://images.tcdn.com.br/img/img_prod/620600/kit_conversor_calibre_44_mag_44_colt_44_spl_p_prensa_dillon_450_550_6593_1_edb4ab03235e988c3905dcf9903442ea_20260526151311.jpg;PRODUTO CONTROLADO PELO EXÉRCITO Este item requer autorização prévia para a realização da compra. Caso não possua a autorização, a compra se
Kit de Conversão Diamond para Dillon XL450/550 - Cal .45 ACP / .45 GAP;611.76;Acessório;PH-6597;1;https://images.tcdn.com.br/img/img_prod/620600/kit_conversor_calibre_45_acp_45_gap_p_prensa_dillon_450_550_6597_1_87bf5052e4cf9a6ff7c81667f0201cc7_20260526151312.jpg;PRODUTO CONTROLADO PELO EXÉRCITO Este item requer autorização prévia para a realização da compra. Caso não possua a autorização, a compra se
Kit de Conversão Diamond para Dillon XL450/550 - Cal .32 ACP / .32 Short Colt;611.76;Acessório;PH-6599;1;https://images.tcdn.com.br/img/img_prod/620600/kit_conversor_calibre_32_acp_32_short_colt_p_prensa_dillon_450_550_6599_1_0b692a47878dc6ab11c18dad7a6d59f5_20260526151311.jpg;PRODUTO CONTROLADO PELO EXÉRCITO Este item requer autorização prévia para a realização da compra. Caso não possua a autorização, a compra se
Kit de Conversão Diamond para Dillon XL450/550 - Cal .32-20 Winchester;611.76;Acessório;PH-6601;1;https://images.tcdn.com.br/img/img_prod/620600/kit_conversor_calibre_32_20_winchester_p_prensa_dillon_450_550_6601_1_2a54ef43a4542739fa5e2b54e2393275_20260526151312.jpg;PRODUTO CONTROLADO PELO EXÉRCITO Este item requer autorização prévia para a realização da compra. Caso não possua a autorização, a compra se
Kit de Conversão Diamond para Dillon XL450/550 - Cal .380 ACP;611.76;Acessório;PH-6603;2;https://images.tcdn.com.br/img/img_prod/620600/kit_conversor_calibre_380_acp_p_prensa_dillon_450_550_6603_1_c7b5936d404a465188cd1a8ed5d7792b_20260526151312.jpg;PRODUTO CONTROLADO PELO EXÉRCITO Este item requer autorização prévia para a realização da compra. Caso não possua a autorização, a compra se
Toolhead Azul de Alumínio Diamond Reloading - Compatível com Prensas Dillon RL 750/650;437.78;Acessório;PH-6605;5;https://images.tcdn.com.br/img/img_prod/620600/toolhead_azul_de_aluminio_diamond_reloading_compativel_com_prensas_dillon_rl_750_650_6605_1_a661469fdfbf409474022b5881c7291f_20260526151312.jpg;Toolhead Azul de Alumínio Diamond Reloading - Para Prensas de Recarga Dillon RL 750/650 Toolhead é uma ferramenta feita para agilizar o proc
Toolhead Preto de Alumínio Diamond Reloading - Compatível com Prensas Dillon RL 750/650;437.78;Acessório;PH-6607;5;https://images.tcdn.com.br/img/img_prod/620600/toolhead_preto_de_aluminio_diamond_reloading_compativel_com_prensas_dillon_rl_750_650_6607_1_38405155766fcd1c0e31dfe5e5a5a32f_20260526151312.jpg;Toolhead Azul de Alumínio Diamond Reloading - Compatível com Prensas de Recarga Dillon RL 750/650 Toolhead é uma ferramenta feita para agili
Toolhead Vermelho de Alumínio Diamond Reloading - Compatível com Prensas Dillon RL 750/650;437.78;Acessório;PH-6609;4;https://images.tcdn.com.br/img/img_prod/620600/toolhead_vermelho_de_aluminio_diamond_reloading_compativel_com_prensas_dillon_rl_750_650_6609_1_849353d92db055ce1d2e2bd21c327664_20260526151312.jpg;Toolhead Vermelho de Alumínio Diamond Reloading - Compatível com Prensas de Recarga Dillon RL 750/650 Toolhead é uma ferramenta feita para a
Toolhead Prata de Alumínio Diamond Reloading - Compatível com Prensas Dillon RL 750/650;437.78;Acessório;PH-6611;5;https://images.tcdn.com.br/img/img_prod/620600/toolhead_prata_de_aluminio_diamond_reloading_compativel_com_prensas_dillon_rl_750_650_6611_1_7a4c10746f03d83fffc18174041816f0_20260526151312.jpg;Toolhead Prata de Alumínio Diamond Reloading - Compatível com Prensas de Recarga Dillon RL 750/650 Toolhead é uma ferramenta feita para agil
Toolhead Azul de Alumínio Diamond Reloading - Compatível com Prensas Dillon RL 450/550;393.33;Acessório;PH-6613;2;https://images.tcdn.com.br/img/img_prod/620600/toolhead_azul_de_aluminio_diamond_reloading_compativel_com_prensas_dillon_rl_450_550_6613_1_04aff247f4ee346d80063ecfd11c0bfe_20260526151312.jpg;Toolhead Azul de Alumínio Diamond Reloading - Para Prensas de Recarga Dillon RL 450/550 Toolhead é uma ferramenta feita para agilizar o proc
Toolhead Preto de Alumínio Diamond Reloading - Compatível com Prensas Dillon RL 450/550;393.33;Acessório;PH-6615;2;https://images.tcdn.com.br/img/img_prod/620600/toolhead_preto_de_aluminio_diamond_reloading_compativel_com_prensas_dillon_rl_450_550_6615_1_b075929016af605205a1db25fca8fe34_20260526151313.jpg;Toolhead Preto de Alumínio Diamond Reloading - Compatível com Prensas de Recarga Dillon RL 450/550 Toolhead é uma ferramenta feita para agil
Projétil Hornady 30 Cal .308 178 GR BTHP Match;1222.00;Acessório;PH-6645;1;https://images.tcdn.com.br/img/img_prod/620600/projetil_30_cal_308_178_gr_bthp_match_hornady_6645_1_8e07dd0c205dedbb366d42acb3da959e_20260526151315.jpg;Projétil Hornady 30 Cal. .308 178 GR BTHP Match - Caixa com 100 unidades Concentricidade Absoluta e Balística Superior para Competições de L
Projétil Hornady 270 Cal .277 145 GR ELD-X;1333.00;Acessório;PH-6647;1;https://images.tcdn.com.br/img/img_prod/620600/projetil_270_cal_277_145_gr_eld_x_hornady_6647_1_c23b04104d883be3b746492ac2297b08_20260526151315.jpg;Projétil Hornady 270 Cal. .277 145 GR ELD-X® - Caixa com 100 unidades Precisão de Competição e Performance Terminal Letal em Todas as Distân
Projétil Hornady 338 Cal .338 300 GR A-Tip Match Cx 100 unidades;3333.00;Acessório;PH-6649;10;https://images.tcdn.com.br/img/img_prod/620600/projetil_338_cal_338_300_gr_a_tip_match_1_10_hornady_6649_1_785fa48aa6d92a91aceec1498f52cd84_20260526151315.jpg;Projétil Hornady 338 Cal .338 300 GR A-Tip Match - Caixa com 100 unidades O Ápice da Precisão para Competições de Ultra Longo Alcance (ELR) 
Projétil Hornady 22 Cal .224 75 GR ELD Match;889.00;Acessório;PH-6651;1;https://images.tcdn.com.br/img/img_prod/620600/projetil_22_cal_224_75_gr_eld_match_1_8_hornady_6651_1_5d28e73593b14eee87d9d7e7d914d51f_20260526151315.jpg;Projétil Hornady 22 Cal. .224 75 GR ELD® Match - Caixa com 100 unidades Precisão de Competição, Ponta Heat Shield® e os Melhores Coeficiente
Removedor universal de projéteis Cam Lock Hornady;888.89;Acessório;PH-6653;12;https://images.tcdn.com.br/img/img_prod/620600/removedor_de_projeteis_cam_lock_hornady_6653_1_9fdffbc31fb39655d2496a754ae938b7_20260526151313.jpg;Removedor de projéteis Cam Lock Hornady A maneira mais rápida e fácil de puxar munição com sua prensa. Basta apertar o projétil, puxar para 
Projétil Hornady 7.62x39mm .310 123 GR SP Interlock c/ Cannelure Cx 100 unidades;1111.00;Acessório;PH-6655;50;https://images.tcdn.com.br/img/img_prod/620600/projetil_hornady_7_62x39mm_310_123_gr_sp_interlock_6655_1_e5c583a8387126cc713ae9b39e1fed67_20260526151316.jpg;Projétil Hornady 7.62mm .310 123 GR SP InterLock - Caixa com 100 unidades Expansão Controlada e Excelente Retenção de Energia para Médias Di
Projétil Hornady 338 Cal .338 250 GR SP-RP Interlock;0.00;Acessório;PH-6659;0;https://images.tcdn.com.br/img/img_prod/620600/projetil_hornady_338_cal_338_250_gr_sp_rp_interlock_6659_1_e5c583a8387126cc713ae9b39e1fed67_20260526151316.jpg;Projétil Hornady 338 Cal. .338 250 GR SP-RP InterLock - Caixa com 100 unidades Poder de Parada Devastador e Penetração Profunda para Caça de
Projétil Hornady 30 Cal .308 190 GR Sub-X;0.00;Acessório;PH-6661;0;https://images.tcdn.com.br/img/img_prod/620600/projetil_hornady_30_cal_308_190_gr_sub_x_6661_1_087ba0f94b90d8cecfdc24f76a3d3468_20260526151316.jpg;Projétil Hornady 30 Cal. .308 190 GR Sub-X® - Caixa com 100 unidades Expansão Balística Inigualável e Desempenho Terminal em Velocidades Sub
Projétil Hornady 338 Cal .338 230 GR ELD-X  Cx 100 unidades;1778.00;Acessório;PH-6665;1;https://images.tcdn.com.br/img/img_prod/620600/projetil_hornady_338_cal_338_230_gr_eld_x_6665_1_7fa1e432b3f303043cd40784a44572b4_20260526151316.jpg;Projétil Hornady 338 Cal. .338 230 GR ELD-X® - Caixa com 100 unidades Precisão de Competição e Performance Terminal Letal em Todas as Distân
Projétil Hornady 30 Cal .308 178 GR ELD-X;0.00;Acessório;PH-6667;0;https://images.tcdn.com.br/img/img_prod/620600/projetil_hornady_30_cal_308_178_gr_eld_x_6667_1_ac5c30a02eb7df8760d44125d3857481_20260526151316.jpg;Projétil Hornady 30 Cal. .308 178 GR ELD-X® - Caixa com 100 unidades Precisão de Competição e Performance Terminal Letal em Todas as Distânc
"Projétil Hornady 6.5mm .264 143 GR ELD-X (1-8"")";0.00;Acessório;PH-6669;0;https://images.tcdn.com.br/img/img_prod/620600/projetil_6_5mm_264_143_gr_eld_x_1_8_6669_1_f32e44d0abd1f5dc55dd29d8f59a5eb2_20260526151316.jpg;Projétil Hornady 6.5mm .264 143 GR ELD-X® - Caixa com 100 unidades Precisão Absoluta de Competição e Letalidade Terminal em Qualquer Distânc
Jogo de 2 Matrizes (Die) Redding Cal 22 Hornet;1800.00;Acessório;PH-6687;7;https://images.tcdn.com.br/img/img_prod/620600/jogo_de_2_matrizes_die_redding_cal_22_hornet_6687_1_a115a349e9593e261dacdf74cd4fea30_20260526151258.jpg;PRODUTO CONTROLADO PELO EXÉRCITO Este item requer autorização prévia para a realização da compra. Caso não possua a autorização, a compra se
Jogo de 2 Matrizes (Die) Redding Cal .22-250 Rem;1800.00;Acessório;PH-6689;6;https://images.tcdn.com.br/img/img_prod/620600/jogo_de_2_matrizes_die_redding_cal_22_250_rem_6689_1_a115a349e9593e261dacdf74cd4fea30_20260526151258.jpg;PRODUTO CONTROLADO PELO EXÉRCITO Este item requer autorização prévia para a realização da compra. Caso não possua a autorização, a compra se
Jogo de 2 Matrizes (Die) Redding Cal .222 Rem;1800.00;Acessório;PH-6691;4;https://images.tcdn.com.br/img/img_prod/620600/jogo_de_2_matrizes_die_redding_cal_222_rem_6691_1_a115a349e9593e261dacdf74cd4fea30_20260526151258.jpg;PRODUTO CONTROLADO PELO EXÉRCITO Este item requer autorização prévia para a realização da compra. Caso não possua a autorização, a compra se
Jogo de 2 Matrizes (Die) Redding Cal .30-30 Win;1800.00;Acessório;PH-6693;19;https://images.tcdn.com.br/img/img_prod/620600/jogo_de_2_matrizes_die_redding_cal_30_30_win_6693_1_a115a349e9593e261dacdf74cd4fea30_20260526151258.jpg;PRODUTO CONTROLADO PELO EXÉRCITO Este item requer autorização prévia para a realização da compra. Caso não possua a autorização, a compra se
Jogo de 2 Matrizes (Die) Redding Cal 7x57mm Mauser;1800.00;Acessório;PH-6695;15;https://images.tcdn.com.br/img/img_prod/620600/jogo_de_2_matrizes_die_redding_cal_7x57_mauser_6695_1_a115a349e9593e261dacdf74cd4fea30_20260526151258.jpg;PRODUTO CONTROLADO PELO EXÉRCITO Este item requer autorização prévia para a realização da compra. Caso não possua a autorização, a compra se
Jogo de 2 Matrizes (Die) Redding Cal .270 Win;1800.00;Acessório;PH-6697;12;https://images.tcdn.com.br/img/img_prod/620600/jogo_de_2_matrizes_die_redding_cal_270_win_6697_1_a115a349e9593e261dacdf74cd4fea30_20260526151259.jpg;PRODUTO CONTROLADO PELO EXÉRCITO Este item requer autorização prévia para a realização da compra. Caso não possua a autorização, a compra se
Jogo de 2 Matrizes (Die) Redding Cal 7.62x39mm;2000.00;Acessório;PH-6699;6;https://images.tcdn.com.br/img/img_prod/620600/jogo_de_2_matrizes_die_redding_cal_7_62x39_6699_1_a115a349e9593e261dacdf74cd4fea30_20260526151258.jpg;PRODUTO CONTROLADO PELO EXÉRCITO Este item requer autorização prévia para a realização da compra. Caso não possua a autorização, a compra se
Jogo de 2 Matrizes (Die) Redding Cal .243 Win;1800.00;Acessório;PH-6701;9;https://images.tcdn.com.br/img/img_prod/620600/jogo_de_2_matrizes_die_redding_cal_243_win_6701_1_a115a349e9593e261dacdf74cd4fea30_20260526151259.jpg;PRODUTO CONTROLADO PELO EXÉRCITO Este item requer autorização prévia para a realização da compra. Caso não possua a autorização, a compra se
Jogo de 2 Matrizes (Die) Redding Cal .223 Rem;1800.00;Acessório;PH-6703;48;https://images.tcdn.com.br/img/img_prod/620600/jogo_de_2_matrizes_die_redding_cal_223_rem_6703_1_a115a349e9593e261dacdf74cd4fea30_20260526151259.jpg;PRODUTO CONTROLADO PELO EXÉRCITO Este item requer autorização prévia para a realização da compra. Caso não possua a autorização, a compra se
Jogo de 2 Matrizes (Die) Redding Cal .30-06 Sprg;1800.00;Acessório;PH-6705;26;https://images.tcdn.com.br/img/img_prod/620600/jogo_de_2_matrizes_die_redding_cal_30_06_springfield_6705_1_a115a349e9593e261dacdf74cd4fea30_20260526151259.jpg;PRODUTO CONTROLADO PELO EXÉRCITO Este item requer autorização prévia para a realização da compra. Caso não possua a autorização, a compra se
Jogo de 2 Matrizes (Die) Redding Cal .300 Win Mag;1800.00;Acessório;PH-6707;26;https://images.tcdn.com.br/img/img_prod/620600/jogo_de_2_matrizes_die_redding_cal_300_win_mag_6707_1_a115a349e9593e261dacdf74cd4fea30_20260526151259.jpg;PRODUTO CONTROLADO PELO EXÉRCITO Este item requer autorização prévia para a realização da compra. Caso não possua a autorização, a compra se
Jogo de 2 Matrizes (Die) Redding Cal .308/.307 Win;1800.00;Acessório;PH-6709;37;https://images.tcdn.com.br/img/img_prod/620600/jogo_de_2_matrizes_die_redding_cal_308_307_win_6709_1_a115a349e9593e261dacdf74cd4fea30_20260526151259.jpg;PRODUTO CONTROLADO PELO EXÉRCITO Este item requer autorização prévia para a realização da compra. Caso não possua a autorização, a compra se
Jogo de 3 Matrizes (Die) Redding Cal 32 S&W/32 H&R Mag;1800.00;Acessório;PH-6711;11;https://images.tcdn.com.br/img/img_prod/620600/jogo_de_3_matrizes_die_redding_cal_32_s_amp_w_32_h_amp_r_mag_6711_1_956426fb3dcaad14923bc0966b56f65d_20260526151259.jpg;PRODUTO CONTROLADO PELO EXÉRCITO Este item requer autorização prévia para a realização da compra. Caso não possua a autorização, a compra se
Jogo de 3 Matrizes (Die) Redding Cal 380 Auto;2000.00;Acessório;PH-6713;21;https://images.tcdn.com.br/img/img_prod/620600/jogo_de_3_matrizes_die_redding_cal_380_auto_6713_1_956426fb3dcaad14923bc0966b56f65d_20260526151259.jpg;PRODUTO CONTROLADO PELO EXÉRCITO Este item requer autorização prévia para a realização da compra. Caso não possua a autorização, a compra se
Jogo de 3 Matrizes (Die) Redding Cal 9mm Luger;1800.00;Acessório;PH-6715;73;https://images.tcdn.com.br/img/img_prod/620600/jogo_de_3_matrizes_die_redding_cal_9mm_luger_6715_1_956426fb3dcaad14923bc0966b56f65d_20260526151259.jpg;PRODUTO CONTROLADO PELO EXÉRCITO Este item requer autorização prévia para a realização da compra. Caso não possua a autorização, a compra se
Jogo de 3 Matrizes (Die) Redding Cal 30 M1 Carbine;1800.00;Acessório;PH-6717;12;https://images.tcdn.com.br/img/img_prod/620600/jogo_de_3_matrizes_die_redding_cal_30_m1_carbine_6717_1_956426fb3dcaad14923bc0966b56f65d_20260526151259.jpg;PRODUTO CONTROLADO PELO EXÉRCITO Este item requer autorização prévia para a realização da compra. Caso não possua a autorização, a compra se
Jogo de 3 Matrizes (Die) Redding Cal 44 Mag;1800.00;Acessório;PH-6719;18;https://images.tcdn.com.br/img/img_prod/620600/jogo_de_3_matrizes_die_redding_cal_44_mag_6719_1_956426fb3dcaad14923bc0966b56f65d_20260526151259.jpg;PRODUTO CONTROLADO PELO EXÉRCITO Este item requer autorização prévia para a realização da compra. Caso não possua a autorização, a compra se
Jogo de 3 Matrizes (Die) Redding Cal 45 ACP & AR;1800.00;Acessório;PH-6721;45;https://images.tcdn.com.br/img/img_prod/620600/jogo_de_3_matrizes_die_redding_cal_45_acp_amp_ar_6721_1_956426fb3dcaad14923bc0966b56f65d_20260526151259.jpg;PRODUTO CONTROLADO PELO EXÉRCITO Este item requer autorização prévia para a realização da compra. Caso não possua a autorização, a compra se
Jogo de 3 Matrizes (Die) Redding Cal 45 Colt/454 Casull;1800.00;Acessório;PH-6723;16;https://images.tcdn.com.br/img/img_prod/620600/jogo_de_3_matrizes_die_redding_cal_45_colt_454_casull_6723_1_956426fb3dcaad14923bc0966b56f65d_20260526151259.jpg;PRODUTO CONTROLADO PELO EXÉRCITO Este item requer autorização prévia para a realização da compra. Caso não possua a autorização, a compra se
Jogo de 3 Matrizes (Die) Redding Cal 45-70 U.S. Govt;2000.00;Acessório;PH-6725;12;https://images.tcdn.com.br/img/img_prod/620600/jogo_de_3_matrizes_die_redding_cal_45_70_u_s_govt_6725_1_956426fb3dcaad14923bc0966b56f65d_20260526151259.jpg;PRODUTO CONTROLADO PELO EXÉRCITO Este item requer autorização prévia para a realização da compra. Caso não possua a autorização, a compra se
Jogo de 3 Matrizes (Die) Redding Cal 32 ACP;2000.00;Acessório;PH-6727;11;https://images.tcdn.com.br/img/img_prod/620600/jogo_de_3_matrizes_die_redding_cal_32_acp_6727_1_956426fb3dcaad14923bc0966b56f65d_20260526151259.jpg;PRODUTO CONTROLADO PELO EXÉRCITO Este item requer autorização prévia para a realização da compra. Caso não possua a autorização, a compra se
Jogo de 3 Matrizes (Die) Redding Cal 40 S&W/10mm Auto;1800.00;Acessório;PH-6729;32;https://images.tcdn.com.br/img/img_prod/620600/jogo_de_3_matrizes_die_redding_cal_40_s_amp_w_10mm_auto_6729_1_956426fb3dcaad14923bc0966b56f65d_20260526151300.jpg;PRODUTO CONTROLADO PELO EXÉRCITO Este item requer autorização prévia para a realização da compra. Caso não possua a autorização, a compra se
Jogo de 3 Matrizes (Die) Redding Cal 38 Super Auto;2000.00;Acessório;PH-6731;12;https://images.tcdn.com.br/img/img_prod/620600/jogo_de_3_matrizes_die_redding_cal_38_super_auto_6731_1_956426fb3dcaad14923bc0966b56f65d_20260526151259.jpg;PRODUTO CONTROLADO PELO EXÉRCITO Este item requer autorização prévia para a realização da compra. Caso não possua a autorização, a compra se
Jogo de 3 Matrizes (Die) Redding Cal 460 S&W Mag;2000.00;Acessório;PH-6733;6;https://images.tcdn.com.br/img/img_prod/620600/jogo_de_3_matrizes_die_redding_cal_460_s_amp_w_mag_6733_1_956426fb3dcaad14923bc0966b56f65d_20260526151300.jpg;PRODUTO CONTROLADO PELO EXÉRCITO Este item requer autorização prévia para a realização da compra. Caso não possua a autorização, a compra se
Jogo de 3 Matrizes (Die) Redding Cal 500 S&W Mag;2000.00;Acessório;PH-6735;6;https://images.tcdn.com.br/img/img_prod/620600/jogo_de_3_matrizes_die_redding_cal_500_s_amp_w_mag_6735_1_956426fb3dcaad14923bc0966b56f65d_20260526151300.jpg;PRODUTO CONTROLADO PELO EXÉRCITO Este item requer autorização prévia para a realização da compra. Caso não possua a autorização, a compra se
Jogo de 3 Matrizes (Die) Redding Cal 38 SPL/357 Mag;1800.00;Acessório;PH-6737;37;https://images.tcdn.com.br/img/img_prod/620600/jogo_de_3_matrizes_die_redding_cal_38_spl_357_mag_6737_1_956426fb3dcaad14923bc0966b56f65d_20260526151300.jpg;PRODUTO CONTROLADO PELO EXÉRCITO Este item requer autorização prévia para a realização da compra. Caso não possua a autorização, a compra se
Jogo de 2 Matrizes (Die) Redding Cal .300 Blackout;2000.00;Acessório;PH-6739;4;https://images.tcdn.com.br/img/img_prod/620600/jogo_de_2_matrizes_die_cal_300_blackout_6739_1_b62b438dec294677e3c9ffc108404233_20260526151300.jpg;PRODUTO CONTROLADO PELO EXÉRCITO Este item requer autorização prévia para a realização da compra. Caso não possua a autorização, a compra se
Jogo de 2 Matrizes (Die) Redding Cal 6.5 Creedmoor;1800.00;Acessório;PH-6741;9;https://images.tcdn.com.br/img/img_prod/620600/jogo_de_2_matrizes_die_redding_cal_6_5_creedmoor_6741_1_b62b438dec294677e3c9ffc108404233_20260526151300.jpg;PRODUTO CONTROLADO PELO EXÉRCITO Este item requer autorização prévia para a realização da compra. Caso não possua a autorização, a compra se
Jogo de 3 Matrizes (Die) Redding Cal 458 Lott;2800.00;Acessório;PH-6743;7;https://images.tcdn.com.br/img/img_prod/620600/jogo_de_3_matrizes_die_redding_cal_458_lott_6743_1_956426fb3dcaad14923bc0966b56f65d_20260526151300.jpg;PRODUTO CONTROLADO PELO EXÉRCITO Este item requer autorização prévia para a realização da compra. Caso não possua a autorização, a compra se
Jogo de 2 Matrizes (Die) Redding Cal .460 Weatherby Mag;2800.00;Acessório;PH-6745;3;https://images.tcdn.com.br/img/img_prod/620600/jogo_de_2_matrizes_die_redding_cal_460_weatherby_mag_6745_1_b62b438dec294677e3c9ffc108404233_20260526151300.jpg;PRODUTO CONTROLADO PELO EXÉRCITO Este item requer autorização prévia para a realização da compra. Caso não possua a autorização, a compra se
Jogo de 2 Matrizes (Die) Redding Cal .338 Lapua Mag;3000.00;Acessório;PH-6747;12;https://images.tcdn.com.br/img/img_prod/620600/jogo_de_2_matrizes_die_redding_cal_338_lapua_mag_6747_1_b62b438dec294677e3c9ffc108404233_20260526151300.jpg;PRODUTO CONTROLADO PELO EXÉRCITO Este item requer autorização prévia para a realização da compra. Caso não possua a autorização, a compra se
Jogo de 3 Matrizes (Die) Redding Deluxe Cal 223 Rem;2222.22;Acessório;PH-6749;11;https://images.tcdn.com.br/img/img_prod/620600/jogo_de_3_matrizes_die_redding_deluxe_cal_223_rem_1_20260526151300_58bd85018eef.jpg;PRODUTO CONTROLADO PELO EXÉRCITO Este item requer autorização prévia para a realização da compra. Caso não possua a autorização, a compra se
Jogo de 3 Matrizes (Die) Redding Deluxe Cal .30-30 Winchester;2222.22;Acessório;PH-6751;12;https://images.tcdn.com.br/img/img_prod/620600/jogo_de_3_matrizes_die_redding_deluxe_cal_30_30_wi_1_20260526151300_4b4df5632b87.jpg;PRODUTO CONTROLADO PELO EXÉRCITO Este item requer autorização prévia para a realização da compra. Caso não possua a autorização, a compra se
Jogo de 3 Matrizes (Die) Redding Deluxe Cal .30-06 Springfield;2222.22;Acessório;PH-6753;7;https://images.tcdn.com.br/img/img_prod/620600/jogo_de_3_matrizes_die_redding_deluxe_cal_30_06_sp_1_20260526151300_5f1a9bca798f.jpg;PRODUTO CONTROLADO PELO EXÉRCITO Este item requer autorização prévia para a realização da compra. Caso não possua a autorização, a compra se
Jogo de 3 Matrizes (Die) Redding Deluxe Cal 300 Win Mag;2222.22;Acessório;PH-6755;15;https://images.tcdn.com.br/img/img_prod/620600/jogo_de_3_matrizes_die_redding_deluxe_cal_300_win_1_20260526151300_2bbf4fbe5422.jpg;PRODUTO CONTROLADO PELO EXÉRCITO Este item requer autorização prévia para a realização da compra. Caso não possua a autorização, a compra se
Jogo de 3 Matrizes (Die) Redding Deluxe Cal 308/307 Win;2222.22;Acessório;PH-6757;18;https://images.tcdn.com.br/img/img_prod/620600/jogo_de_3_matrizes_die_redding_deluxe_cal_308307_w_1_20260526151300_8a5b02f61712.jpg;PRODUTO CONTROLADO PELO EXÉRCITO Este item requer autorização prévia para a realização da compra. Caso não possua a autorização, a compra se
Jogo de 3 Matrizes (Die) Redding Deluxe Cal 243 Win;2222.22;Acessório;PH-6759;11;https://images.tcdn.com.br/img/img_prod/620600/jogo_de_3_matrizes_die_redding_deluxe_cal_243_win_1_20260526151300_7993d99d6622.jpg;PRODUTO CONTROLADO PELO EXÉRCITO Este item requer autorização prévia para a realização da compra. Caso não possua a autorização, a compra se
Jogo de 3 Matrizes (Die) Redding Deluxe Cal 270 Win;2222.22;Acessório;PH-6761;6;https://images.tcdn.com.br/img/img_prod/620600/jogo_de_3_matrizes_die_redding_deluxe_cal_270_win_1_20260526151300_78d77cc50105.jpg;PRODUTO CONTROLADO PELO EXÉRCITO Este item requer autorização prévia para a realização da compra. Caso não possua a autorização, a compra se
Jogo de 2 Matrizes (Die) Redding Cal .375 H&H Magnum;1800.00;Acessório;PH-6763;10;https://images.tcdn.com.br/img/img_prod/620600/jogo_de_2_matrizes_die_redding_cal_375_h_amp_h_magnum_6763_1_b62b438dec294677e3c9ffc108404233_20260526151300.jpg;PRODUTO CONTROLADO PELO EXÉRCITO Este item requer autorização prévia para a realização da compra. Caso não possua a autorização, a compra se
Matriz (Die) Redding Taper Crimp Cal 30-30 Win;750.00;Acessório;PH-6765;12;https://images.tcdn.com.br/img/img_prod/620600/matriz_die_redding_taper_crimp_cal_30_30_win_6765_1_91889af00880c587006f27a332ccedd1_20260526151301.jpg;PRODUTO CONTROLADO PELO EXÉRCITO Este item requer autorização prévia para a realização da compra. Caso não possua a autorização, a compra se
Matriz (Die) Redding Taper Crimp Cal 308 Win;750.00;Acessório;PH-6767;10;https://images.tcdn.com.br/img/img_prod/620600/matriz_die_redding_taper_crimp_cal_308_win_6767_1_91889af00880c587006f27a332ccedd1_20260526151301.jpg;PRODUTO CONTROLADO PELO EXÉRCITO Este item requer autorização prévia para a realização da compra. Caso não possua a autorização, a compra se
Matriz (Die) Redding Taper Crimp Cal 380 Auto;900.00;Acessório;PH-6769;17;https://images.tcdn.com.br/img/img_prod/620600/matriz_die_redding_taper_crimp_cal_380_auto_6769_1_91889af00880c587006f27a332ccedd1_20260526151301.jpg;PRODUTO CONTROLADO PELO EXÉRCITO Este item requer autorização prévia para a realização da compra. Caso não possua a autorização, a compra se
Matriz (Die) Redding Taper Crimp Cal 9mm;750.00;Acessório;PH-6771;7;https://images.tcdn.com.br/img/img_prod/620600/matriz_die_redding_taper_crimp_cal_9mm_luger_6771_1_91889af00880c587006f27a332ccedd1_20260526151301.jpg;PRODUTO CONTROLADO PELO EXÉRCITO Este item requer autorização prévia para a realização da compra. Caso não possua a autorização, a compra se
Matriz (Die) Redding Taper Crimp Cal 45 ACP & AR;750.00;Acessório;PH-6773;16;https://images.tcdn.com.br/img/img_prod/620600/matriz_die_redding_taper_crimp_cal_45_acp_amp_ar_6773_1_91889af00880c587006f27a332ccedd1_20260526151301.jpg;PRODUTO CONTROLADO PELO EXÉRCITO Este item requer autorização prévia para a realização da compra. Caso não possua a autorização, a compra se
Matriz (Die) Redding Taper Crimp Cal 40 S&W/10MM Auto;750.00;Acessório;PH-6775;16;https://images.tcdn.com.br/img/img_prod/620600/matriz_die_redding_taper_crimp_cal_40_s_amp_w_10mm_auto_6775_1_91889af00880c587006f27a332ccedd1_20260526151301.jpg;PRODUTO CONTROLADO PELO EXÉRCITO Este item requer autorização prévia para a realização da compra. Caso não possua a autorização, a compra se
Matriz (Die) Redding Taper Crimp Cal 38 Super Auto;900.00;Acessório;PH-6777;7;https://images.tcdn.com.br/img/img_prod/620600/matriz_die_redding_taper_crimp_cal_38_super_auto_6777_1_91889af00880c587006f27a332ccedd1_20260526151301.jpg;PRODUTO CONTROLADO PELO EXÉRCITO Este item requer autorização prévia para a realização da compra. Caso não possua a autorização, a compra se
Jogo de 3 Matrizes (Die) Redding Titanium Carbide Comp. Pro Series Cal 38 SPL/357 Mag;4000.00;Acessório;PH-6779;1;https://images.tcdn.com.br/img/img_prod/620600/jogo_de_3_matrizes_die_redding_titanium_carbide_comp_pro_series_cal_38_spl_357_mag_6779_1_8d8a8a66c896b1ac5ecbad27f5dc92f8_20260526151302.jpg;PRODUTO CONTROLADO PELO EXÉRCITO Este item requer autorização prévia para a realização da compra. Caso não possua a autorização, a compra se
Jogo de 3 Matrizes (Die) Redding Premium NXGEN Carbide Cal 38 SPL/357 Mag;3333.33;Acessório;PH-6781;5;https://images.tcdn.com.br/img/img_prod/620600/jogo_de_3_matrizes_die_redding_premium_nxgen_carbide_cal_38_spl_357_mag_6781_1_6738f37decef925fa960830d7d737ca7_20260526151302.jpg;PRODUTO CONTROLADO PELO EXÉRCITO Este item requer autorização prévia para a realização da compra. Caso não possua a autorização, a compra se
Jogo de 3 Matrizes (Die) Redding Titanium Carbide Cal 380 Auto;2500.00;Acessório;PH-6783;15;https://images.tcdn.com.br/img/img_prod/620600/jogo_de_3_matrizes_die_redding_titanium_carbide_cal_380_auto_6783_1_133f13be3c45d4717d85af4a63205168_20260526151302.jpg;PRODUTO CONTROLADO PELO EXÉRCITO Este item requer autorização prévia para a realização da compra. Caso não possua a autorização, a compra se
Jogo de 3 Matrizes (Die) Redding Competition (Bushing) .223 Remington;6000.00;Acessório;PH-6787;2;https://images.tcdn.com.br/img/img_prod/620600/jogo_de_3_matrizes_die_redding_competition_bushing_cal_223_rem_6787_1_856bb80127d4755a7a6453c9ca023058_20260526151302.jpg;PRODUTO CONTROLADO PELO EXÉRCITO Este item requer autorização prévia para a realização da compra. Caso não possua a autorização, a compra se
Lubrificante Redding Imperial para Recarga 2 oz;225.00;Acessório;PH-6791;1;https://images.tcdn.com.br/img/img_prod/620600/lubrificante_redding_imperial_para_recarga_2_oz_6791_1_abffe0329f1beae9ba9ae33d2f66d8cb_20260526151045.jpg;Lubrificante Redding Imperial para Recarga 2 oz A cera Imperial Sizing Die da Redding é o lubrificante não-líquido, extremamente versátil na
Kit Conversão de Calibre Dillon XL650/XL750 - Cal 223 / 222 Rem / 22 Nosler;1900.00;Acessório;PH-6793;19;https://images.tcdn.com.br/img/img_prod/620600/kit_conversor_de_calibre_dillon_xl650_xl750_cal_223_222_rem_22_nosler_6793_1_3638e1054e19b78486091f0bd1664725_20260526151313.jpeg;Kit Conversor de Calibre Dillon XL650/XL750 - Calibre 223 / 222 Rem / 22 Nosler Conversões de calibres Dillon XL750 e XL650 estão disponívei
Kit Conversão de Calibre Dillon XL650/XL750 - Cal 10mm / 40 S&W;1900.00;Acessório;PH-6795;4;https://images.tcdn.com.br/img/img_prod/620600/kit_conversor_de_calibre_dillon_xl650_xl750_cal_10mm_40_seamp_w_6795_1_3638e1054e19b78486091f0bd1664725_20260526151313.jpeg;Kit Conversor de Calibre Dillon XL650/XL750 - Calibre 10mm / 40 S&W Os kits de conversão de calibre Dillon Precision permitem-lhe adaptar a 
Kit Conversão de Calibre Dillon XL650/XL750 - Cal 38 / 357 Mag;1900.00;Acessório;PH-6797;4;https://images.tcdn.com.br/img/img_prod/620600/kit_conversor_de_calibre_dillon_xl650_xl750_cal_38_357_mag_6797_1_3638e1054e19b78486091f0bd1664725_20260526151313.jpeg;Kit Conversor de Calibre Dillon XL650/XL750 - Calibre 38 / 357 Magnum Conversões de calibres Dillon XL750 e XL650 estão disponíveis para rif
Kit Conversão de Calibre Dillon XL650/XL750 - Calibre 9mm / 38Supr / 9x21;1900.00;Acessório;PH-6799;5;https://images.tcdn.com.br/img/img_prod/620600/kit_conversor_de_calibre_dillon_xl650_xl750_calibre_9mm_38supr_9x21_6799_1_3638e1054e19b78486091f0bd1664725_20260526151313.jpeg;Kit Conversor de Calibre Dillon XL650/XL750 - Calibre 9mm / 38Supr / 9x21 Conversões de calibres Dillon XL750 e XL650 estão disponíveis para
Kit Conversor de Calibre Dillon XL650/XL750 - Calibre 45 Colt / .454 Casull;1900.00;Acessório;PH-6801;3;https://images.tcdn.com.br/img/img_prod/620600/kit_conversor_de_calibre_dillon_xl650_xl750_calibre_45_colt_454_casull_6801_1_3638e1054e19b78486091f0bd1664725_20260526151313.jpeg;Kit Conversor de Calibre Dillon XL650/XL750 - Calibre 45 Colt / .454 Casull Conversões de calibres Dillon XL750 e XL650 estão disponíveis pa
Kit Conversor de Calibre Dillon XL650/XL750 - Calibre 45 ACP;1900.00;Acessório;PH-6803;3;https://images.tcdn.com.br/img/img_prod/620600/kit_conversor_de_calibre_dillon_xl650_xl750_calibre_45_acp_6803_1_3638e1054e19b78486091f0bd1664725_20260526151313.jpeg;Kit Conversor de Calibre Dillon XL650/XL750 - Calibre 45 ACP Conversões de calibres Dillon XL750 e XL650 estão disponíveis para rifles comun
Kit Conversor de Calibre Dillon XL650/XL750 - Calibre 44 Special / 44 Magnum;1900.00;Acessório;PH-6805;3;https://images.tcdn.com.br/img/img_prod/620600/kit_conversor_de_calibre_dillon_xl650_xl750_calibre_44_special_44_magnum_6805_1_3638e1054e19b78486091f0bd1664725_20260526151313.jpeg;Kit Conversor de Calibre Dillon XL650/XL750 - Calibre 44 Special / 44 Magnum Conversões de calibres Dillon XL750 e XL650 estão disponíveis p
Kit Conversor de Calibre Dillon XL650/XL750 - Calibre 380 ACP;1900.00;Acessório;PH-6807;4;https://images.tcdn.com.br/img/img_prod/620600/kit_conversor_de_calibre_dillon_xl650_xl750_calibre_380_acp_6807_1_3638e1054e19b78486091f0bd1664725_20260526151313.jpeg;PRODUTO CONTROLADO PELO EXÉRCITO Este item requer autorização prévia para a realização da compra. Caso não possua a autorização, a compra se
Caixa para Munição Dillon Cal 12 GA - 25 Round;66.00;Acessório;PH-6809;31;https://images.tcdn.com.br/img/img_prod/620600/caixa_para_municao_dillon_cal_12_ga_25_round_6809_1_007965fdf8096a7829179bf0c2a8e594_20260526150858.jpg;Caixa para Munição Dillon Calibre 12 GA - 25 Round *Possui capacidade para 25 Munições Calibre 12* As caixas de munições Dillon vêm em muito
Caixa para Munição Dillon Cal 20 GA - 25 Rounds;66.00;Acessório;PH-6811;30;https://images.tcdn.com.br/img/img_prod/620600/caixa_para_municao_dillon_cal_20_ga_25_rounds_6811_1_146a8dcf36196853bbec0355e4f45900_20260526150858.jpg;Caixa para Munição Dillon Calibre 20 GA - 25 Rounds *Possui capacidade para 25 Munições* As caixas de munições Dillon vêm em muitos tamanhos
Caixa para Munição Dillon Cal .223 Rem - 100 Round;77.00;Acessório;PH-6813;6;https://images.tcdn.com.br/img/img_prod/620600/caixa_para_municao_dillon_cal_223_100_round_6813_1_7165496fc9827975fb7e9acd7853c15b_20260526150858.jpg;Caixa para Munição Dillon Calibre .223 Rem - 100 Round *Possui capacidade para 100 Munições* As caixas de munições Dillon vêm em muitos tama
Caixa para Munição Dillon Cal .223 Rem - 50 Round;46.00;Acessório;PH-6815;45;https://images.tcdn.com.br/img/img_prod/620600/caixa_para_municao_dillon_cal_223_50_round_6815_1_b69afd6fb7ae36e0459abafdcb7eadb0_20260526150858.jpg;Caixa para Munição Dillon Calibre .223 Rem - 50 Round *Possui capacidade para 50 Munições* As caixas de munições Dillon vêm em muitos tamanh
Caixa para Munição Dillon Cal 30-06 - 50 Round;63.00;Acessório;PH-6819;38;https://images.tcdn.com.br/img/img_prod/620600/caixa_para_municao_dillon_cal_30_06_50_round_6819_1_29b07fc8ea1a686d2750142268ffd172_20260526150858.jpg;Caixa para Munição Dillon Calibre 30-06 - 50 Round *Possui capacidade para 50 Munições* As caixas de munições Dillon vêm em muitos tamanhos 
Caixa para Munição Dillon Cal 38/357 Mag - 100 Round;63.00;Acessório;PH-6827;1;https://images.tcdn.com.br/img/img_prod/620600/caixa_para_municao_dillon_cal_38_357_mag_100_round_6827_1_7e703c9b7c13dd04ea68514ac523d0be_20260526150858.jpg;Caixa para Munição Dillon Calibre 38/357 Mag - 100 Round *Possui capacidade para 100 Munições* As caixas de munições Dillon vêm em muitos ta
Caixa para Munição Dillon Cal 44 Mag - 50 Round;46.00;Acessório;PH-6831;18;https://images.tcdn.com.br/img/img_prod/620600/caixa_para_municao_dillon_cal_44_mag_50_round_6831_1_48122768dcd2633af09fa49ee42cbc22_20260526150859.jpg;Caixa para Munição Dillon Calibre 44 Mag - 50 Round *Possui capacidade para 50 Munições* As caixas de munições Dillon vêm em muitos tamanhos
Caixa para Munição Dillon Cal 45 ACP - 50 Round;46.00;Acessório;PH-6835;4;https://images.tcdn.com.br/img/img_prod/620600/caixa_para_municao_dillon_cal_45_acp_50_round_6835_1_bbe61a81eca24e25eac7123779f9258a_20260526150901.jpg;Caixa para Munição Dillon Calibre 45 ACP - 50 Round *Possui capacidade para 50 Munições* As caixas de munições Dillon vêm em muitos tamanhos
Caixa para Munição Dillon Cal 9mm - 100 Round;63.00;Acessório;PH-6837;2;https://images.tcdn.com.br/img/img_prod/620600/caixa_para_municao_dillon_cal_9mm_100_round_6837_1_9a3429a4231c618e426d01181750ab5a_20260526150902.jpg;Caixa para Munição Dillon Calibre 9mm - 100 Round *Possui capacidade para 100 Munições* As caixas de munições Dillon vêm em muitos tamanhos 
Prensa de Recarga RL550-C - Dillon;10775.00;Acessório;PH-6841;4;https://images.tcdn.com.br/img/img_prod/620600/prensa_dillon_de_recarga_rl550_c_6841_1_8af4eae3040a47083893105eb6a65422_20260526151255.jpg;Prensa de Recarga Dillon RL 550-C A Prensa de Recarga Dillon RL 550-C é uma máquina progressiva de 4 estações, eficiente e econômica, ideal 
Caixa para Munição Dillon Cal 44 Mag - 100 Round;77.00;Acessório;PH-6843;14;https://images.tcdn.com.br/img/img_prod/620600/caixa_para_municao_dillon_cal_44_mag_100_round_6843_1_17caa45e7a3eef588e8af8e928ddc66f_20260526150904.jpg;Caixa para Munição Dillon Calibre 44 Mag - 100 Round *Possui capacidade para 25 Munições* As caixas de munições Dillon vêm em muitos tamanho
Kit Peças de Reparo para Dillon XL750 (Spare Parts Kit);884.00;Acessório;PH-6845;10;https://images.tcdn.com.br/img/img_prod/620600/kit_de_pecas_para_dillon_xl750_6845_1_6a23f37e7f71169bb42b9df4c85e382a_20260526151313.jpg;Kit Peças de Reparo para Dillon XL750 (Spare Parts Kit) Não arrisque ficar parado perdendo tempo esperando por uma peça de reposição! Adquir
Indicador Redding para Altura do Projetil Cal .308 Win;2090.00;Acessório;PH-6847;1;https://images.tcdn.com.br/img/img_prod/620600/indicador_redding_para_altura_do_projetil_cal_308_win_6847_1_cd9110f5ee81ed3fc839eb2ab266beb3_20260526151313.png;Indicador Redding para Altura do Projetil Cal .308 Win O Comparador de Indicador Instantâneo é útil para comparar rapidamente as profundidad
Indicador Redding para Altura do Projetil Cal 6mm B. R. Remington;2090.00;Acessório;PH-6849;1;https://images.tcdn.com.br/img/img_prod/620600/indicador_redding_para_altura_do_projetil_cal_6mm_b_r_remington_6849_1_cd9110f5ee81ed3fc839eb2ab266beb3_20260526151313.png;Indicador Redding para Altura do Projetil Cal 6mm B. R. Remington O Comparador de Indicador Instantâneo é útil para comparar rapidamente as 
Espoleta Fiocchi 2 1/2 LARGE PISTOL - Cx 150;197.25;Acessório;PH-6853;1;https://images.tcdn.com.br/img/img_prod/620600/espoleta_fiocchi_large_rifle_1_20260526151317_dee56987a374.jpg;PRODUTO CONTROLADO PELO EXÉRCITO Este item requer autorização prévia para a realização da compra. Caso não possua a autorização, a compra se
Munição Remington Cal. 22LR Thunderbolt HV 40gr Cx 50 Unidades;102.50;Munição;PH-6861;2000;https://images.tcdn.com.br/img/img_prod/620600/munio_remington_calibre_22lr_high_velocity_thunder_3_20260526151338_2711f9f67fb3.jpg;Munição Remington Calibre .22LR High Velocity Thunderbolt 40gr A Munição Calibre 22 Thunderbolt 22 LR 40 Grain é reconhecida pela sua perfor
"Espingarda Semiautomática Aselkon X3 Bottomland Cal. 12 GA 28""";14625.00;Arma;PH-6863;7;https://images.tcdn.com.br/img/img_prod/620600/espingarda_semiautomtica_aselkon_x3_bottomland_cal_1_20260526150731_243f0a50a9ba.jpg;"Calibre / 12GA Coronha / Bottomland Comprimento do Cano / 28"" Ação / Sistema de Inercia Espingarda Aselkon Inter Bottomland Calibre 12 GA 28"
"Espingarda Semiautomática Aselkon Inter X3 Camo Max5 Cal 12GA 28""";14625.00;Arma;PH-6865;7;https://images.tcdn.com.br/img/img_prod/620600/espingarda_semiautomtica_aselkon_inter_x3_camo_max_1_20260526150733_a8e99669b59c.jpg;"Calibre / 12GA Coronha / Camo Max5 Comprimento do Cano / 28"" Ação / Sistema de Inércia Espingarda Aselkon Inter X3 Camo Max5 Calibre 12 GA 2"
"Espingarda Semiautomática Aselkon Inter Elegant Sea Green Cal 12GA 28""";13456.00;Arma;PH-6867;7;https://images.tcdn.com.br/img/img_prod/620600/espingarda_semiautomtica_aselkon_inter_elegant_sea_1_20260526150732_241e3115d94d.jpg;"Calibre / 12GA Coronha / Turkish Walnut Comprimento do Cano / 28"" Ação / Sistema de Inércia Espingarda Aselkon Inter Elegant Sea Green Calib"
"Espingarda Semiautomática Aselkon Inter Elegant Bronze Cal 12GA 28""";13456.00;Arma;PH-6869;7;https://images.tcdn.com.br/img/img_prod/620600/espingarda_semiautomtica_aselkon_inter_elegant_bro_1_20260526150734_9287afbc03a2.jpg;"Calibre / 12GA Coronha / Turkish Walnut Comprimento do Cano / 28"" Ação / Sistema de Inércia Espingarda Aselkon Inter Bottontand Calibre 12 G"
"Espingarda Semiautomática Aselkon Inter Elegant Silver Black Cal 12GA 28""";13456.00;Arma;PH-6871;66;https://images.tcdn.com.br/img/img_prod/620600/espingarda_semiautomatica_aselkon_inter_elegant_silver_black_cal_12ga_28_6871_2_a476336bd39ca98c11ec330782b42bba_20260526150734.png;"Calibre / 12GA Coronha / Turkish Walnut Comprimento do Cano / 28"" Ação / Sistema de Inércia Espingarda Aselkon Inter Elegant Silver Black Ca"
"Espingarda Semiautomática Aselkon Inter Elegant Black Cal 12GA 28""";13456.00;Arma;PH-6873;56;https://images.tcdn.com.br/img/img_prod/620600/espingarda_semiautomatica_aselkon_inter_elegant_black_cal_12ga_28_6873_1_be7a5ad4589db3a036ea7c59b981b6e8_20260526150735.png;"​ ​ ​ ​ Calibre / 12GA Coronha / Turkish Walnut Comprimento do Cano / 28"" Ação / Sistema de Inércia Espingarda Aselkon Inter Elegant Black C"
"Espingarda Semiautomatica Aselkon Redstone Camo Max5 Cal 12GA 28""";11287.00;Arma;PH-6875;7;https://images.tcdn.com.br/img/img_prod/620600/espingarda_semiautomatica_aselkon_redstone_camo_max5_cal_12ga_28_6875_1_9391210461a17a29e133eb0e3e9f5817_20260526150736.jpg;"Calibre / 12GA Coronha / Camo Max5 Comprimento do Cano / 28"" Ação / Sistema de Inércia Espingarda Aselkon Redstone Camo Max5 Calibre 12 GA 2"
"Espingarda Semiautomática Aselkon Redstone Elegant Silver Black Cal 12GA 28""";10668.00;Arma;PH-6877;65;https://images.tcdn.com.br/img/img_prod/620600/espingarda_semiautomatica_aselkon_redstone_elegant_silver_black_cal_12ga_28_6877_1_19c176a12320e81a85fcb35ad83251de_20260526150736.jpg;"Calibre / 12GA Coronha / Turkish Walnut Comprimento do Cano / 28"" Ação / Sistema de Inércia Espingarda Aselkon Redstone Elegant Silver Black"
"Espingarda Semiautomatica Aselkon Redstone Elegant Black Cal 12GA 28""";10668.00;Arma;PH-6879;64;https://images.tcdn.com.br/img/img_prod/620600/espingarda_semiautomatica_aselkon_redstone_elegant_black_cal_12ga_28_6879_1_68b2bd3592e3e1d5c87ce7adcbc45164_20260526150737.jpg;"​ ​ ​ ​ Calibre / 12GA Coronha / Turkish Walnut Comprimento do Cano / 28"" Ação / Sistema de Inércia Espingarda Aselkon Redstone Elegant Blac"
"Espingarda Semiautomática Aselkon S4-GT Extra Black Cal 12GA 18,5""";14179.00;Arma;PH-6881;41;https://images.tcdn.com.br/img/img_prod/620600/espingarda_semiautomtica_aselkon_s4_gt_extra_black_1_20260526150737_0a82786a9abf.jpg;"Espingarda Semiautomatica Aselkon S4-GT Extra Black Cal 12GA 18,5"" Pistão Duplo de Autolimpeza Os pistões se movem para uma ciclagem complet"
"Espingarda Semiautomática Aselkon S4-GT Sandstorm Cal 12GA 18,5""";15221.00;Arma;PH-6883;21;https://images.tcdn.com.br/img/img_prod/620600/espingarda_semiautomtica_aselkon_s4_gt_sandstorm_c_1_20260526150738_ca5ae6485375.jpg;"Espingarda Semiautomática Aselkon S4-GT Sandstorm Cal 12GA 18"" Pistão Duplo de Autolimpeza Os pistões se movem para uma ciclagem completa, o"
"Espingarda Semiautomática Aselkon S4-GT Nato Green Cal 12GA 18,5""";15221.00;Arma;PH-6885;21;https://images.tcdn.com.br/img/img_prod/620600/espingarda_semiautomtica_aselkon_s4_gt_nato_green_1_20260526150739_ea002d0230e2.jpg;"Espingarda Semiautomática Aselkon S4-GT Nato Green Cal 12GA 18"" Pistão Duplo de Autolimpeza Os pistões se movem para uma ciclagem completa, "
"Espingarda Semiautomática Aselkon X5 Slug Dark Black Cal 12GA 26""";11701.00;Arma;PH-6887;8;https://images.tcdn.com.br/img/img_prod/620600/espingarda_semiautomtica_aselkon_x5_slug_dark_blac_1_20260526150741_8969f7f54427.jpg;"Espingarda Semiautomática Aselkon X5 Slug Dark Black Cal 12GA 26"" Tecnologia de Inércia O refinado e ultra confiável ferrolho flutuante ""flo"
"Espingarda Semiautomatica Aselkon X5 Elegant Silver Black Cal 12GA 28""";12251.00;Arma;PH-6889;12;https://images.tcdn.com.br/img/img_prod/620600/espingarda_semiautomatica_aselkon_x5_elegant_silve_1_20260526150740_5e4e89156cff.jpg;"Espingarda Semiautomatica Aselkon X5 Elegant Silver Black Cal 12GA 28"" Tecnologia de Inércia O refinado e ultra confiável ferrolho flutuante"
"Espingarda Semiautomatica Aselkon X5 Elegant Black Cal 12GA 28""";12251.00;Arma;PH-6891;12;https://images.tcdn.com.br/img/img_prod/620600/espingarda_semiautomatica_aselkon_x5_elegant_black_1_20260526150741_5f3db017348f.jpg;"Espingarda Semiautomatica Aselkon X5 Elegant Black Cal 12GA 28"" Tecnologia de Inércia O refinado e ultra confiável ferrolho flutuante ""float"
"Espingarda Semiautomatica Aselkon X4 Elegant Silver Black Cal 12GA 28""";13456.00;Arma;PH-6893;12;https://images.tcdn.com.br/img/img_prod/620600/espingarda_semiautomatica_aselkon_x4_elegant_silve_1_20260526150742_8fc2612c5ad9.jpg;"Calibre / 12GA Coronha / Turkish Walnut Comprimento do Cano / 28"" Ação / Sistema de Inércia Espingarda Aselkon X4 Elegant Silver Black Calib"
"Espingarda Semiautomatica Aselkon X4 Elegant Black Cal 12GA 28""";13456.00;Arma;PH-6895;11;https://images.tcdn.com.br/img/img_prod/620600/espingarda_semiautomatica_aselkon_x4_elegant_black_1_20260526150743_cf1b52abb0af.jpg;"Calibre / 12GA Coronha / Turkish Walnut Comprimento do Cano / 28"" Ação / Sistema de Inércia Espingarda Aselkon X4 Elegant Black Calibre 12 G"
"Espingarda Semiautomática Aselkon X4 Camo Max5 Cal 12GA 28""";14625.00;Arma;PH-6897;7;https://images.tcdn.com.br/img/img_prod/620600/espingarda_semiautomtica_aselkon_x4_camo_max5_cal_1_20260526150744_706047b3ad95.jpg;"Calibre / 12GA Coronha / Camo Max5 Comprimento do Cano / 28"" Ação / Sistema de Inércia Espingarda Aselkon X4 Camo Max5 Calibre 12 GA 28"" Tec"
"Carabina PCP Aselkon MX8 EVOC Camo Max5 Cal 5.5mm 22""";13834.00;Arma;PH-6901;1;https://images.tcdn.com.br/img/img_prod/620600/carabina_pcp_aselkon_mx8_evoc_camo_max5_cal_55mm_2_1_20260526150815_d67c99f5c38e.jpg;"Carabina PCP Aselkon MX8 EVOC CamoMax5 Cal 5.5mm 22"" A Carabina PCP Aselkon MX8 EVOC CamoMax5 foi desenvolvida para atiradores e caçadores q"
Carabina PCP Aselkon Emperador LS1 Cal 5.5mm;12044.00;Arma;PH-6903;4;https://images.tcdn.com.br/img/img_prod/620600/carabina_pcp_aselkon_emperador_ls1_cal_55mm_1_20260526150817_5036a60a66f3.jpg;"Carabina PCP Aselkon Emperador LS1 Calibre 5.5mm 23"" A Carabina PCP Aselkon LS1 Emperador combina portabilidade, precisão e um visual tático"
"Carabina PCP Aselkon Emperador LS2 Cal 5.5mm 23""";13870.00;Arma;PH-6905;14;https://images.tcdn.com.br/img/img_prod/620600/carabina_pcp_aselkon_emperador_ls2_cal_55mm_23_1_20260526150816_39d6cf757d63.jpg;"Carabina PCP Aselkon Emperador LS2 Calibre 5.5mm 23"" A Carabina PCP Aselkon Emperador LS2 Calibre 5.5mm 23"" combina estética tática com vers"
"Carabina PCP Aselkon Emperador LS2 Cal 4.5mm 23""";13870.00;Arma;PH-6907;10;https://images.tcdn.com.br/img/img_prod/620600/carabina_pcp_aselkon_emperador_ls2_cal_45mm_23_1_20260526150818_3fecd6fb53d4.jpg;"Carabina PCP Aselkon Emperador LS2 Calibre 4.5mm 23"" Com visual tático e coronha retrátil estilo AR , a Aselkon LS2 Emperador entrega precis"
"Carabina PCP Aselkon Emperador LS3 Cal 5.5mm 23""";14866.00;Arma;PH-6909;4;https://images.tcdn.com.br/img/img_prod/620600/carabina_pcp_aselkon_emperador_ls3_cal_55mm_23_1_20260526150819_8c7fe3fa7d29.jpg;"Carabina PCP Aselkon Emperador LS3 Cal 5.5mm cal 22. 23"" A Carabina PCP Aselkon Emperador LS3 Calibre 5.5mm 23"" foi desenvolvida para quem b"
"Carabina de Gás RAM Aselkon RX1250 Black Cal 5.5mm 18""";1997.00;Arma;PH-6911;2;https://images.tcdn.com.br/img/img_prod/620600/carabina_de_gs_ram_aselkon_rx1250_black_cal_55mm_1_1_20260526151354_0d1e8d0b80c0.jpg;"Carabina de Gás Ram Aselkon RX1250 Black Calibre 5.5mm 18"" A Aselkon RX1250 Black é a escolha ideal para quem busca desempenho superior , ro"
"Carabina de Gás Ram Aselkon RX1250 Black Calibre 4.5mm 18""";1997.00;Arma;PH-6913;1;https://images.tcdn.com.br/img/img_prod/620600/carabina_de_gs_ram_aselkon_rx1250_black_calibre_45_1_20260526151355_be102e23d0a7.jpg;"Carabina de Gás Ram Aselkon RX1250 Black Calibre 4.5mm 18"" A Aselkon RX1250 Black é a escolha ideal para quem busca desempenho superior , ro"
Caixa para Munição Combat Cal .38 - .357 MAG - 50 Round;22.00;Acessório;PH-6923;4;https://images.tcdn.com.br/img/img_prod/620600/caixa_para_municao_combat_cal_38_357_mag_50_round_6923_1_cd82c2debd2f02292d483c889d57ef44_20260526150904.jpg;Caixa para Munição Combat Calibre .38 - .357 Magnum - 50 Round Aplicação Caixa para 50 munições Cal .38 - .357 Magnum Modelo: Cal.38 / .357 
Caixa para Munição Combat Cal .38 - .357 Mag - 100 Round;35.00;Acessório;PH-6931;8;https://images.tcdn.com.br/img/img_prod/620600/caixa_para_municao_combat_cal_38_357_mag_100_round_6931_1_2e73b610f2a8fe37b1bc58aef5e79c46_20260526150904.png;Caixa para Munição Combat Calibre .38 - .357 Mag - 100 Round Aplicação: Caixa para 100 munições Cal .380 e 9mm Modelo: Cal.380/9mm Fabricant
Caixa para Munição MTM para Rifle - 50 Round;0.00;Acessório;PH-6939;5;https://images.tcdn.com.br/img/img_prod/620600/caixa_para_municao_mtm_para_rifle_50_round_6939_1_c9a4fbc4f04753d97a91532509c32e9b_20260526150906.png;Caixa para Munição MTM para Rifle - 50 Round Estas são as mais novas caixas de munição CASE-GARD. Feitas de polipropileno praticamente indes
Projétil Hornady Cal .224 55 GR SP c/ Cannelure (.223 Remington);556.00;Acessório;PH-6943;10;https://images.tcdn.com.br/img/img_prod/620600/projetil_hornady_cal_224_55_gr_sp_c_cannelure_223_remington_6943_1_292e6225c9f5af974ce4ddb2cde17da9_20260526151317.jpg;Projétil Hornady 22 Cal. .224 55 GR SP W/C Varmint - Caixa com 100 unidades Trajetórias Ultra Planas e Fragmentação Explosiva com Crimpagem 
Projétil Hornady Cal .308 208 GR BTHP Match Cx 1.500 unidades;19995.00;Acessório;PH-6945;5000;https://images.tcdn.com.br/img/img_prod/620600/projetil_hornady_cal_308_208_gr_bthp_match_caixa_c_1_500_6945_1_f6e4543e69b17718a3c439187a6274fa_20260526151317.jpg;Projétil Hornady 30 Cal. .308 208 GR BTHP Match - Caixa com 100 unidades Concentricidade Absoluta e Máximo Desempenho em Balística de Longo 
Projétil Hornady Cal .224 60 GR SP (.223 Remington) c/ Cannelure Cx 100 Unidades;556.00;Acessório;PH-6947;10;https://images.tcdn.com.br/img/img_prod/620600/projtil_hornady_cal_224_60_gr_sp_223_remington_c_c_1_20260526151317_ca62167bff47.png;PRODUTO CONTROLADO PELO EXÉRCITO Este item requer autorização prévia para a realização da compra. Caso não possua a autorização, a compra se
Projétil Hornady Cal 6.5mm .264 129GR SP c/ Cannelure Cx 100 Unidades;1222.00;Acessório;PH-6949;10;https://images.tcdn.com.br/img/img_prod/620600/projetil_hornady_cal_6_5mm_264_129gr_sp_6949_1_28a9e066a5cef4d997745fbd00c40640_20260526151317.jpg;Projétil Hornady 6.5mm .264 129 GR SP InterLock - Caixa com 100 unidades Expansão Controlada e Alta Retenção de Peso para Caça de Médio Port
Projétil Hornady 45 Cal .458 300 GR HP c/ Cannelure Cx 50 Unidades;833.50;Acessório;PH-6951;20;https://images.tcdn.com.br/img/img_prod/620600/projetil_hornady_45_cal_458_300_gr_hp_match_6951_1_4809fed0c08e38f1404a0f4ca95b1226_20260526151317.jpg;Projétil Hornady 45 Cal. .458 300 GR HP InterLock - Caixa com 50 unidades Poder de Impacto Massivo e Expansão Controlada para Grandes Calibr
Projétil Hornady 30 Cal.308 180 GR SP c/ cannelure Cx 100 Unidades;1222.00;Acessório;PH-6953;5;https://images.tcdn.com.br/img/img_prod/620600/projetil_hornady_30_cal_308_180_gr_sp_6953_1_29999284c1a305d30f56169ad9e509b6_20260526151317.jpg;Projétil Hornady 30 Cal. .308 180 GR SP InterLock - Caixa com 100 unidades Expansão Clássica Controlada e Alta Retenção de Energia para Gran
Munição CBC Cal 9mm Luger Treina ETOG 124gr Cx 50 Unidades;354.07;Munição;PH-6955;100;https://images.tcdn.com.br/img/img_prod/620600/munio_cbc_cal_9mm_luger_treina_etog_124gr_cx_50_un_1_20260727175356_a8785f452add.png;Munição CBC Cal 9mm Luger Treina ETOG 124gr Munição CBC calibre 9mm Luger Encamisado Total Ogival 124 grains, destinada para treinamento. An
Kit 4 Alvos Outubro Rosa - 2 Rosa - 1 Armífera - 1 Elas no Tiro;13.33;Acessório;PH-6957;14;https://images.tcdn.com.br/img/img_prod/620600/kit_4_alvos_outubro_rosa_2_rosa_1_armifera_1_elas_no_tiro_6957_1_07ed6a9790a6aaeae17b8c9439ba2a46_20260526151341.jpg;Kit Alvos Outubro Rosa - 2 Rosa - 1 Armífera - 1 Elas no Tiro O Kit é composto por: - 2 Alvos Rosa - 1 Alvos Armífera - 1 Alvos Elas no Tiro
Kit 5 Alvos - Bandidos Órgãos Vitais;16.67;Acessório;PH-6959;20;https://images.tcdn.com.br/img/img_prod/620600/kit_100_alvos_bandidos_orgaos_vitais_6959_1_a0829f1db8d7267bb40cf3c983383a15_20260526151341.jpg;Kit 5 Alvos Bandidos Órgãos Vitais Pode ser utilizado com armas de qualquer calibre, inclusive airsoft, carabinas de pressão e paintball. Es
Kit 5 Alvos - Refem Emira;16.67;Acessório;PH-6961;20;https://images.tcdn.com.br/img/img_prod/620600/kit_100_alvos_refem_emira_6961_1_e65b0034bc1aede449a18c481f684cc9_20260526151341.jpg;Kit 5 Alvos - Refem Emira Cena de bandido com refém, uma cena que parece ter saído de uma história em quadrinhos. Um alvo extremamente visua
Kit 10 Alvos Caça - 6 Alvos Javali - 2 Alvos Cervo Colorado - 1 Alvo Rifle de Longo Alcance - 1 Alvo Luneta;40.00;Acessório;PH-6963;20;https://images.tcdn.com.br/img/img_prod/620600/kit_10_alvos_caca_6_alvos_javali_2_alvos_cervo_colorado_1_alvo_rifle_de_longo_alcance_1_alvo_luneta_6963_1_5346a5e09934a71b0055914222d55f59_20260526151341.jpg;Kit 10 Alvos Caça - 6 Alvos Javali - 2 Alvos Cervo Colorado - 1 Alvo Rifle de Longo Alcance - 1 Alvo Luneta O Kit é composto por: - 6 Alvos 
Kit 10 Alvos Sniper - 2 Curto Médio Alcance - 2 Rifle Longo Alcance - 2 Fogo Central - 2 Clicar Luneta - 1 USBR - 1 Rifle com Luneta 50m;40.00;Acessório;PH-6965;18;https://images.tcdn.com.br/img/img_prod/620600/kit_10_alvos_sniper_2_curto_medio_alcance_2_rifle_longo_alcance_2_fogo_central_2_clicar_luneta_1_usb_6965_1_3d54c31618e3f913f553f4cc62b8fc94_20260526151341.jpg;Kit 10 Alvos Sniper - 2 Curto Médio Alcance - 2 Rifle Longo Alcance - 2 Fogo Central - 2 Clicar Luneta - 1 USBR - 1 Rifle com Luneta 50m O K
Kit 20 Alvos IAT - 15 Silhuetas Humanoide - 5 Quatro Cores;64.44;Acessório;PH-6967;15;https://images.tcdn.com.br/img/img_prod/620600/kit_20_alvos_iat_15_silhuetas_humanoide_5_quatro_cores_6967_1_d827635f729705f2761c288faf8435d5_20260526151341.jpg;Kit 20 Alvos IAT - 15 un. Silhuetas Humanoide - 5 un. 4 cores O Kit IAT (Instrutor de Armamento e Tiro) do Alvo 10 é composto por 4 un. Silh
Kit 5 Alvos - Correção de Agrupamento de Tiro;16.67;Acessório;PH-6969;20;https://images.tcdn.com.br/img/img_prod/620600/kit_100_alvos_correcao_de_agrupamento_de_tiro_6969_1_2a0ad3040fc74e6d71e0ce2af37f69e2_20260526151341.jpg;Kit 5 Alvos - Correção de Agrupamento de Tiro Correções indicadas (não substitui o Instrutor): 1. Sobressalto Quebrar o pulso para cima ou t
Kit 5 Alvos - Curto e Médio Alcance Circular;16.67;Acessório;PH-6971;38;https://images.tcdn.com.br/img/img_prod/620600/kit_100_alvos_curto_medio_alcance_circular_6971_1_ea5b47bec189582d2727fcd92600c20e_20260526151342.jpg;Kit 5 Alvos - Curto e Médio Alcance Circular Pode ser utilizado com armas de qualquer calibre, inclusive airsoft, carabinas de pressão e pai
Kit 5 Alvos - Luneta;18.89;Acessório;PH-6973;35;https://images.tcdn.com.br/img/img_prod/620600/kit_50_alvos_luneta_6973_1_1fec52bbcb8b58cba3047ae8f78da815_20260526151342.jpg;Kit 5 Alvos - Luneta Um alvo indicado para clicar a sua luneta, deixando-a com o melhor desempenho possível. Com incrementos em polegadas e 
Kit 5 Alvos Fogo Central;16.67;Acessório;PH-6975;15;https://images.tcdn.com.br/img/img_prod/620600/kit_100_alvos_fogo_central_6975_1_d343b9c4f210900a67b44ee62325cc29_20260526151342.jpg;Kit 5 Alvos - Fogo Central Alvo Fogo Central Alvo 10, um alvo de 20 polegadas para várias atividades no tiro esportivo, profissional e recre
Kit 5 Alvos - Centro de Saque Rápido NRA;17.78;Acessório;PH-6977;20;https://images.tcdn.com.br/img/img_prod/620600/kit_100_alvos_centro_de_saque_rapido_6977_1_b92c2844b9317ff2d85cda57cb6b1570_20260526151342.jpg;Kit 5 Alvos - Centro de Saque Rápido NRA Centro de Alvo Saque Rápido no Padrão NRA, tem até o anel 7 completo, um alvo destinado a treinamen
Kit 5 Alvos - FBI QIT 99 4 Cores;16.67;Acessório;PH-6979;10;https://images.tcdn.com.br/img/img_prod/620600/kit_100_alvos_fbi_qit_99_4_cores_6979_1_4f6d8762f618b5bffc6b90f7bf45e59e_20260526151342.jpg;Kit 5 Alvos - FBI QIT 99 4 Cores Pode ser utilizado com armas de qualquer calibre, inclusive airsoft, carabinas de pressão e paintball. Espe
Kit 5 Alvos IPSC Regular 45x57cm Dupla Face + 100 Obreias;54.44;Acessório;PH-6981;10;https://images.tcdn.com.br/img/img_prod/620600/kit_5_alvos_ipsc_regular_45x57cm_dupla_face_100_obreias_6981_1_4b949aae3398535996f4669154b80d40_20260526151342.jpg;Kit 5 Alvos IPSC Regular 45x57cm Dupla Face + 100 Obreias Kraft Alvo confeccionado em papelão onda B 354gr. Kraft Klabin de primeira linha, 
Kit 5 Alvos IPSC Mini 30x37,5cm Dupla Face + 100 Obreias;41.11;Acessório;PH-6983;10;https://images.tcdn.com.br/img/img_prod/620600/kit_5_alvos_ipsc_regular_30x37_5cm_dupla_face_100_obreias_kraft_6983_1_2d78c38d1184c6b9c6a989ca4c213f20_20260526151342.jpg;Kit 5 Alvos IPSC Regular 30x37,5cm Dupla Face + 100 Obreias Kraft Alvo confeccionado em papelão onda B 354gr. Kraft Klabin de primeira linha
Suporte para Acionador Remoto de Lanterna Fenix ALG-06;123.00;Acessório;PH-6993;6;https://images.tcdn.com.br/img/img_prod/620600/suporte_fenix_para_acionador_remoto_de_lanterna_alg_06_6993_1_b346c6eae721c31b73fec36501c151e4_20260526150951.jpg;Suporte para Acionador Remoto de Lanterna Fenix ALG-06 O Suporte para Acionador Remoto de Lanterna Fenix ALG-06 é um acessório projetado par
Suporte de Lanterna para Arma Fenix - ALG-16;461.00;Acessório;PH-6995;16;https://images.tcdn.com.br/img/img_prod/620600/suporte_de_lanterna_para_arma_fenix_alg_16_6995_1_2021154c069330c6d2ec0bedc8fc2655_20260526150952.jpg;Suporte de Lanterna para Arma Fenix - ALG-16 O Fenix ALG-16 M-Lok Rail Mount, é uma ótima solução para montar uma lanterna em uma espingarda
Porta Lanterna Fenix - APB-30 Camuflado;108.00;Acessório;PH-6997;16;https://images.tcdn.com.br/img/img_prod/620600/porta_lanterna_fenix_apb_30_camuflado_6997_1_8b0e3f983e30172411899fdd30ceac81_20260526150951.jpg;Porta Lanterna Fenix - APB-30 Camuflado A Bolsa de Lanterna Fenix APB-30 é ótimo para aqueles que precisam de proteção extra para seu equipa
Lanterna para Bike Fenix BC21R V3.0 - 1200 Lúmens;885.00;Acessório;PH-6999;7;https://images.tcdn.com.br/img/img_prod/620600/lanterna_bike_fenix_bc21r_v3_0_1200_lumens_6999_1_a063f0bdb49ffb9ae877d5bb78e795f8_20260526150945.jpg;Lanterna para Bike Fenix BC21R V3.0 1200 Lumens A Fenix BC21R V3.0 é uma lanterna recarregável para bicicleta e agora está mais potente com 
Kit Lanternas para Bike Fenix BC26R 1600 Lúmens + BC05R V2.0 15 Lúmens;1062.00;Acessório;PH-7001;7;https://images.tcdn.com.br/img/img_prod/620600/kit_lanternas_fenix_bc26r_1600_lumens_bc05r_v2_0_15_lumens_7001_1_84b49dfb19c2da0ecbae3f006626474c_20260526150945.jpg;Lanterna para Bicicleta Fenix BC26R - 1600 Lúmens O Fenix BC26R é uma lanterna de bicicleta, construída para manter você pedalando durante a
Lanterna para Camping Fenix CL26R Verde - 400 Lúmens;712.00;Acessório;PH-7003;29;https://images.tcdn.com.br/img/img_prod/620600/lanterna_camping_fenix_cl26r_verde_400_lumens_7003_1_ab148c811861d922b051df6606441a9e_20260526150946.jpg;Lanterna para Camping Fenix CL26R Preto - 400 Lúmens A Fenix CL26R é uma lanterna de acampamento versátil , leve e recarregável , alimentada
Lanterna EDC Fenix E-Spark - 100 Lúmens;407.00;Acessório;PH-7005;19;https://images.tcdn.com.br/img/img_prod/620600/lanterna_manual_fenix_e_spark_100_lumens_7005_1_d69c9da3ee358a63e93fec7541b22159_20260526150931.jpg;Lanterna EDC Fenix E-Spark - 100 Lúmens A lanterna Fenix E-SPARK é uma lanterna de banco de energia compacta e elegante que pode ser facilme
Lanterna EDC Fenix E-CP - 1600 Lúmens;695.00;Acessório;PH-7007;1;https://images.tcdn.com.br/img/img_prod/620600/lanterna_edc_fenix_e_cp_1600_lmens_1_20260526150931_4cc3c9f83825.jpg;Lanterna EDC Fenix E-CP - 1600 Lúmens A lanterna Fenix E-CP é uma excelente opção para quem busca uma lanterna brilhante e versátil. Com uma
Lanterna EDC Fenix E05R Marrom - 400 Lúmens;349.00;Acessório;PH-7011;58;https://images.tcdn.com.br/img/img_prod/620600/lanterna_edc_fenix_e05r_marrom_400_lmens_1_20260526150931_a83ef61beb8d.jpg;Lanterna EDC Fenix E05R Marrom - 400 Lúmens A Fenix E05R é uma lanterna compacta e potente, com 400 lúmens de intensidade de luz. Com menos 
Lanterna EDC Fenix E05R Verde - 400 Lúmens;349.00;Acessório;PH-7013;59;https://images.tcdn.com.br/img/img_prod/620600/lanterna_edc_fenix_e05r_verde_400_lmens_1_20260526150931_9c50753f2685.jpg;Lanterna EDC Fenix E05R Verde - 400 Lúmens A Fenix E05R é uma lanterna compacta e potente, com 400 lúmens de intensidade de luz. Com menos d
Lanterna EDC Fenix E05R Preto - 400 Lúmens;349.00;Acessório;PH-7015;54;https://images.tcdn.com.br/img/img_prod/620600/lanterna_edc_fenix_e05r_preto_400_lmens_1_20260526150932_ec4ffd10a741.jpg;Lanterna EDC Fenix E05R Preto - 400 Lúmens A Fenix E05R é uma lanterna compacta e potente, com 400 lúmens de intensidade de luz. Com menos d
Lanterna de Cabeça Fenix HM60R Preto - 1300 Lúmens;948.00;Acessório;PH-7017;3;https://images.tcdn.com.br/img/img_prod/620600/lanterna_de_cabea_fenix_hm60r_preto_1300_lmens_1_20260526150938_588316f32a78.jpg;Lanterna de Cabeça Fenix HM60R 1300 Lúmens A Fenix HM60R é uma ótima lanterna de cabeça para todos os fins que apresenta possuindo três modo
Kit Lanternas Fenix HM70R 1600 Lúmens +  E-Lite 150 Lúmens;1173.00;Acessório;PH-7019;4;https://images.tcdn.com.br/img/img_prod/620600/kit_lanternas_fenix_hm70r_cor_preto_1600_lumens_e_lite_cor_preto_150_lumens_7019_1_a6a61cf4eac3c8d0d0a26725077a3034_20260526150939.jpg;Kit Lanternas Fenix HM70R 1600 Lúmens A Laterna Fenix HM70R possui uma bateria recarregável de alta capacidade, que não só aumenta a potênci
Lanterna de Cabeça Fenix HP30R V2.0 3000 Lúmens;2694.00;Acessório;PH-7021;2;https://images.tcdn.com.br/img/img_prod/620600/lanterna_de_cabeca_fenix_hp30r_v2_0_3000_lumens_preto_7021_1_025d73a40a39d7f39c1e1397c529e2b2_20260526150940.jpg;Lanterna de Cabeça Fenix HP30R V2.0 3000 Lúmens Preto A Fenix HP30R V2.0 é uma lanterna de cabeça profissional com uma case de bateria separ
Lanterna para Armas Fenix GL22;1379.00;Acessório;PH-7025;36;https://images.tcdn.com.br/img/img_prod/620600/lanterna_para_armas_fenix_gl22_7025_1_7e86278577f1688f2c421a11d42a5990_20260526151327.jpg;Lanterna para Armas Fenix GL22 A Fenix GL22 Tactical Weapon Light está pronta para se tornar uma ferramenta importante em seu arsenal. Com 7
Lanterna Fenix LD22 V2.0 - 800 Lúmens;757.00;Acessório;PH-7027;19;https://images.tcdn.com.br/img/img_prod/620600/lanterna_fenix_ld22_v20_800_lmens_1_20260526150910_62548b9dfda1.jpg;Lanterna Fenix LD22 V2.0 - 800 Lúmens A lanterna Fenix LD22 V2.0 atualizada é uma opção versátil e confiável para iluminação em diversas sit
Lanterna EDC Fenix PD25R - 800 Lúmens;692.00;Acessório;PH-7029;48;https://images.tcdn.com.br/img/img_prod/620600/lanterna_edc_fenix_pd25r_800_lmens_1_20260526150932_b8336abeff8e.jpg;Lanterna EDC Fenix PD25R - 800 Lúmens A lanterna EDC Fenix PD25R é a atualização tão esperada pelos fãs da PD25. Com uma potência máxima de 
Lanterna Tatica Fenix PD36R PRO - 2800 Lúmens;1177.78;Acessório;PH-7031;43;https://images.tcdn.com.br/img/img_prod/620600/lanterna_tatica_fenix_pd36r_pro_2800_lmens_1_20260526150920_a3916d3f4093.jpg;Lanterna Tática Fenix PD36R PRO - 2800 Lúmens A PD36R mais vendida da Fenix tornou-se PRO. PD36R PRO é tudo o que você gosta, porém, com mai
Lanterna Tática Fenix PD36 TAC - 3000 Lúmens;1012.00;Acessório;PH-7033;37;https://images.tcdn.com.br/img/img_prod/620600/lanterna_manual_fenix_pd36_tac_3000_lumens_preta_7033_1_83f364f1a1f732933be90fa8f63a6443_20260526150920.jpg;Lanterna Tática Fenix PD36 TAC - 3000 Lúmens A Fenix PD36 TAC é uma lanterna que permanece no tamanho de bolso, mas se concentra no emprego 
Lanterna Fenix TK35UE V2.0 - 5000 Lúmens;1780.00;Acessório;PH-7037;30;https://images.tcdn.com.br/img/img_prod/620600/lanterna_fenix_tk35ue_v20_5000_lmens_1_20260526150920_bf37d5c2a649.jpg;Lanterna Fenix TK35UE V2.0 - 5000 Lúmens A lanterna Fenix TK35UE V2.0 foi atualizada recentemente para fornecer uma saída máxima de 5000 lúm
Acionador Remoto para Lanterna Fenix - AER-06S;485.00;Acessório;PH-7041;20;https://images.tcdn.com.br/img/img_prod/620600/acionador_remoto_para_lanterna_fenix_aer_06s_7041_1_e006d1ef60d704a9e787bfe47cfc9165_20260526150952.jpg;Acionador Remoto para Lanterna Fenix - AER-06S Para usar exclusivamente com o GL19R Tac Light , o interruptor tático remoto Fenix AER-06s é 
Suporte de Lanterna Fenix para Capacete - ALD-05;178.00;Acessório;PH-7043;2;https://images.tcdn.com.br/img/img_prod/620600/suporte_de_lanterna_fenix_para_capacete_ald_05_7043_1_ca58ec99f0ab7590d64ce20bf16cfd16_20260526150952.jpg;Suporte de Lanterna Fenix para Capacete ALD-05 A melhor maneira de prender sua lanterna ao capacete é o com o suporte de lanterna para capac
Canivete Dobrável Ruike M195;1087.00;Acessório;PH-7045;5;https://images.tcdn.com.br/img/img_prod/620600/canivete_dobravel_ruike_m195_7045_1_010585ae4d8d47c0059610ccc119b962_20260526151040.jpg;Canivete Dobrável Ruike - M195 Com uma lâmina de aço D2, cabo de forma ergonômica e texturizado G10 e aço, quebra-vidros, cortador de segura
Canivete Dobrável Ruike D198-PB;284.00;Acessório;PH-7047;3;https://images.tcdn.com.br/img/img_prod/620600/canivete_dobravel_ruike_d198_pb_7047_1_0eee5710076e5ba8af370a8d8b1e3052_20260526151040.jpg;Canivete Dobrável Ruike - D198-PB O Canivete Dobrável Ruike D198-PB está equipado com uma alavanca flipper para abertura rápida e fácil. O c
Canivete Dobrável Ruike Modelo P127-B;547.00;Acessório;PH-7049;3;https://images.tcdn.com.br/img/img_prod/620600/canivete_dobravel_ruike_modelo_p127_b_7049_1_8960ff59bbac820471de197f8e45ffc6_20260526151040.jpg;Canivete Dobrável Ruike - P127-B A P127-B foi projetada para oferecer melhor perfuração e capacidade de corte com sua lâmina de corte finame
Canivete Dobrável Ruike Modelo P127-CB;600.00;Acessório;PH-7051;5;https://images.tcdn.com.br/img/img_prod/620600/canivete_dobravel_ruike_modelo_p127_cb_7051_1_5a54f16746aa28fd4fbf78107ce71a4b_20260526151041.png;Canivete Dobrável Ruike - P127-CB A P127-B foi projetada para oferecer melhor perfuração e capacidade de corte com sua lâmina de corte finam
Canivete Dobrável Ruike - P843-B;515.00;Acessório;PH-7053;5;https://images.tcdn.com.br/img/img_prod/620600/canivete_dobravel_ruike_modelo_p843_b_7053_1_b6970a7237e5d11eb046fd72a335b5d8_20260526151040.jpg;Canivete Dobrável Ruike - P843-B Possui lâmina, curvada para oferecer uma borda longa, curva e afilada para formar uma ponta fina, a lâmina 
Canivete Dobrável Ruike - P843-W;515.00;Acessório;PH-7055;5;https://images.tcdn.com.br/img/img_prod/620600/canivete_dobravel_ruike_modelo_p843_w_7055_1_21c1a2aeec2a2959b543119844f607f4_20260526151041.png;Canivete Dobrável Ruike - P843-W Possui lâmina, curvada para oferecer uma borda longa, curva e afilada para formar uma ponta fina, a lâmina 
Faca Ruike P851-B;549.00;Acessório;PH-7057;4;https://images.tcdn.com.br/img/img_prod/620600/faca_ruike_p851_b_7057_1_4d2e9dd872ea9f9bab66d2d9ab915834_20260526150825.jpg;Faca Ruike P851-B A Faca P851 mostra grande capacidade tanto para perfurar quanto para cortar. Para maior confiabilidade em usos ao ar livre
Canivete Dobrável Ruike P881-B1;587.00;Acessório;PH-7059;3;https://images.tcdn.com.br/img/img_prod/620600/canivete_dobrvel_ruike_p881_b1_1_20260526151041_03886d718037.jpg;Canivete Dobrável Ruike P881-B1 Pequeno e compacto, o P881 é fácil de transportar e esconder. Desenvolvido a partir de facas Karambit, o P88
Canivete Dobrável Ruike P881-W;587.00;Acessório;PH-7061;5;https://images.tcdn.com.br/img/img_prod/620600/canivete_dobrvel_ruike_p881_w_1_20260526151041_fc22ebc6afd6.jpg;Canivete Dobrável Ruike P881-W Pequeno e compacto, o P881 é fácil de transportar e esconder. Desenvolvido a partir de facas Karambit, o P881
Canivete Dobrável Ruike M661-TZ;917.00;Acessório;PH-7063;2;https://images.tcdn.com.br/img/img_prod/620600/canivete_dobravel_ruike_m661_tz_7063_1_486db360f9e09fc16a808f11cb9f833f_20260526151041.jpg;Canivete Dobrável Ruike M661-TZ O Ruike M661-TZ é a versão em titânio do Ruike P661. O uso do alumínio o torna um pouco mais leve do que o P
Canivete Dobrável Ruike M671-TZ;1087.00;Acessório;PH-7067;1;https://images.tcdn.com.br/img/img_prod/620600/canivete_dobravel_ruike_m671_tz_7067_1_e6d4666dbea54ff1cf3c3c30a71da334_20260526151041.jpg;Canivete Dobrável Ruike M671-TZ O M671-TZ é uma faca EDC compacta mais sólida, com um bom equilíbrio de portabilidade e funcionalidade. Sua 
Canivete Ruike Modelo M126-TZ;1328.00;Acessório;PH-7069;2;https://images.tcdn.com.br/img/img_prod/620600/canivete_ruike_modelo_m126_tz_7069_1_08a3acd0331826ef5b286f83b65f08be_20260526151042.jpg;"Canivete Dobrável Ruike M126-TZ O corpo metálico com acabamento ""stonewashed"" é complementado com pequenos detalhes, tornando-o um requintad"
Faca Ruike F181-W;890.00;Acessório;PH-7073;4;https://images.tcdn.com.br/img/img_prod/620600/faca_ruike_f181_w_1_20260526150825_296165b564ec.jpg;Faca Ruike F181-W - Desert Yellow A lâmina fixa da Faca F181 foi projetada para funcionar ao ar livre, em usos táticos e de resgate onde uma
Faca Ruike F181-B;890.00;Acessório;PH-7075;4;https://images.tcdn.com.br/img/img_prod/620600/faca_ruike_f181_b_1_20260526150826_96b2a6497f92.jpg;Canivete Dobrável Ruike F181-B - Preto A lâmina fixa da Faca F181 foi projetada para funcionar ao ar livre , em usos táticos e de resgate on
Faca Ruike F181-B1;890.00;Acessório;PH-7077;4;https://images.tcdn.com.br/img/img_prod/620600/faca_ruike_f181_b1_1_20260526150826_ad465b5a3076.jpg;Faca Ruike F181-B1 - Preto A lâmina fixa da Faca F181 foi projetada para funcionar ao ar livre , em usos táticos e de resgate onde uma ponta
Canivete Dobrável Ruike L11-N;341.00;Acessório;PH-7079;7;https://images.tcdn.com.br/img/img_prod/620600/canivete_ruike_l11_n_brown_7079_1_d5a1d2fd111beeeace23e3c7b384039f_20260526151042.png;Canivete Ruike Dobrável L11-N - Brown A lâmina principal da linha L dos canivetes Ruike têm espessura e largura aumentadas, promovendo maior
Canivete Multifuncional Ruike L21-N;399.00;Acessório;PH-7081;5;https://images.tcdn.com.br/img/img_prod/620600/canivete_ruike_l21_n_7081_1_5298215a09bb7779a824dc9bcb2edf65_20260526151031.png;Canivete Multifuncional Ruike L21-N A lâmina principal da linha L dos canivetes Ruike têm espessura e largura aumentadas, promovendo maior d
Canivete Multifuncional Ruike L31-N;500.00;Acessório;PH-7083;10;https://images.tcdn.com.br/img/img_prod/620600/canivete_multifuncional_ruike_l31_n_7083_1_081b8159863dad26fd6ad48979682232_20260526151031.jpg;Canivete Multifuncional Ruike L31-N - Marrom A lâmina principal da linha L dos canivetes Ruike têm espessura e largura aumentadas, promovend
Canivete Multifuncional Ruike L32-B;500.00;Acessório;PH-7085;10;https://images.tcdn.com.br/img/img_prod/620600/canivete_multifuncional_ruike_l32_b_7085_1_59782dfbb12672e076012f4b6457e23d_20260526151031.png;Canivete Multifuncional Ruike L32-B A lâmina principal da linha L dos canivetes Ruike têm espessura e largura aumentadas, promovendo maior d
Canivete Multifuncional Ruike L32-G;500.00;Acessório;PH-7087;10;https://images.tcdn.com.br/img/img_prod/620600/canivete_multifuncional_ruike_l32_g_7087_1_5ba7b896c966f10d70ae4c9182f93731_20260526151031.png;Canivete Multifuncional Ruike L32-G A lâmina principal da linha L dos canivetes Ruike têm espessura e largura aumentadas, promovendo maior d
Canivete Multifuncional Ruike L32-N;500.00;Acessório;PH-7089;10;https://images.tcdn.com.br/img/img_prod/620600/canivete_multifuncional_ruike_l32_n_7089_1_bd0735b6ba4438f4f95338ee30f07055_20260526151031.png;Canivete Multifuncional Ruike L32-N A lâmina principal da linha L dos canivetes Ruike têm espessura e largura aumentadas, promovendo maior d
Canivete Multifuncional Ruike L41-B;591.00;Acessório;PH-7091;10;https://images.tcdn.com.br/img/img_prod/620600/canivete_multifuncional_ruike_l41_b_7091_1_56a59750cd0e8c6a007b43cf498a9f2a_20260526151031.jpg;Canivete Multifuncional Ruike L41-B - Preto A lâmina principal da linha L dos canivetes Ruike têm espessura e largura aumentadas, promovendo
Canivete Multifuncional Ruike L41-N;591.00;Acessório;PH-7093;5;https://images.tcdn.com.br/img/img_prod/620600/canivete_ruike_l41_n_7093_1_512efc50f919d2b625c5a85539e25f38_20260526151031.png;Canivete Multifuncional Ruike L41-N - Marrom A lâmina principal da linha L dos canivetes Ruike têm espessura e largura aumentadas, promovend
Canivete Multifuncional Ruike L42-B;591.00;Acessório;PH-7095;10;https://images.tcdn.com.br/img/img_prod/620600/canivete_multifuncional_ruike_l42_b_7095_3_85a4a8896874cd1252d5df0bc6180abd_20260526151031.jpg;Canivete Multifuncional Ruike L42-B - Preto A lâmina principal da linha L dos canivetes Ruike têm espessura e largura aumentadas, promovendo
Canivete Multifuncional Ruike L42-G;591.00;Acessório;PH-7097;4;https://images.tcdn.com.br/img/img_prod/620600/canivete_multifuncional_ruike_l42_g_7097_1_d47d6dc880eb18776d0237ebfbe355fa_20260526151032.jpg;Canivete Multifuncional Ruike L42-G - Verde A lâmina principal da linha L dos canivetes Ruike têm espessura e largura aumentadas, promovendo
Canivete Multifuncional Ruike L42-N;591.00;Acessório;PH-7099;5;https://images.tcdn.com.br/img/img_prod/620600/canivete_multifuncional_ruike_l42_n_7099_1_331332f71db6cbc078e7279167923021_20260526151032.jpg;Canivete Multifuncional Ruike L42-N - Marrom A lâmina principal da linha L dos canivetes Ruike têm espessura e largura aumentadas, promovend
Canivete Multifuncional Ruike L51-N;676.00;Acessório;PH-7101;3;https://images.tcdn.com.br/img/img_prod/620600/canivete_multifuncional_ruike_l51_n_7101_1_42d08a24207af30740ee658abb861265_20260526151032.jpg;Canivete Multifuncional Ruike L51-N - Marrom A lâmina principal da linha L dos canivetes Ruike têm espessura e largura aumentadas, promovend
Canivete Dobrável Ruike S11-N;200.00;Acessório;PH-7103;4;https://images.tcdn.com.br/img/img_prod/620600/canivete_dobravel_ruike_s11_n_7103_1_429cf99f02461a7db3af7bf89182cd81_20260526151042.png;Canivete Dobrável Ruike S11-N - Marrom O canivete S11 é uma ótima opção para quem procura um canivete simples para light outdoors e uso EDC.
Canivete Multifuncional Ruike S21-N;204.00;Acessório;PH-7105;3;https://images.tcdn.com.br/img/img_prod/620600/canivete_multifuncional_ruike_s21_n_7105_1_2c6646d40f73db373b7ffcfe77a82326_20260526151032.png;Canivete Multifuncional Ruike S21-N - Marrom O canivete S21 é uma ótima opção para quem procura um canivete simples para light outdoors e us
Canivete Multifuncional Ruike S22-N;236.00;Acessório;PH-7107;5;https://images.tcdn.com.br/img/img_prod/620600/canivete_multifuncional_ruike_s22_n_7107_3_76bd1b5872897d7fd5f60e8b50e08b23_20260526151032.jpg;Canivete Multifuncional Ruike S22-N - Marrom O canivete S22 é uma ótima opção para quem procura um canivete simples para light outdoors e us
Canivete Dobrável Ruike M11-N;324.00;Acessório;PH-7109;2;https://images.tcdn.com.br/img/img_prod/620600/canivete_dobravel_ruike_m11_n_7109_1_6383ab78e268a4377aee5d7be0e115d1_20260526151042.jpg;Canivete Dobrável Ruike M11-N - Marrom O Ruike M11 é uma f aca multifuncional de tamanho médio apresenta cinco funções básicas: lâmina média
Canivete Multifuncional Ruike M21-N;337.00;Acessório;PH-7111;4;https://images.tcdn.com.br/img/img_prod/620600/canivete_multifuncional_ruike_m21_n_7111_1_a7eb72548a2641173ab8108d7d7bd5e9_20260526151032.jpg;Canivete Multifuncional Ruike M21-N - Marrom O Ruike M21 é uma f aca multifuncional de tamanho médio apresenta cinco funções básicas: lâmina
Canivete Multifuncional Ruike M31-N;435.00;Acessório;PH-7113;3;https://images.tcdn.com.br/img/img_prod/620600/canivete_multifuncional_ruike_m31_n_7113_1_f0dd82ddba91d75818489b90d62d5b50_20260526151032.jpg;Canivete Multifuncional Ruike M31-N - Marrom O Ruike M31 é uma f aca multifuncional de tamanho médio apresenta cinco funções básicas: lâmina
Canivete Multifuncional Ruike M32-N;435.00;Acessório;PH-7115;5;https://images.tcdn.com.br/img/img_prod/620600/canivete_multifuncional_ruike_m32_n_7115_1_41ec4eb12bf8be17878023871c687bcd_20260526151033.jpg;Canivete Multifuncional Ruike M32-N - Marrom O Ruike M32 é uma f aca multifuncional de tamanho médio apresenta cinco funções básicas: lâmina
Canivete Multifuncional Ruike M41-N;549.00;Acessório;PH-7117;5;https://images.tcdn.com.br/img/img_prod/620600/canivete_multifuncional_ruike_m41_n_7117_1_e3fec0955e0e8f79c7d91dae7b331659_20260526151033.jpg;Canivete Multifuncional Ruike M41-N - Marrom O Ruike M41 é uma f aca multifuncional que apresenta cinco funções básicas: lâmina média, quebr
Canivete Multifuncional Ruike M42-N;549.00;Acessório;PH-7119;3;https://images.tcdn.com.br/img/img_prod/620600/canivete_multifuncional_ruike_m42_n_7119_1_c6d3e9db50c738a1920ac0f1ee57d2fb_20260526151033.jpg;Canivete Multifuncional Ruike M42-N - Marrom O Ruike M42 é uma f aca multifuncional que apresenta cinco funções básicas: lâmina média, quebr
Canivete Multifuncional Ruike M51-N;619.00;Acessório;PH-7121;4;https://images.tcdn.com.br/img/img_prod/620600/canivete_multifuncional_ruike_m51_n_7121_1_92623b90fb3e866352c38141d0839ebd_20260526151033.jpg;Canivete Multifuncional Ruike M51-N - Marrom O Ruike M51 é uma f aca multifuncional que apresenta cinco funções básicas: lâmina média, quebr
Lanterna EDC Fenix E18R V2.0 - 1200 Lúmens;764.00;Acessório;PH-7125;19;https://images.tcdn.com.br/img/img_prod/620600/lanterna_fenix_e18r_v2_0_1200_lumens_preta_7125_1_2e2112a173d7214994e236525dab3595_20260526150933.jpg;Lanterna EDC Fenix E18R V2.0 Preto - 1200 Lúmens A série E de lanternas Fenix é uma linha de lanternas compactas e diversificadas, projetada
Lanterna Tática Fenix TK22 TAC - 2800 Lúmens;1372.00;Acessório;PH-7127;1;https://images.tcdn.com.br/img/img_prod/620600/lanterna_tatica_fenix_tk22_tac_2800_lumens_preto_7127_1_5059ef56a4a5db3776915f1191893d40_20260526150921.jpg;Lanterna Tática Fenix TK22 TAC - 2800 Lúmens O Fenix TK22 TAC é um verdadeiro espetáculo tático. Alimentada por uma bateria recarregável 217
Lanterna Tática Fenix TK20R V2.0 - 3000 Lúmens;1461.00;Acessório;PH-7129;5;https://images.tcdn.com.br/img/img_prod/620600/lanterna_tatica_fenix_tk20r_v2_0_3000_lumens_7129_1_360b29baec800efda744f37e26ce4577_20260526150921.jpg;Lanterna Tática Fenix TK20R V2.0 - 3000 Lúmens A lanterna recarregável Fenix TK20R V2.0 apresenta um desempenho incrível ao lançar um máximo
Lanterna Tática Fenix PD36R - 1600 Lúmens;1190.00;Acessório;PH-7131;32;https://images.tcdn.com.br/img/img_prod/620600/lanterna_fenix_pd36r_1600_lumens_preto_7131_3_2f61366aa80f6de79252cb801d3dee3b_20260526150910.jpg;Lanterna Tática Fenix PD36R - 1600 Lúmens A Fenix PD36R é uma lanterna de alto desempenho, diferente de qualquer outra no mercado por seu ta
Lanterna Laser Fenix HT30R - 500 Lúmens;3294.00;Acessório;PH-7133;6;https://images.tcdn.com.br/img/img_prod/620600/lanterna_fenix_ht30r_500_lumens_7133_1_80386aa043560db8e68dd40fd4e043e6_20260526150910.jpg;Lanterna Laser Fenix HT30R - 500 Lúmens A Fenix HT30R é uma lanterna laser. Um laser Classe 1 emite uma luz branca de amplo espectro, permit
Lanterna para Cabeça Fenix HM50R V2.0 - 700 Lúmens;710.00;Acessório;PH-7141;11;https://images.tcdn.com.br/img/img_prod/620600/lanterna_para_cabeca_fenix_hm50r_v2_0_7141_1_d5ee9253198fc9991eb0608e4f8d56a4_20260526150940.jpg;Lanterna para Cabeça Fenix HM50R V2.0 - 700 Lúmens A Fenix HM50R V2.0 é a atualização tão esperada da lanterna de cabeça mais vendida da Fen
Caneta Tática Fenix T6 Penlight - Preto;416.00;Acessório;PH-7143;6;https://images.tcdn.com.br/img/img_prod/620600/fenix_t6_penlight_preto_7143_1_49fa5c664e0147560de1ccff0f707da6_20260526151131.jpg;Caneta Tática Fenix T6 Penlight - Preto O Fenix T6 Penlight não é apenas um instrumento de escrita exótico, mas também foi projetado para se
Caneta Tática Fenix T6 Penlight - Azul;416.00;Acessório;PH-7145;8;https://images.tcdn.com.br/img/img_prod/620600/fenix_t6_penlight_azul_7145_1_65101d93d3868db0df9210bb09b8f6c3_20260526151131.jpg;Caneta Tática Fenix T6 Penlight - Azul O Fenix T6 Penlight não é apenas um instrumento de escrita exótico, mas também foi projetado para ser
Difusor de Luz Fenix - AOD-S;47.00;Acessório;PH-7163;18;https://images.tcdn.com.br/img/img_prod/620600/difusor_de_luz_fenix_aod_s_7163_1_dc59d0f0699fb83d28c1ab89d03c27c4_20260526150952.jpg;Difusor de Luz Fenix - AOD-S Transforme sua luz Fenix em uma luz de leitura, sinal ou de emergên cia. A fixação é rápida e segura com materi
Lanterna Traseira para Bike BC05R V2.0 - 15 Lúmens;228.00;Acessório;PH-7219;14;https://images.tcdn.com.br/img/img_prod/620600/lanterna_traseira_para_bike_bc05r_v20_15_lmens_1_20260526150945_bbdacf460028.jpg;Lanterna Traseira para Bike BC05R V2.0 - 15 Lúmens A Fenix BC05R V2.0 é uma lanterna traseiro recarregável de bicicleta construído para mant
Kit Limpeza de Armas AR15/M16 - Vector Optics;149.00;Acessório;PH-7223;32;https://images.tcdn.com.br/img/img_prod/620600/kit_limpeza_de_armas_ar15_m16_vector_optics_7223_1_a37a7b716b5cf477644ea51435122896_20260526151050.jpg;Kit Limpeza de Armas AR15/M16 - Vector Optics Criamos o kit de limpeza pensado para gerar mais durabilidade e qualidade em seu armamento ent
Trava de Gatilho - Vector Optics;37.00;Acessório;PH-7225;121;https://images.tcdn.com.br/img/img_prod/620600/cadeado_para_gatilho_vector_optics_7225_1_c77849e721750a6998b967834b42adad_20260526151132.jpg;"Trava de Gatilho - Vector Optics Características: Corpo em plástico ABS; Sistema de trava metálica c om chave; Compacto; Cabe a maioria dos "
Micro Red Dot Weaver Victoptics SPX 1-22x - Vector Optics;777.00;Óptica;PH-7231;11;https://images.tcdn.com.br/img/img_prod/620600/micro_red_dot_weaver_victoptics_spx_1_22x_vector_optics_7231_2_9ebeebc92d664a37e33d8a80b9e7f124_20260526151205.jpg;Micro Red Dot Victoptics SPX 1x22 Reflex Sight (RDSL16) - BY Vector Optics Perfil Ultra Baixo e Visada Instintiva: Corpo em Alumínio 6061-T6
Mount de Elevação para Red Dot MOJ - Vector Optics;274.00;Acessório;PH-7235;64;https://images.tcdn.com.br/img/img_prod/620600/base_de_montagem_para_red_dot_moj_7235_1_c1de5507757ab172a81aebb1c9e24d0c_20260526151219.jpg;Mount de Elevação para Red Dot MOJ - Vector Optics Mount de Elevação para Red Dot MOJ O Cantilever Picatinny Riser Mount é um suporte de red
Base com Anéis 30mm Extra Long para Acoplar Lunetas - Vector Optics;319.00;Acessório;PH-7237;28;https://images.tcdn.com.br/img/img_prod/620600/base_com_aneis_30mm_extra_long_para_acoplar_lunetas_vector_optics_7237_1_7f1f590841c68e88636269ace4400d9b_20260526151219.jpg;Base com Anéis 30mm Extra Long para Acoplar Lunetas - Vector Optics Base com nível bolha com anéis de 30mm para acoplar lunetas. Característ
Red Dot Maverick 1x22 S-MIL - Vector Optics;1319.00;Óptica;PH-7239;24;https://images.tcdn.com.br/img/img_prod/620600/red_dot_maverick_1x22_s_mil_vector_optics_1_20260526151207_80a0663476b6.jpg;Mira Red Dot Vector Optics Maverick 1x22 Rubber Cover S-MIL (SCRD-41) Blindagem Monobloco Emborrachada Matte Black, Engate Rápido QD e Gavet
Red Dot Centurion 1x30 SCRD-34 - Vector Optics;2200.00;Óptica;PH-7241;10;https://images.tcdn.com.br/img/img_prod/620600/red_dot_centurion_1x30_vector_optics_1_20260526151208_13749658af84.jpg;Mira Red Dot Vector Optics Centurion 1x30 SCRD-34 Campo de Visão Expandido com Lente de 30mm e Resiliência Monobloco O Red Dot Vector Optics
"Anéis para Acoplar Lunetas/Red Dot 30mm altura 1.25"" - Vector Optics";217.00;Acessório;PH-7243;20;https://images.tcdn.com.br/img/img_prod/620600/aneis_para_acoplar_lunetas_red_dot_30mm_altura_1_25_vector_optics_7243_1_45ce404770f18f5f718b2cc197b17fb8_20260526151220.jpg;"Anéis para Acoplar Lunetas/Red Dot 30mm altura 1.25"" - Vector Optics Uma montagem de duas peças de altura média para uma visão óptica, criad"
Anéis de Suporte para Acoplar Lunetas de 30mm Perfil Alto - Vector Optics;126.00;Acessório;PH-7245;49;https://images.tcdn.com.br/img/img_prod/620600/aneis_de_suporte_para_acoplar_lunetas_de_30mm_perfil_alto_vector_optics_7245_1_3f209c92eafc49c1de48fd3a1642ea47_20260526151220.jpg;Anéis de Suporte para Acoplar Lunetas de 30mm Perfil Alto - Vector Optics O SCTM-08 é um conjunto de suportes de luneta de perfil alto para 
Binóculos Paragon 10x42 - Vector Optics;1860.00;Acessório;PH-7247;17;https://images.tcdn.com.br/img/img_prod/620600/binoculos_paragon_10x42_vector_optics_7247_1_60e8cee16375e396071915fc7f6d9a0e_20260526151321.jpg;Binóculos Paragon 10x42 - Vector Optics Binóculos Paragon 10x42 que lhe permitirão observar objetos distantes em perfeito foco. Fabricados e
Binóculos Sentinel 8x25 - Vector Optics;1073.00;Acessório;PH-7249;28;https://images.tcdn.com.br/img/img_prod/620600/binoculos_sentinel_8x25_vector_optics_7249_1_149a22b3ad94948c65c3619e34fa92ca_20260526151322.jpg;Binóculos Sentinel 8x25 - Vector Optics Sentinel 8x25 da Vector Optics é um binóculo clássico com um amplo campo de visão e ampliação de 8x2
Kit Bolsas para Tiro - Vector Optics;223.00;Acessório;PH-7253;8;https://images.tcdn.com.br/img/img_prod/620600/kit_bolsas_para_tiro_vector_optics_7253_1_afb116fc3851b73a2bfb87734b8f4e44_20260526150906.png;"Kit Bolsas para Tiro - Vector Optics Conjunto de saco muito prático para a mira de fuzil e pistola; Sacos vazios sem enchimento; Pode encher"
Lenços de Limpeza para Lentes - Vector Optics;29.00;Acessório;PH-7255;2;https://images.tcdn.com.br/img/img_prod/620600/lencos_de_limpeza_para_lentes_vector_optics_7255_1_fed4dc6f054d39988fb22a69be6d671b_20260526151050.jpg;"Lenços de Limpeza para Lentes - Vector Optics Toalhetes de lente pré-umedecidos: Limpeza segura e rápida de múltiplas superfícies de lentes;"
Luneta Constantine 1-10x24 SFP LPVO 1/2 MOA - Vector Optics SCOC-31;6388.00;Óptica;PH-7257;17;https://images.tcdn.com.br/img/img_prod/620600/luneta_constantine_1_10x24_sfp_vector_optics_1_20260526151149_08c6ad6e1ff7.jpg;Luneta Vector Optics Constantine 1-10x24 SFP LPVO (SCOC-31) Versatilidade Extrema: Zoom de 10x com Precisão de Red Dot e 120 MOA de Ajuste A
Luneta Constantine 1-8x24mm Premium SFP LPVO 1/10 MRAD - Vector Optics SCOC-27;5248.00;Óptica;PH-7259;13;https://images.tcdn.com.br/img/img_prod/620600/luneta_constantine_1_8x24_sfp_vector_optics_1_20260526151149_6c1c26c3f60c.jpg;Luneta Vector Optics Constantine 1-8x24 SFP (SCOC-27) – Premium LPVO Versatilidade em SFP: A Óptica LPVO Ideal para Disparos Rápidos e Preci
Luneta Vector Optics Forester JR. 1-4x24mm SFP SCOC-28;1659.00;Óptica;PH-7261;10;https://images.tcdn.com.br/img/img_prod/620600/luneta_forester_jr_1_4x24_vector_optics_1_20260526151149_359c374c2fa3.jpg;Luneta Vector Optics Forester JR. 1-4x24mm SFP (SCOC-28) Estilo LPVO e Visada Rápida: Tubo de 30mm, Sistema Turret Lock e Retículo VFD-3 A V
Red Dot Frenzy-S 1x17x24 MIC - Vector Optics;2313.00;Óptica;PH-7263;32;https://images.tcdn.com.br/img/img_prod/620600/red_dot_frenzy_s_1x17x24_mic_vector_optics_1_20260526151208_dc9bd70f972c.jpg;Mira Red Dot Frenzy-S 1x17x24 MIC SCRD-43 Vector Optics Chassi Ultra-Reduzido de 18,4g, Controle de Brilho Manual e Pegada RMSc / Shield O R
Luneta Hugo 4-16x44 SFP - Vector Optics;1904.00;Óptica;PH-7265;4;https://images.tcdn.com.br/img/img_prod/620600/luneta_hugo_4_16x44_sfp_vector_optics_1_20260526151149_9beb6f52fae4.jpg;Luneta Vector Optics HUGO 4-16x44 SFP (SCOL-29) Precisão e Portabilidade: Ideal para Caça de Pequenos Animais e Média Distância A HUGO 4-16x
Luneta Hugo 3-12x44 SFP - Vector Optics SCOM-30;1823.00;Óptica;PH-7267;7;https://images.tcdn.com.br/img/img_prod/620600/luneta_hugo_3_12x44_sfp_vector_optics_1_20260526151149_955391af1df9.jpg;"Luneta Victoptics Hugo 3-12x44 SFP (SCOM-30) Precisão HFT: Tubo de 1"", Paralaxe de 10 Jardas e Retículo VOW-10BDC A Hugo 3-12x44 SFP (SCOM-3"
Luneta Marksman 6-24x50 FFP - Vector Optics VEC-SCFF-26;4732.00;Óptica;PH-7269;7;https://images.tcdn.com.br/img/img_prod/620600/luneta_marksman_6_24x50_ffp_vector_optics_1_20260526151150_843677720603.jpg;Luneta Vector Optics Marksman 6-24x50 FFP (VEC-SCFF-26) Precisão Absoluta em Primeiro Plano Focal (FFP), Tubo de 30mm e Ajuste 1/10 MIL A Ma
Luneta Vector Optics Matiz 2-7x32mm MOA SCOM-33;1415.00;Óptica;PH-7271;5;https://images.tcdn.com.br/img/img_prod/620600/luneta_matiz_2_7x32_moa_vector_optics_1_20260526151150_1ffdeaf6695c.jpg;"Luneta Vector Optics Matiz 2-7x32mm MOA SFP (SCOM-33) Leveza e Aquisição Rápida: Tubo de 1"", Retículo VOW-MOA e Torres de Caça Protegidas co"
Luneta Matiz 3-9x40SFP MIL - Vector Optics;1469.00;Óptica;PH-7273;47;https://images.tcdn.com.br/img/img_prod/620600/luneta_matiz_3_9x40sfp_mil_vector_optics_1_20260526151150_1467b3d8a86e.jpg;"Luneta Victoptics Matiz 3-9x40 SFP MIL (SCOM-32) Leveza e Praticidade: Tubo de 1"", Sistema 1/10 MIL e Retículo VMD-2 A Matiz 3-9x40 SFP MIL "
Luneta Minotaur 10-50x60 SFP GenII MFL - Vector Optics VEC-SCOL-39;7067.00;Óptica;PH-7275;20;https://images.tcdn.com.br/img/img_prod/620600/luneta_minotaur_10_50x60_sfp_genii_mfl_vector_o_1_20260526151150_cc6ce3fbd42e.jpg;Luneta Vector Optics Minotaur 10-50x60 SFP GenII MFL (VEC-SCOL-39) Precisão de Bancada: Tubo de 34mm, Cliques de 1/8 MOA, Zero Stop e Foco d
Luneta Vector Optics Minotaur 12-60x60mm GNII MFL SFP SCOL-40;7339.00;Óptica;PH-7277;16;https://images.tcdn.com.br/img/img_prod/620600/luneta_minotaur_12_60x60_genii_mfl_sfp_vector_op_1_20260526151151_fda6699dbd07.jpg;Luneta Vector Optics Minotaur 12-60x60mm GenII MFL SFP (SCOL-40) Extremo Alcance e Alta Precisão: Tubo de 34mm, Retículo VEMP-LR Iluminado, 
Luneta Outback 3-12x40 SFP - Vector Optics VEC-SCOM-22;1372.00;Óptica;PH-7279;24;https://images.tcdn.com.br/img/img_prod/620600/luneta_outback_3_12x40sfp_vector_optics_1_20260526151152_3e3521134a69.jpg;"Luneta Vector Optics Outback 3-12x40 SFP (VEC-SCOM-22) Controle e Foco Lateral: Tubo de 1"", Retículo VMD-2 e Paralaxe desde 10 Jardas A Outb"
Red Dot Scrapper 1-29x2 MOA - Vector Optics;2528.00;Óptica;PH-7281;5;https://images.tcdn.com.br/img/img_prod/620600/red_dot_scrapper_1_29x2_moa_vector_optics_1_20260526151208_889adf21d742.jpg;Mira Red Dot Vector Optics Scrapper 1x29 – Máxima Robustez, Veloz Aquisição de Alvo e Versatilidade Profissional Red dot de alto desempenho 
Luneta Zalam 4-48x65 SFP 35mm - Vector Optics VEC-SCOL-25;9242.00;Óptica;PH-7283;14;https://images.tcdn.com.br/img/img_prod/620600/luneta_zalem_4_48x65_sfp_35mm_vector_optics_1_20260526151153_975164a300fd.jpg;Luneta Vector Optics Zalem 4-48x65mm SFP 35mm (VEC-SCOL-25) Extremo Alcance e Alta Precisão: Monotubo de 35mm, Zoom de 48x, Ajuste Fino de 1
Capa para Arma 30-30 Outdoors Lona/Couro com Divisória Interna 112cm;833.33;Acessório;PH-7287;16;https://images.tcdn.com.br/img/img_prod/620600/capa_para_arma_30_30_outdoors_lona_couro_com_divisoria_interna_112cm_7287_1_c2fa035e4b79618384f2b896f21a4102_20260526150906.jpg;Capa para Arma 30-30 Outdoors Lona/Couro com Divisória Interna 112cm A Capa para Arma 30-30 Outdoors é um produto que oferece proteção e pra
Capa para Arma 30-30 Outdoors Lona/Couro com Divisória Interna 100cm;833.33;Acessório;PH-7289;14;https://images.tcdn.com.br/img/img_prod/620600/capa_para_arma_30_30outdoors_lona_couro_com_divisoria_interna_100cm_7289_5_373f5030343d66260ccf1d712a9df04c_20260526150906.jpg;Capa para Arma 30-30 Outdoors Lona/Couro com Divisória Interna 100cm A Capa para Arma 30-30 Outdoors é um produto que oferece proteção e pra
Capa para Arma com Luneta 30-30 Outdoors Lona/Couro 130cm;1000.00;Acessório;PH-7291;3;https://images.tcdn.com.br/img/img_prod/620600/capa_para_rifle_com_luneta_30_30_outdoors_lona_couro_130cm_7291_1_94eebe0720652ffd8429c6a5dab5fe6c_20260526150906.jpg;Capa para Arma com Luneta 30-30 Outdoors Lona/Couro 130cm A Capa para Rifle com Luneta 30-30 Outdoors é um produto que consiste em uma capa 
Capa para Arma com Luneta 30-30 Outdoors Lona/Couro 112cm;1000.00;Acessório;PH-7293;3;https://images.tcdn.com.br/img/img_prod/620600/capa_para_rifle_com_luneta_30_30_outdoors_lona_couro_112cm_7293_1_dca0869825e957629dc08b4809bbc673_20260526150907.jpg;Capa para Arma com Luneta 30-30 Outdoors Lona/Couro 112cm A Capa para Rifle com Luneta 30-30Outdoors é um produto que consiste em uma capa d
Coldre Velado Kydex para Glock 19/19X/25/44/45 c/ lanterna Olight Baldr PRO - 30-30 Outdoors;634.00;Acessório;PH-7295;5;https://images.tcdn.com.br/img/img_prod/620600/coldre_velado_de_kydex_da_30_30_outdoors_para_modelo_glock_19_olight_baldr_pro_7295_1_31d353dd3e984adb0c8f581da98ada23_20260526151055.jpg;Coldre Velado Kydex 30-30 Outdoors para Glock 19/19X/25/44/45 c/ lanterna Olight Baldr PRO O Coldre Velado de Kydex da 30-30 Outdoors é um c
Coldre Velado Kydex para Glock 19/19X/25/44/45 c/ Lanterna Olight Baldr Mini - 30-30 Outdoors;634.00;Acessório;PH-7297;5;https://images.tcdn.com.br/img/img_prod/620600/coldre_velado_de_kydex_da_30_30_outdoors_para_modelo_glock_19_olight_baldr_mini_7297_1_598afa1d66be134bec16c0458e79f5d8_20260526151055.jpg;Coldre Velado Kydex 30-30 Outdoors para Glock 19/19X/25/44/45 c/ Lanterna Olight Baldr Mini O Coldre Velado de Kydex da 30-30 Outdoors é pro
Coldre Velado Kydex para Taurus G2C Olight Baldr Mini - 30-30 Outdoors;634.00;Acessório;PH-7299;6;https://images.tcdn.com.br/img/img_prod/620600/coldre_velado_de_kydex_da_30_30_outdoors_para_modelo_taurus_g2c_olight_baldr_mini_7299_1_08da98043bc51a6b3920a002329d92f1_20260526151055.jpg;Coldre Velado de Kydex da 30-30 Outdoors para Modelo Taurus G2C Olight Baldr Mini O Coldre Velado de Kydex da 30-30 Outdoors para o modelo T
Coldre Velado Kydex para Glock 17 c/ Red Dot - 30-30 Outdoors;387.00;Acessório;PH-7301;6;https://images.tcdn.com.br/img/img_prod/620600/coldre_velado_de_kydex_da_30_30_outdoors_modelo_glock_17_22_31_red_dot_preto_7301_1_b217ab184e243ff693f2f522dcfc2fc7_20260526151055.jpg;Coldre Velado Kydex 30-30 Outdoors para Glock 17 c/ Red Dot O Coldre Velado de Kydex da 30-30 Outdoors é projetado para o Modelo Glock 17/22
Coldre Velado Kydex para Glock 17 c/ Red Dot (Canhoto) - 30-30 Outdoors;387.00;Acessório;PH-7303;3;https://images.tcdn.com.br/img/img_prod/620600/coldre_velado_de_kydex_para_canhoto_da_30_30_outdoors_modelo_glock_17_22_31_red_dot_preto_7303_1_92568e8b1d6632d89d8ef266e23e8c79_20260526151055.jpg;Coldre Velado Kydex 30-30 Outdoors para Glock 17 c/ Red Dot para Canhoto O Coldre Velado de Kydex para Canhoto da 30-30 Outdoors é um coldre
Coldre Velado Kydex para Glock 19/19X/25/44/45 c/ Red Dot - 30-30 Outdoors;387.00;Acessório;PH-7305;7;https://images.tcdn.com.br/img/img_prod/620600/coldre_velado_kydex_30_30_outdoors_modelo_red_dot_glock_19_23_32_preto_7305_1_ee48d9c0bcf0201606b8b4869faefb83_20260526151055.jpg;Coldre de uso velado Kydex 30-30 Outdoors para Glock 19/19X/25/44/4 5 c/ Red Dot O coldre velado de fibra de carbono 30-30 Outdoors modelo G
Coldre Velado Kydex para Glock 19/19X/25/44/45 c/ Red Dot (Canhoto) - 30-30 Outdoors;387.00;Acessório;PH-7307;2;https://images.tcdn.com.br/img/img_prod/620600/coldre_velado_kydex_para_canhoto_30_30_outdoors_modelo_red_dot_glock_19_23_32_preto_7307_1_936b2e66f4efa305d5201f03d1de9a40_20260526151055.jpg;Coldre Velado Kydex 30-30 Outdoors para Glock 19/19X/25/44/45 c/ Red Dot para Canhoto O coldre velado de fibra de carbono 30-30 Outdoors mod
Coldre Velado Kydex para Glock 20/21/22/32 c/ Red Dot - 30-30 Outdoors;387.00;Acessório;PH-7309;13;https://images.tcdn.com.br/img/img_prod/620600/coldre_velado_kydex_30_30_outdoors_modelo_red_dot_glock_20_21_preto_7309_1_be1d50f9c625b58149c4ae526adb0bf6_20260526151055.jpg;Coldre Velado Kydex 30-30 Outdoors para Glock 20/21/22/32 c/ Red Dot O Coldre Velado de Fibra de Carbono da 30-30 Outdoors é projetado para 
Coldre Velado Kydex para Glock 26/28 c/ Red Dot - 30-30 Outdoors;387.00;Acessório;PH-7311;10;https://images.tcdn.com.br/img/img_prod/620600/coldre_velado_kydex_para_glock_2628_c_red_dot_30_1_20260526151055_6e264d2473a8.jpg;Coldre Velado Kydex 30-30 Outdoors para Glock 26/28 c/ Red Dot O Coldre Velado Fibra de Carbono 30-30 Outdoors Modelo Glock 26/27/33 é um co
Coldre Velado Kydex para Glock 26/28 c/ Red Dot (Canhoto)  - 30-30 Outdoors;387.00;Acessório;PH-7313;4;https://images.tcdn.com.br/img/img_prod/620600/coldre_velado_kydex_para_canhoto_30_30_outdoors_modelo_red_dot_glock_26_27_33_preto_7313_1_f9e062b52aba729a3aec0653a49bc6d4_20260526151055.jpg;Coldre Velado Kydex 30-30 Outdoors para Glock 26/28 c/ Red Dot para Canhoto O Coldre Velado Fibra de Carbono 30-30 Outdoors Modelo Glock 26/
Coldre Velado Kydex para Glock 42 c/ Red Dot - 30-30 Outdoors;387.00;Acessório;PH-7315;2;https://images.tcdn.com.br/img/img_prod/620600/coldre_velado_de_kydex_30_30_outdoors_modelo_glock_42_c_red_dot_preto_7315_1_c8740516c92d8a498273e916718a0ec0_20260526151055.jpg;Coldre Velado de Kydex 30-30 Outdoors Modelo Glock 42 c/ Red Dot Preto O Coldre Velado de Kydex 30-30 Outdoors Modelo Glock 42 com Red Dot P
Coldre Velado Kydex para Glock 43 c/ Red Dot - 30-30 Outdoors;387.00;Acessório;PH-7317;2;https://images.tcdn.com.br/img/img_prod/620600/coldre_velado_de_kydex_30_30_outdoors_modelo_glock_43_c_red_dot_preto_7317_1_f73dc6200d30c6ec877674610a7d4892_20260526151056.jpg;Coldre Velado de Kydex 30-30 Outdoors Modelo Glock 43 c/ Red Dot Preto O Coldre Velado de Kydex 30-30 Outdoors Modelo Glock 43 com Red Dot P
Coldre Velado Kydex para Glock 48 c/ Red Dot - 30-30 Outdoors;387.00;Acessório;PH-7319;10;https://images.tcdn.com.br/img/img_prod/620600/coldre_velado_de_kydex_30_30_outdoors_modelo_glock_48_c_red_dot_preto_7319_1_cf89e86867c2d5d766bf7df415e53cb8_20260526151056.jpg;Coldre Velado de Kydex 30-30 Outdoors Modelo Glock 48 c/ Red Dot Preto Sobre a 30-30 Outdoors 30-30 Outdoors é uma empresa brasileira especi
Coldre Velado Kydex para Glock 43 c/ Red Dot (Canhoto) - 30-30 Outdoors;387.00;Acessório;PH-7321;4;https://images.tcdn.com.br/img/img_prod/620600/coldre_velado_de_kydex_para_canhoto_30_30_outdoors_modelo_glock_43_c_red_dot_preto_7321_1_7e70e284946c178e0c1b76017e0ea824_20260526151056.jpg;Coldre Velado de Kydex para Canhoto 30-30 Outdoors Modelo Glock 43 c/ Red Dot Preto O Coldre Velado de Kydex para Canhoto 30-30 Outdoors Mod
Coldre Velado Kydex para SIG P320 Full Size c/ Red Dot - 30-30 Outdoors;387.00;Acessório;PH-7323;6;https://images.tcdn.com.br/img/img_prod/620600/coldre_velado_de_kydex_30_30_outdoors_modelo_sig_p320_full_size_c_red_dot_preto_7323_1_01088498810a2c88e94e98d1ca836ace_20260526151056.jpg;Coldre Velado de Kydex 30-30 Outdoors Modelo SIG P320 Full Size c/ Red Dot Preto O Coldre Velado de Kydex Modelo SIG P320 Full Size é um col
Coldre Velado Kydex para SIG P365 c/ Red Dot - 30-30 Outdoors;387.00;Acessório;PH-7325;2;https://images.tcdn.com.br/img/img_prod/620600/coldre_velado_de_kydex_30_30_outdoors_modelo_sig_p365_c_red_dot_preto_7325_1_99d7c8bb66cc07baf2ed3d285ff5bc2d_20260526151056.jpg;Coldre Velado de Kydex 30-30 Outdoors Modelo SIG P365 c/ Red Dot O Coldre Velado de Kydex da 30-30 Outdoors é um coldre projetado especifica
Coldre Velado Kydex para SIG P320 Full Size c/ Red Dot (Canhoto) - 30-30 Outdoors;387.00;Acessório;PH-7327;2;https://images.tcdn.com.br/img/img_prod/620600/coldre_velado_de_kydex_para_canhoto_30_30_outdoors_modelo_sig_p320_full_size_c_red_dot_preto_7327_1_099d6f7eec9e78eabbb2c043f4b9d574_20260526151057.jpg;Coldre Velado de Kydex para Canhoto 30-30 Outdoors Modelo SIG P320 Full Size c/ Red Dot Preto O Coldre Velado de Kydex para Canhoto 30-30 Ou
Coldre Velado Kydex para SIG P365 c/ Red Dot (Canhoto) - 30-30 Outdoors;387.00;Acessório;PH-7329;2;https://images.tcdn.com.br/img/img_prod/620600/coldre_velado_de_kydex_para_canhoto_30_30_outdoors_modelo_sig_p365_c_red_dot_preto_7329_1_58a7a17f060982f9034319907438c5a9_20260526151057.jpg;Coldre Velado de Kydex para Canhoto 30-30 Outdoors Modelo SIG P365 c/ Red Dot Preto O Coldre Velado de Kydex para Canhoto 30-30 Outdoors Mod
Coldre Velado Kydex para Beretta 92FS c/ Red Dot - 30-30 Outdoors;387.00;Acessório;PH-7331;12;https://images.tcdn.com.br/img/img_prod/620600/coldre_velado_de_kydex_30_30_outdoors_modelo_beretta_92fs_c_red_dot_preto_7331_1_48db11a05e336c6f33afaed7784be55e_20260526151057.jpg;Coldre Velado de Kydex 30-30 Outdoors Modelo Beretta 92FS c/ Red Dot Preto O Coldre Velado de Kydex 30-30 Outdoors Modelo Beretta 92FS com R
Coldre Velado Kydex para Ruger LCP c/ Red Dot - 30-30 Outdoors;387.00;Acessório;PH-7333;10;https://images.tcdn.com.br/img/img_prod/620600/coldre_velado_de_kydex_30_30_outdoors_modelo_ruger_lcp_c_red_dot_preto_7333_1_fc73bf4e165220792fcf708fa55b2727_20260526151058.jpg;Coldre Velado de Kydex 30-30 Outdoors Modelo Ruger LCP c/ Red Dot Preto O Coldre Velado de Kydex 30-30 Outdoors Modelo Ruger LCP com Red Dot
Coldre Velado Kydex para Taurus G3C c/ Red Dot - 30-30 Outdoors;387.00;Acessório;PH-7335;19;https://images.tcdn.com.br/img/img_prod/620600/coldre_velado_de_kydex_30_30_outdoors_modelo_taurus_g3c_c_red_dot_preto_7335_1_bcbb4b41ae809d30682c6f1493c3aab6_20260526151058.jpg;Coldre Velado de Kydex 30-30 Outdoors Modelo Taurus G3C c/ Red Dot Preto O Coldre Velado de Kydex 30-30 Outdoors para o Modelo Taurus G3C co
Coldre Velado Kydex para Taurus G3C c/ Red Dot (Canhoto) - 30-30 Outdoors;387.00;Acessório;PH-7337;3;https://images.tcdn.com.br/img/img_prod/620600/coldre_velado_de_kydex_para_canhoto_30_30_outdoors_modelo_taurus_g3c_c_red_dot_preto_7337_1_b06e935a8327ba6c5645f40b9a9410e1_20260526151058.jpg;Coldre Velado de Kydex para Canhoto 30-30 Outdoors Modelo Taurus G3C c/ Red Dot Preto O Coldre Velado de Kydex para Canhoto 30-30 Outdoors M
Coldre Velado Kydex para Taurus TS9 c/ Red Dot - 30-30 Outdoors;387.00;Acessório;PH-7339;10;https://images.tcdn.com.br/img/img_prod/620600/coldre_velado_de_kydex_30_30_outdoors_modelo_taurus_ts9_c_red_dot_preto_7339_1_76c94bff7475a12c229efbab8a577947_20260526151058.jpg;Coldre Velado de Kydex 30-30 Outdoors Modelo Taurus TS9 c/ Red Dot Preto O Coldre Velado de Kydex da 30-30 Outdoors é um equipamento de alta
Coldre Velado Kydex para Taurus TH9 c/ Red Dot - 30-30 Outdoors;387.00;Acessório;PH-7341;11;https://images.tcdn.com.br/img/img_prod/620600/coldre_velado_de_kydex_30_30_outdoors_modelo_taurus_th9_c_red_dot_preto_7341_1_404fbbc612c4218540cc9ae6bcb24784_20260526151058.jpg;Coldre Velado de Kydex 30-30 Outdoors Modelo Taurus TH9 c/ Red Dot Preto O Coldre Velado de Kydex 30-30 Outdoors Modelo Taurus TH9 c/ Red Do
Coldre Velado Kydex para Taurus GX4 c/ Red Dot - 30-30 Outdoors;387.00;Acessório;PH-7343;9;https://images.tcdn.com.br/img/img_prod/620600/coldre_velado_de_kydex_30_30_outdoors_modelo_taurus_gx4_c_red_dot_preto_7343_1_07a8fff7175afbcfde42720c4f7765e2_20260526151058.jpg;Coldre Velado de Kydex 30-30 Outdoors Modelo Taurus GX4 c/ Red Dot Preto O Coldre Velado de Kydex 30-30 Outdoors Modelo Taurus GX4 c/ Red Do
"Coldre Velado Kydex para Springfield XDS 3,3"" c/ Red Dot - 30-30 Outdoors";387.00;Acessório;PH-7345;13;https://images.tcdn.com.br/img/img_prod/620600/coldre_velado_de_kydex_30_30_outdoors_modelo_springfield_xds_3_3_c_red_dot_preto_7345_1_4e3f714d2fcbd38afc719779a5f1b514_20260526151058.jpg;"Coldre Velado de Kydex 30-30 Outdoors Modelo Springfield XDS 3,3"" c/ Red Dot Preto O Coldre Velado de Kydex 30-30 Outdoors Modelo Springfiel"
Coldre Velado Kydex para Springfield Hellcat c/ Red Dot - 30-30 Outdoors;387.00;Acessório;PH-7347;2;https://images.tcdn.com.br/img/img_prod/620600/coldre_velado_de_kydex_30_30_outdoors_modelo_springfield_hellcat_c_red_dot_7347_1_6540d6e77e162008f0cd806c4e368d4e_20260526151059.jpg;Coldre Velado de Kydex 30-30 Outdoors Modelo Springfield Hellcat c/ Red Dot Preto O Coldre Velado de Kydex 30-30 Outdoors Modelo Springfield
Coldre Velado Kydex para Springfield Hellcat c/ Red Dot (Canhoto) - 30-30 Outdoors;387.00;Acessório;PH-7349;3;https://images.tcdn.com.br/img/img_prod/620600/coldre_velado_de_kydex_para_canhoto_30_30_outdoors_modelo_springfield_hellcat_c_red_dot_7349_1_b312550f1a93dd64adf27df79c22c3a2_20260526151059.jpg;Coldre Velado de Kydex para Canhoto 30-30 Outdoors Modelo Springfield Hellcat c/ Red Dot Preto O Coldre Velado de Kydex para Canhoto 30-30 O
Coldre Velado Kydex para Colt 1911 c/ Red Dot - 30-30 Outdoors;387.00;Acessório;PH-7351;10;https://images.tcdn.com.br/img/img_prod/620600/coldre_velado_kydex_para_colt_1911_c_red_dot_30_1_20260526151059_48f946d98624.jpg;Coldre Velado de Kydex 30-30 Outdoors Modelo Colt 1911 c/ Red Dot Preto O Coldre Velado de Kydex 30-30 Outdoors Modelo Colt 1911 com Red Dot
Coldre Velado Kydex para Colt 1911 c/ Red Dot (Canhoto) - 30-30 Outdoors;387.00;Acessório;PH-7353;2;https://images.tcdn.com.br/img/img_prod/620600/coldre_velado_de_kydex_para_canhoto_30_30_outdoors_modelo_colt_1911_c_red_dot_preto_7353_1_9a5100fccf4c461234b00fadb6a45946_20260526151059.jpg;Coldre Velado de Kydex para Canhoto 30-30 Outdoors Modelo Colt 1911 c/ Red Dot Preto O Coldre Velado de Kydex para Canhoto 30-30 Outdoors Mo
Coldre Velado Kydex para CZ P10C c/ Red Dot - 30-30 Outdoors;387.00;Acessório;PH-7355;10;https://images.tcdn.com.br/img/img_prod/620600/coldre_velado_kydex_para_cz_p10c_c_red_dot_30_30_1_20260526151059_4cdee08dc997.jpg;Coldre Velado de Kydex 30-30 Outdoors Modelo CZ P10C c/ Red Dot Preto O Coldre Velado de Kydex 30-30 Outdoors Modelo CZ P10C com Red Dot é u
Coldre Velado Fibra de Carbono para Glock 17 - 30-30 Outdoors;560.00;Acessório;PH-7357;8;https://images.tcdn.com.br/img/img_prod/620600/coldre_velado_fibra_de_carbono_30_30_outdoors_modelo_glock_17_22_31_7357_1_92e97dc222d0f8ba58c73b05de450e17_20260526151059.jpg;Coldre Velado Fibra de Carbono 30-30 Outdoors para Glock 17 O Coldre Velado Fibra de Carbono 30-30 Outdoors Modelo Glock 17/22/31 é um coldr
Coldre Velado Fibra de Carbono para Glock 17 (Canhoto) - 30-30 Outdoors;560.00;Acessório;PH-7359;2;https://images.tcdn.com.br/img/img_prod/620600/coldre_velado_fibra_de_carbono_para_canhoto_30_30_outdoors_modelo_glock_17_22_31_preto_7359_1_ea575039c75a8ec54bbbecb93696693a_20260526151100.jpg;Coldre Velado Fibra de Carbono 30-30 Outdoors para Glock 17 para Canhoto O Coldre Velado Fibra de Carbono 30-30 Outdoors Modelo Glock 17/22/
Coldre Velado Fibra de Carbono para Glock 19/19X/25/44/45 (Canhoto) - 30-30 Outdoors;560.00;Acessório;PH-7361;3;https://images.tcdn.com.br/img/img_prod/620600/coldre_velado_fibra_de_carbono_para_canhoto_30_30_outdoors_modelo_glock_19_23_32_preto_7361_1_b214825bcdcfe71143f05ef59575d8a5_20260526151101.jpg;Coldre Velado Fibra de Carbono 30-30 Outdoors para Glock 19/19X/25/44/45 para Canhoto O Coldre Velado de Fibra de Carbono da 30-30 Outdoors 
Coldre Velado Fibra de Carbono para Glock 19/19X/25/44/45 - 30-30 Outdoors;560.00;Acessório;PH-7363;17;https://images.tcdn.com.br/img/img_prod/620600/coldre_velado_fibra_de_carbono_30_30_outdoors_modelo_glock_19_23_32_7363_1_c1942f6b2237b4288dafbd1f71de43e8_20260526151101.jpg;Coldre Velado Fibra de Carbono 30-30 Outdoors para Glock 19/19X/25/44/45 O Coldre Velado Fibra de Carbono 30-30 Outdoors é um coldre persona
Coldre Velado Fibra de Carbono para Glock 20/21/22/32 - 30-30 Outdoors;560.00;Acessório;PH-7365;9;https://images.tcdn.com.br/img/img_prod/620600/coldre_velado_fibra_de_carbono_30_30_outdoors_modelo_glock_20_21_preto_7365_1_ee9faf9ff477e5fdbed0e8be0967c063_20260526151101.jpg;Coldre Velado Fibra de Carbono 30-30 Outdoors para Glock 20/21/22/32 O Coldre Velado Fibra de Carbono 30-30 Outdoors Modelo Glock 20/21 é um
Coldre Velado Fibra de Carbono para Glock 26/28 - 30-30 Outdoors;560.00;Acessório;PH-7367;11;https://images.tcdn.com.br/img/img_prod/620600/coldre_velado_fibra_de_carbono_para_glock_2628_3_1_20260526151101_ada001ad7d99.jpg;Coldre Velado Fibra de Carbono 30-30 Outdoors para Glock 26/28 O Coldre Velado Fibra de Carbono 30-30 Outdoors Modelo Glock 26/27/33 é um co
Coldre Velado Fibra de Carbono para Glock 42 - 30-30 Outdoors;560.00;Acessório;PH-7369;10;https://images.tcdn.com.br/img/img_prod/620600/coldre_velado_fibra_de_carbono_para_glock_42_30_1_20260526151101_7d71e9c30e58.jpg;Coldre Velado Fibra de Carbono 30-30 Outdoors Modelo Glock 42 Preto O Coldre Velado Fibra de Carbono 30-30 Outdoors Modelo Glock 42 é um col
Coldre Velado Fibra de Carbono para Glock 43 - 30-30 Outdoors;560.00;Acessório;PH-7371;2;https://images.tcdn.com.br/img/img_prod/620600/coldre_velado_fibra_de_carbono_para_glock_43_30_1_20260526151101_7e8fcda450d7.jpg;Coldre Velado Fibra de Carbono 30-30 Outdoors Modelo Glock 43 O Coldre Velado de Fibra de Carbono 30-30 Outdoors Modelo Glock 43 é um coldre
Coldre Velado Fibra de Carbono para Glock 48 - 30-30 Outdoors;560.00;Acessório;PH-7373;10;https://images.tcdn.com.br/img/img_prod/620600/coldre_velado_fibra_de_carbono_para_glock_48_30_1_20260526151102_e1f5a3744b75.jpg;Coldre Velado Fibra de Carbono 30-30 Outdoors Modelo Glock 48 Preto O Coldre Velado de Fibra de Carbono 30-30 Outdoors Modelo Glock 48 é um 
Coldre Velado Fibra de Carbono para SIG P320 Full Size - 30-30 Outdoors;560.00;Acessório;PH-7375;13;https://images.tcdn.com.br/img/img_prod/620600/coldre_velado_fibra_de_carbono_30_30_outdoors_modelo_sig_p320_full_size_preto_7375_1_510a3638d5aab1b2ca8288b29418a9e9_20260526151102.jpg;Coldre Velado Fibra de Carbono 30-30 Outdoors Modelo SIG P320 Full Size O Coldre Velado de Fibra de Carbono 30-30 Outdoors Modelo SIG P320 F
Coldre Velado Fibra de Carbono para SIG P365 - 30-30 Outdoors;560.00;Acessório;PH-7377;21;https://images.tcdn.com.br/img/img_prod/620600/coldre_velado_fibra_de_carbono_para_sig_p365_30_1_20260526151102_a935f82f5c28.jpg;Coldre Velado Fibra de Carbono 30-30 Outdoors Modelo SIG P365 Preto O Coldre Velado Fibra de Carbono 30-30 Outdoors para o modelo SIG P365 é
Coldre Ostensivo Kydex para Glock 17 TLR1 c/ Lanterna - 30-30 Outdoors;749.00;Acessório;PH-7379;11;https://images.tcdn.com.br/img/img_prod/620600/coldre_ostensivo_kydex_para_glock_17_tlr1_c_lanter_1_20260526151102_95a5e8dc6175.jpg;Coldre Ostensivo de Kydex 30-30 Outdoors Modelo Glock 17 TLR1 com Lanterna O Coldre Ostensivo 30-30 Outdoors Modelo Glock 17 TLR1 é um produ
Coldre Ostensivo Kydex para Glock 17 Olight Baldr PRO c/ Lanterna - 30-30 Outdoors;749.00;Acessório;PH-7381;11;https://images.tcdn.com.br/img/img_prod/620600/coldre_ostensivo_kydex_para_glock_17_olight_baldr_1_20260526151102_b5646b2a7ab7.jpg;Coldre Ostensivo de Kydex 30-30 Outdoors Modelo Glock 17 Olight Baldr PRO com Lanterna O Coldre Ostensivo 30-30 Outdoors é um produto projet
Coldre Transparente Kydex para Colt 1911 c/ Red Dot - 30-30 Outdoors;634.00;Acessório;PH-7383;32;https://images.tcdn.com.br/img/img_prod/620600/coldre_transparente_kydex_para_colt_1911_c_red_dot_1_20260526151102_bf20942cc2b4.jpg;Coldre Transparente Kydex 30-30 Outdoors Modelo 1911 com Red Dot O Coldre Transparente Kydex 30-30 Outdoors Modelo 1911 com Red Dot é um ace
Coldre Transparente Ostensivo para Glock 17/17L/19/19X/25/34/44/45 - 30-30 Outdoors;634.00;Acessório;PH-7385;31;https://images.tcdn.com.br/img/img_prod/620600/coldre_transparente_ostensivo_para_glock_1717l1919_1_20260526151102_131580b33f1f.jpg;Coldre Transparente Ostensivo 30-30 Outdoors para Glock 17/17L/19/19X/25/34/44/45 O Coldre Transparente Kydex 30-30 Outdoors Modelo Glock 19
Coldre Ostensivo Kydex para Colt 1911 c/ Red Dot - 30-30 Outdoors;654.00;Acessório;PH-7387;21;https://images.tcdn.com.br/img/img_prod/620600/coldre_ostensivo_de_kydex_30_30_outdoors_modelo_colt_1911_com_red_dot_7387_1_4ded6ff47b5bb5fec43382e6416c8dd1_20260526151102.jpg;Coldre Ostensivo de Kydex 30-30 Outdoors Modelo Colt 1911 com Red Dot O Coldre Ostensivo de Kydex 30-30 Outdoors Modelo Colt 1911 com Red Do
Coldre Ostensivo Kydex para SIG P320 Full Size/Compacto c/ Red Dot - 30-30 Outdoors;654.00;Acessório;PH-7389;21;https://images.tcdn.com.br/img/img_prod/620600/coldre_ostensivo_kydex_para_sig_p320_full_sizecomp_1_20260526151102_a492fa7ae57a.jpg;Coldre Ostensivo de Kydex 30-30 Outdoors Modelo SIG P320 Full Size/Compacto c/ Red Dot O Coldre Ostensivo de Kydex 30-30 Outdoors Modelo SIG
Coldre Ostensivo Kydex para Glock 19/19X/25/44/45 c/ Red Dot  - 30-30 Outdoors;654.00;Acessório;PH-7391;24;https://images.tcdn.com.br/img/img_prod/620600/coldre_ostensivo_kydex_para_glock_1919x254445_c_re_1_20260526151103_dde887b9d943.jpg;Coldre Ostensivo Kydex 30-30 Outdoors para Glock 19/19X/25/44/45 c/ Red Dot O Coldre Ostensivo de Kydex 30-30 Outdoors Modelo Glock 17/19 co
Coldre Velado para Springfield HellCat com Revestimento Interno em Couro - 30-30 Outdoors;646.00;Acessório;PH-7393;11;https://images.tcdn.com.br/img/img_prod/620600/coldre_velado_para_springfield_hellcat_com_revesti_1_20260526151103_93907fda6476.jpg;Coldre Velado Revestimento Interno em Couro 30-30 Outdoors Modelo Springfield HellCat Preto O Coldre Velado com revestimento interno em cour
Coldre Velado para Ruger LCP com Revestimento Interno em Couro - 30-30 Outdoors;646.00;Acessório;PH-7395;2;https://images.tcdn.com.br/img/img_prod/620600/coldre_velado_para_ruger_lcp_com_revestimento_inte_1_20260526151104_905ffa6b7c54.jpg;Coldre Velado Revestimento Interno em Couro 30-30 Outdoors Modelo Ruger LCP Preto O Coldre Velado Revestimento Interno em Couro 30-30 Outdoo
Coldre Velado para SIG P365 com Revestimento Interno em Couro - 30-30 Outdoors;646.00;Acessório;PH-7397;11;https://images.tcdn.com.br/img/img_prod/620600/coldre_velado_para_sig_p365_com_revestimento_inter_1_20260526151103_440d1a4bb515.jpg;Coldre Velado Revestimento Interno em Couro 30-30 Outdoors Modelo SIG P365 Preto O Coldre Velado Revestimento Interno em Couro 30-30 Outdoor
Coldre Velado para Glock 43 com Revestimento Interno em Couro - 30-30 Outdoors;646.00;Acessório;PH-7399;21;https://images.tcdn.com.br/img/img_prod/620600/coldre_velado_para_glock_43_com_revestimento_inter_1_20260526151104_bc2c31c15a64.jpg;Coldre Velado Revestimento Interno em Couro 30-30 Outdoors Modelo Glock 43 Preto O Coldre Velado Revestimento Interno em Couro 30-30 Outdoor
Coldre Velado Kydex para Glock 19/19X/25/44/45 com Revestimento Interno em Couro - 30-30 Outdoors;646.00;Acessório;PH-7401;20;https://images.tcdn.com.br/img/img_prod/620600/coldre_velado_kydex_para_glock_1919x254445_com_rev_1_20260526151105_e56a18e3ae1b.jpg;Coldre Velado Kydex 30-30 Outdoors Revestimento Interno Couro - Glock O Coldre Velado em Kydex da 30-30 Outdoors é a opção definitiva para q
Coldre Velado Kydex para Glock 26/28 com Revestimento Interno em Couro - 30-30 Outdoors;646.00;Acessório;PH-7403;11;https://images.tcdn.com.br/img/img_prod/620600/coldre_velado_kydex_para_glock_2628_com_revestimen_1_20260526151104_adf3219d6a17.jpg;Coldre Velado Kydex 30-30 Outdoors Revestimento Interno em Couro para Glock 26/28 O Coldre Velado da 30-30 Outdoors é desenvolvido para usuá
Coldre Velado Fibra de Carbono para Bodyguard 380 - 30-30 Outdoors;560.00;Acessório;PH-7405;10;https://images.tcdn.com.br/img/img_prod/620600/coldre_velado_fibra_de_carbono_para_bodyguard_380_1_20260526151105_9cb72f6fff59.jpg;Coldre Velado Fibra de Carbono 30-30 Outdoors Modelo Bodyguard 380 O Coldre Velado Fibra de Carbono 30-30 Outdoors Modelo Bodyguard 380 é um
Coldre Velado Fibra de Carbono para CZ P10C - 30-30 Outdoors;560.00;Acessório;PH-7407;2;https://images.tcdn.com.br/img/img_prod/620600/coldre_velado_fibra_de_carbono_30_30_outdoors_modelo_cz_p10c_preto_7407_1_d962f126b08edb23f6244c176e795ef6_20260526151105.jpg;Coldre Velado Fibra de Carbono 30-30 Outdoors Modelo CZ P10C Preto O Coldre Velado Fibra de Carbono 30-30 Outdoors Modelo CZ P10C é um coldr
Coldre Velado Fibra de Carbono para Springfield HellCat (Canhoto) - 30-30 Outdoors;560.00;Acessório;PH-7409;2;https://images.tcdn.com.br/img/img_prod/620600/coldre_velado_fibra_de_carbono_para_springfield_he_2_20260526151105_3b620652f611.jpg;Coldre Velado Fibra de Carbono para Canhoto 30-30 Outdoors Modelo Springfield HellCat Preto O Coldre Velado de Fibra de Carbono 30-30 Outdoo
Coldre Velado Fibra de Carbono para Springfield HellCat - 30-30 Outdoors;560.00;Acessório;PH-7411;2;https://images.tcdn.com.br/img/img_prod/620600/coldre_velado_fibra_de_carbono_para_springfield_he_1_20260526151105_53e394700b2e.jpg;Coldre Velado Fibra de Carbono 30-30 Outdoors Modelo Springfield HellCat Preto O Coldre Velado Fibra de Carbono 30-30 Outdoors Modelo Spring
"Coldre Velado Fibra de Carbono para Springfield XDS 3,3"" - 30-30 Outdoors";560.00;Acessório;PH-7413;10;https://images.tcdn.com.br/img/img_prod/620600/coldre_velado_fibra_de_carbono_30_30_outdoors_modelo_springfield_xds_3_3_preto_7413_1_28aad7d7a6c53029a467cd6a0ffa640b_20260526151105.jpg;"Coldre Velado Fibra de Carbono 30-30 Outdoors Modelo Springfield XDS 3,3"" Preto O Coldre Velado Fibra de Carbono 30-30 Outdoors para Modelo "
Coldre Velado Fibra de Carbono para Taurus GX4 - 30-30 Outdoors;560.00;Acessório;PH-7415;10;https://images.tcdn.com.br/img/img_prod/620600/coldre_velado_fibra_de_carbono_para_taurus_gx4_3_1_20260526151105_e427d2ffeed5.jpg;Coldre Velado Fibra de Carbono 30-30 Outdoors Modelo Taurus GX4 Preto O coldre velado de fibra de carbono da 30-30 Outdoors é um produto de 
Coldre Velado Fibra de Carbono para Taurus TH9C - 30-30 Outdoors;560.00;Acessório;PH-7417;12;https://images.tcdn.com.br/img/img_prod/620600/coldre_velado_fibra_de_carbono_para_taurus_th9c_1_20260526151105_7ea4ab49e4df.jpg;Coldre Velado Fibra de Carbono 30-30 Outdoors Modelo Taurus TH9C Preto O Coldre Velado de Fibra de Carbono 30-30 Outdoors para o Modelo Taur
Coldre Velado Fibra de Carbono para Taurus TS9 - 30-30 Outdoors;560.00;Acessório;PH-7419;11;https://images.tcdn.com.br/img/img_prod/620600/coldre_velado_fibra_de_carbono_30_30_outdoors_modelo_taurus_ts9_preto_7419_1_37d048d54fc418b5cc51441956a5417c_20260526151105.jpg;Coldre Velado Fibra de Carbono 30-30 Outdoors Modelo Taurus TS9 Preto O Coldre Velado Fibra de Carbono 30-30 Outdoors Modelo Taurus TS9 é um
Coldre Velado Fibra de Carbono para Taurus G3C - 30-30 Outdoors;560.00;Acessório;PH-7421;11;https://images.tcdn.com.br/img/img_prod/620600/coldre_velado_fibra_de_carbono_para_taurus_g3c_3_1_20260526151106_a0f4e7c967a5.jpg;Coldre Velado Fibra de Carbono 30-30 Outdoors Modelo Taurus G3C Preto O Coldre Velado Fibra de Carbono 30-30 Outdoors Modelo Taurus G3C é um
Coldre Velado Fibra de Carbono para Ruger LCP - 30-30 Outdoors;560.00;Acessório;PH-7423;10;https://images.tcdn.com.br/img/img_prod/620600/coldre_velado_fibra_de_carbono_30_30_outdoors_modelo_ruger_lcp_preto_7423_1_991f8d1b2430735cea4d47a25c36fcbb_20260526151105.jpg;Coldre Velado 30-30 Outdoors em Fibra de Carbono – Ruger LCP Proteção Robusta, Leveza Extrema e Perfil Ultra-Slim para Porte Oculto O Coldre
Coldre Velado Fibra de Carbono para Beretta 92FS - 30-30 Outdoors;560.00;Acessório;PH-7425;10;https://images.tcdn.com.br/img/img_prod/620600/coldre_velado_fibra_de_carbono_30_30_outdoors_modelo_beretta_92fs_preto_7425_1_441c366e7942ed9b7974bd3ab6f651da_20260526151106.jpg;Coldre Velado Fibra de Carbono 30-30 Outdoors Modelo Beretta 92FS Preto O Coldre Velado de Fibra de Carbono da 30-30 Outdoors é projetado pa
Coldre Velado Fibra de Carbono para Colt 1911 (Canhoto) - 30-30 Outdoors;560.00;Acessório;PH-7427;3;https://images.tcdn.com.br/img/img_prod/620600/coldre_velado_fibra_de_carbono_para_canhoto_30_30_outdoors_modelo_colt_1911_preto_7427_1_ea575039c75a8ec54bbbecb93696693a_20260526151106.jpg;Coldre Velado Fibra de Carbono para Canhoto 30-30 Outdoors Modelo Colt 1911 Preto O Coldre Velado de Fibra de Carbono 30-30 Outdoors para o 
Coldre Velado Kydex para Taurus TH9C c/ Red Dot - 30-30 Outdoors;387.00;Acessório;PH-7429;2;https://images.tcdn.com.br/img/img_prod/620600/coldre_velado_kydex_para_taurus_th9c_c_red_dot_3_1_20260526151106_8e0c06aaca4f.jpg;Coldre Velado de Kydex 30-30 Outdoors Modelo Taurus TH9C c/ Red Dot Preto O Coldre Velado de Kydex 30-30 Outdoors Modelo Taurus TH9C é uma o
Coldre Velado Kydex para Glock 19/19X/25/44/45 c/ Lanterna Olight Baldr PRO (Canhoto) - 30-30 Outdoors;634.00;Acessório;PH-7431;2;https://images.tcdn.com.br/img/img_prod/620600/coldre_velado_kydex_para_glock_1919x254445_c_lante_1_20260526151107_f1632ae5fffb.jpg;Coldre Velado Kydex 30-30 Outdoors para Glock 19/19X/25/44/45 c/ lanterna Olight Baldr PRO para Canhoto O Coldre Velado de Kydex da 30-30 Ou
Coldre Velado Kydex para Glock 19/19X/25/44/45 c/ Lanterna Olight Baldr Mini (Canhoto) - 30-30 Outdoors;634.00;Acessório;PH-7433;2;https://images.tcdn.com.br/img/img_prod/620600/coldre_velado_de_kydex_para_canhoto_da_30_30_outdoors_para_modelo_glock_19_olight_baldr_mini_7433_1_06cae05948baac1b494e5460d1238437_20260526151107.jpg;Coldre Velado Kydex 30-30 Outdoors para Glock 19/19X/25/44/45 c/ Lanterna Olight Baldr Mini para Canhoto O Coldre Velado de Kydex da 30-30 O
Coldre Velado Kydex para Glock 20/21/22/32 c/ Red Dot (Canhoto) - 30-30 Outdoors;387.00;Acessório;PH-7435;2;https://images.tcdn.com.br/img/img_prod/620600/coldre_velado_kydex_para_canhoto_30_30_outdoors_modelo_red_dot_glock_20_21_preto_7435_1_38facb1fd6f7b2143cb10d3e44cd3a72_20260526151108.jpg;Coldre Velado Kydex 30-30 Outdoors para Glock 20/21/22/32 c/ Red Dot para Canhoto O Coldre Velado de Fibra de Carbono da 30-30 Outdoors é pr
Coldre Velado Kydex para Glock 42 c/ Red Dot (Canhoto) - 30-30 Outdoors;387.00;Acessório;PH-7437;11;https://images.tcdn.com.br/img/img_prod/620600/coldre_velado_kydex_para_glock_42_c_red_dot_canhot_1_20260526151108_0d91e59bae20.jpg;Coldre Velado de Kydex para Canhoto 30-30 Outdoors Modelo Glock 42 c/ Red Dot Preto O Coldre Velado de Kydex 30-30 Outdoors Modelo Glock 42 
Coldre Velado Kydex para Beretta 92FS c/ Red Dot (Canhoto) - 30-30 Outdoors;387.00;Acessório;PH-7439;2;https://images.tcdn.com.br/img/img_prod/620600/coldre_velado_kydex_para_beretta_92fs_c_red_dot_ca_1_20260526151109_604bb33a1aa7.jpg;Coldre Velado de Kydex para Canhoto 30-30 Outdoors Modelo Beretta 92FS c/ Red Dot Preto O Coldre Velado de Kydex 30-30 Outdoors Modelo Beret
Coldre Velado Kydex para Ruger LCP c/ Red Dot (Canhoto) - 30-30 Outdoors;387.00;Acessório;PH-7441;2;https://images.tcdn.com.br/img/img_prod/620600/coldre_velado_kydex_para_ruger_lcp_c_red_dot_canho_1_20260526151108_6c23d1a88cb9.jpg;Coldre Velado de Kydex para Canhoto 30-30 Outdoors Modelo Ruger LCP c/ Red Dot Preto O Coldre Velado de Kydex 30-30 Outdoors Modelo Ruger LC
Coldre Velado Kydex para Taurus TS9 c/ Red Dot (Canhoto) - 30-30 Outdoors;387.00;Acessório;PH-7443;2;https://images.tcdn.com.br/img/img_prod/620600/coldre_velado_de_kydex_para_canhoto_30_30_outdoors_modelo_taurus_ts9_c_red_dot_preto_7443_1_b3f450fe290f77798770c50a4c8d07ff_20260526151108.jpg;Coldre Velado de Kydex 30-30 Outdoors Modelo Taurus TS9 c/ Red Dot Preto O Coldre Velado de Kydex 30-30 Outdoors Modelo Taurus TS9 c/ Red Do
Coldre Velado Kydex para Taurus TH9 c/ Red Dot (Canhoto) - 30-30 Outdoors;387.00;Acessório;PH-7445;1;https://images.tcdn.com.br/img/img_prod/620600/coldre_velado_de_kydex_para_canhoto_30_30_outdoors_modelo_taurus_th9_c_red_dot_preto_7445_1_2499667386c201f0703978b3b6e3f0b6_20260526151109.jpg;Coldre Velado Kydex para Taurus TH9 c/ Red Dot (Canhoto) - 30-30 Outdoors O Coldre Velado de Kydex 30-30 Outdoors Modelo Taurus TH9 c/ Red D
Coldre Velado Kydex para Taurus GX4 c/ Red Dot (Canhoto) - 30-30 Outdoors;387.00;Acessório;PH-7447;2;https://images.tcdn.com.br/img/img_prod/620600/coldre_velado_kydex_para_taurus_gx4_c_red_dot_canh_1_20260526151109_39e81a66627c.jpg;Coldre Velado de Kydex para Canhoto 30-30 Outdoors Modelo Taurus GX4 c/ Red Dot O Coldre Velado de Kydex 30-30 Outdoors Modelo Taurus GX4 c/
"Coldre Velado Kydex para Springfield XDS 3,3"" c/ Red Dot (Canhoto) - 30-30 Outdoors";387.00;Acessório;PH-7449;2;https://images.tcdn.com.br/img/img_prod/620600/coldre_velado_kydex_para_springfield_xds_33_c_red_1_20260526151109_a0a8832d2d80.jpg;"Coldre Velado de Kydex para Canhoto 30-30 Outdoors Modelo Springfield XDS 3,3"" c/ Red Dot Preto O Coldre Velado de Kydex 30-30 Outdoors Mode"
Coldre Velado Kydex para CZ P10C c/ Red Dot (Canhoto) - 30-30 Outdoors;387.00;Acessório;PH-7451;2;https://images.tcdn.com.br/img/img_prod/620600/coldre_velado_kydex_para_cz_p10c_c_red_dot_canhoto_1_20260526151109_93c3099f4c5a.jpg;Coldre Velado de Kydex para Canhoto 30-30 Outdoors Modelo CZ P10C c/ Red Dot Preto O Coldre Velado de Kydex 30-30 Outdoors Modelo CZ P10C co
Coldre Velado Fibra de Carbono para Glock 20/21/22/32 (Canhoto) - 30-30 Outdoors;560.00;Acessório;PH-7453;2;https://images.tcdn.com.br/img/img_prod/620600/coldre_velado_fibra_de_carbono_para_glock_20212232_1_20260526151109_59513f686c7e.jpg;Coldre Velado Fibra de Carbono 30-30 Outdoors para Glock 20/21/22/32 para Canhoto O Coldre Velado Fibra de Carbono 30-30 Outdoors Modelo Glo
Coldre Velado Fibra de Carbono para Glock 26/28 (Canhoto)- 30-30 Outdoors;560.00;Acessório;PH-7455;2;https://images.tcdn.com.br/img/img_prod/620600/coldre_velado_fibra_de_carbono_para_glock_2628_can_1_20260526151109_acc4fc0bd7bf.jpg;Coldre Velado Fibra de Carbono 30-30 Outdoors para Glock 26/28 para Canhoto O Coldre Velado Fibra de Carbono 30-30 Outdoors Modelo Glock 26/
Coldre Velado Fibra de Carbono para Glock 42 (Canhoto) - 30-30 Outdoors;560.00;Acessório;PH-7457;2;https://images.tcdn.com.br/img/img_prod/620600/coldre_velado_fibra_de_carbono_para_glock_42_canho_1_20260526151110_b2b56a718db1.jpg;Coldre Velado Fibra de Carbono para Canhoto 30-30 Outdoors Modelo Glock 42 Preto O Coldre Velado Fibra de Carbono 30-30 Outdoors Modelo Gloc
Coldre Velado Fibra de Carbono para Glock 43 (Canhoto) - 30-30 Outdoors;560.00;Acessório;PH-7459;2;https://images.tcdn.com.br/img/img_prod/620600/coldre_velado_fibra_de_carbono_para_glock_43_canho_1_20260526151110_ee05aabbc62b.jpg;Coldre Velado Fibra de Carbono para Canhoto 30-30 Outdoors Modelo Glock 43 O Coldre Velado de Fibra de Carbono 30-30 Outdoors Modelo Glock 4
Coldre Velado Fibra de Carbono para Glock 48 (Canhoto) - 30-30 Outdoors;560.00;Acessório;PH-7461;2;https://images.tcdn.com.br/img/img_prod/620600/coldre_velado_fibra_de_carbono_para_glock_48_canho_1_20260526151110_b3c6e2508e24.jpg;Coldre Velado Fibra de Carbono para Canhoto 30-30 Outdoors Modelo Glock 48 O Coldre Velado de Fibra de Carbono 30-30 Outdoors Modelo Glock 4
Coldre Velado Fibra de Carbono para SIG P320 Full Size (Canhoto) - 30-30 Outdoors;560.00;Acessório;PH-7463;2;https://images.tcdn.com.br/img/img_prod/620600/coldre_velado_fibra_de_carbono_para_canhoto_30_30_outdoors_modelo_sig_p320_full_size_preto_7463_1_71000b78c45ff1a74728175429ea5551_20260526151110.jpg;Coldre Velado Fibra de Carbono para Canhoto 30-30 Outdoors Modelo SIG P320 Full Size O Coldre Velado de Fibra de Carbono 30-30 Outdoors Mode
Coldre Velado Fibra de Carbono para SIG P365 (Canhoto) - 30-30 Outdoors;560.00;Acessório;PH-7465;2;https://images.tcdn.com.br/img/img_prod/620600/coldre_velado_fibra_de_carbono_para_sig_p365_canho_1_20260526151110_be0298d666cd.jpg;Coldre Velado Fibra de Carbono para Canhoto 30-30 Outdoors Modelo SIG P365 O Coldre Velado Fibra de Carbono 30-30 Outdoors para o modelo SIG
Coldre Velado Fibra de Carbono para Beretta 92FS (Canhoto) - 30-30 Outdoors;560.00;Acessório;PH-7467;2;https://images.tcdn.com.br/img/img_prod/620600/coldre_velado_fibra_de_carbono_para_beretta_92fs_c_1_20260526151111_95f163a0c25e.jpg;Coldre Velado Fibra de Carbono para Canhoto 30-30 Outdoors Modelo Beretta 92FS Preto O Coldre Velado de Fibra de Carbono da 30-30 Outdoors é
Coldre Velado Fibra de Carbono para Ruger LCP (Canhoto) - 30-30 Outdoors;560.00;Acessório;PH-7469;2;https://images.tcdn.com.br/img/img_prod/620600/coldre_velado_fibra_de_carbono_para_canhoto_30_30_outdoors_modelo_ruger_lcp_preto_7469_1_e2e1cca307ac3249a671781ca9ff23bf_20260526151111.jpg;Coldre Velado Fibra de Carbono para Canhoto 30-30 Outdoors Modelo Ruger LCP Preto O Coldre Velado Fibra de Carbono 30-30 Outdoors Modelo LCP
Coldre Velado Fibra de Carbono para Taurus TS9 (Canhoto) - 30-30 Outdoors;560.00;Acessório;PH-7473;2;https://images.tcdn.com.br/img/img_prod/620600/coldre_velado_fibra_de_carbono_para_taurus_ts9_can_1_20260526151112_6d2f3b9eb4eb.jpg;Coldre Velado Fibra de Carbono para Canhoto 30-30 Outdoors Modelo Taurus TS9 Preto O Coldre Velado Fibra de Carbono 30-30 Outdoors Modelo Ta
Coldre Velado Fibra de Carbono para Taurus TH9C (Canhoto) - 30-30 Outdoors;560.00;Acessório;PH-7475;1;https://images.tcdn.com.br/img/img_prod/620600/coldre_velado_fibra_de_carbono_para_taurus_th9c_ca_1_20260526151112_ed288905af78.jpg;Coldre Velado Fibra de Carbono para Taurus TH9C (Canhoto) - 30-30 Outdoors O Coldre Velado de Fibra de Carbono 30-30 Outdoors Modelo Taurus 
Coldre Velado Fibra de Carbono para Taurus GX4 (Canhoto) - 30-30 Outdoors;560.00;Acessório;PH-7477;2;https://images.tcdn.com.br/img/img_prod/620600/coldre_velado_fibra_de_carbono_para_taurus_gx4_can_1_20260526151112_e352d9d6b4fc.jpg;Coldre Velado Fibra de Carbono para Canhoto 30-30 Outdoors Modelo Taurus GX4 Preto O coldre velado de fibra de carbono da 30-30 Outdoors é u
"Coldre Velado Fibra de Carbono para Springfield XDS 3,3"" (Canhoto) - 30-30 Outdoors";560.00;Acessório;PH-7479;2;https://images.tcdn.com.br/img/img_prod/620600/coldre_velado_fibra_de_carbono_para_springfield_xd_1_20260526151112_4b8dd99384a6.jpg;"Coldre Velado Fibra de Carbono para Canhoto 30-30 Outdoors Modelo Springfield XDS 3,3"" O Coldre Velado Fibra de Carbono 30-30 Outdoors para "
Coldre Velado Fibra de Carbono para Bodyguard 380 (Canhoto) - 30-30 Outdoors;560.00;Acessório;PH-7481;2;https://images.tcdn.com.br/img/img_prod/620600/coldre_velado_fibra_de_carbono_para_bodyguard_380_1_20260526151112_cb95a18db5e0.jpg;Coldre Velado Fibra de Carbono para Canhoto 30-30 Outdoors Modelo Bodyguard 380 O Coldre Velado Fibra de Carbono 30-30 Outdoors Modelo Bodyg
Coldre Velado Kydex para Taurus TH9C c/ Red Dot (Canhoto) - 30-30 Outdoors;387.00;Acessório;PH-7483;1;https://images.tcdn.com.br/img/img_prod/620600/coldre_velado_kydex_para_taurus_th9c_c_red_dot_can_1_20260526151113_d9e252da004e.jpg;Coldre Velado Kydex para Taurus TH9 c/ Red Dot (Canhoto) - 30-30 Outdoors O Coldre Velado de Kydex 30-30 Outdoors Modelo Taurus TH9C para ca
Coldre Ostensivo Kydex para Colt 1911 c/ Red Dot (Canhoto)  - 30-30 Outdoors;654.00;Acessório;PH-7485;2;https://images.tcdn.com.br/img/img_prod/620600/coldre_ostensivo_kydex_para_colt_1911_c_red_dot_ca_1_20260526151113_454be6636c3c.jpg;Coldre Ostensivo de Kydex para Canhoto 30-30 Outdoors Modelo Colt 1911 com Red Dot O Coldre Ostensivo de Kydex 30-30 Outdoors Modelo Colt 19
Coldre Ostensivo Kydex para SIG P320 Full Size/Compacto c/ Red Dot (Canhoto) - 30-30 Outdoors;654.00;Acessório;PH-7487;2;https://images.tcdn.com.br/img/img_prod/620600/coldre_ostensivo_kydex_para_sig_p320_full_sizecomp_1_20260526151113_91bfd6f241b5.jpg;Coldre Ostensivo de Kydex para Canhoto 30-30 Outdoors Modelo SIG P320 Full Size/Compacto c/ Red Dot O Coldre Ostensivo de Kydex 30-30 Outdoo
Coldre Ostensivo Kydex para Glock 19/19X/25/44/45 c/ Red Dot (Canhoto)  - 30-30 Outdoors;654.00;Acessório;PH-7489;2;https://images.tcdn.com.br/img/img_prod/620600/coldre_ostensivo_kydex_para_glock_1919x254445_c_re_1_20260526151113_48e3a4e03f5e.jpg;Coldre Ostensivo Kydex 30-30 Outdoors para Glock 19/19X/25/44/45 c/ Red Dot para Canhoto O Coldre Ostensivo de Kydex 30-30 Outdoors Modelo G
Coldre Velado Fibra de Carbono para Colt 1911 - 30-30 Outdoors;560.00;Acessório;PH-7493;19;https://images.tcdn.com.br/img/img_prod/620600/coldre_velado_fibra_de_carbono_30_30_outdoors_modelo_colt_1911_7493_1_4b9985e751590349d7531fb9613e9434_20260526151114.jpg;Coldre Velado Fibra de Carbono 30-30 Outdoors Modelo Colt 1911 O Coldre Velado Fibra de Carbono 30-30 Outdoors é um coldre personalizado par
Luneta Artemis 1-8x26 FFP - Vector Optics;6010.00;Óptica;PH-7537;1;https://images.tcdn.com.br/img/img_prod/620600/luneta_artemis_1_8x26_ffp_vector_optics_1_20260526151152_84405103c474.jpg;Luneta Vector Optics Artemis 1-8x26 FFP (SCFF-12) – Tubo 35mm A Elite do Tiro Tático: FFP, Tubo de 35mm e Performance de Transição Rápida A 
Bolso Vertical 2 Ziper Laser Cut Warfare - Verde;130.33;Acessório;PH-7539;4;https://images.tcdn.com.br/img/img_prod/620600/bolso_vertical_2_ziper_laser_cut_warfare_verde_7539_1_cb2f9d2db0d857300c73d62eefe9cca6_20260526150849.jpg;Bolso Vertical 2 Ziper Laser Cut Warfare - Verde Organize seus equipamentos com esse bolso modular vertical com 2 compartimentos. Guarde, lu
Bolso Vertical 2 Zip Laser Cut Warfare - Preto;130.33;Acessório;PH-7541;4;https://images.tcdn.com.br/img/img_prod/620600/bolso_vertical_2_zip_laser_cut_warfare_preto_7541_1_daaec6e0a9707accda40c371675c87c9_20260526150850.jpg;Bolso Vertical 2 Ziper Laser Cut Warfare - Preto Organize seus equipamentos com esse bolso modular vertical com 2 compartimentos. Guarde, lu
Bolso Mini Warfare - Verde;69.27;Acessório;PH-7543;2;https://images.tcdn.com.br/img/img_prod/620600/bolso_mini_warfare_verde_7543_1_8b357756e9bc249f5ef2f1bfb17ae854_20260526150851.jpg;Bolso Mini Warfare - Verde Um bolso versátil que pode carregar muita coisa de seus pertences pessoais em um só lugar. Com 2 bolsos um sobre 
Bolso Mini Warfare - Preto;69.27;Acessório;PH-7545;2;https://images.tcdn.com.br/img/img_prod/620600/bolso_mini_warfare_preto_7545_1_37c9759b679e34b2a6eac151b2bc45c1_20260526150851.jpg;Bolso Mini Warfare - Preto Um bolso versátil que pode carregar muita coisa de seus pertences pessoais em um só lugar. Com 2 bolsos um sobre 
Bandoleira 1 Ponta Cal 12 - Verde;88.29;Acessório;PH-7549;8;https://images.tcdn.com.br/img/img_prod/620600/bandoleira_1_ponta_cal_12_verde_7549_1_78276545ff1be40d3853346a5639e7cb_20260526150853.jpg;Bandoleira 1 Ponta Cal 12 - Verde A parte destacável da bandoleira é fixada com um nó de porco no delgado da coronha, proporcionando fácil f
Bandoleira 1 Ponta Cal 12 - Preto;88.29;Acessório;PH-7551;6;https://images.tcdn.com.br/img/img_prod/620600/bandoleira_1_ponta_cal_12_preto_7551_1_908d34094947e167e54f63a07f6b7935_20260526150853.jpg;Bandoleira 1 Ponta Cal 12 - PRETO A Bandoleira 1 Ponta Calibre 12 - Preto da Warfare é um equipamento de elite desenvolvido sob rigoroso pad
Porta Carregador Warfare Cal 12 Terminator 2 - Coyote;111.41;Acessório;PH-7553;4;https://images.tcdn.com.br/img/img_prod/620600/porta_carregador_warfare_cal_12_terminator_2_coyote_7553_2_fe460e6f16c6c90e101187a1ae6d6469_20260526150852.jpg;Porta Carregador Warfare Cal 12 Terminator 2 - Coyote O Porta-Carregador Terminator 2 da Warfare é a solução definitiva para o transporte co
Porta Carregador Warfare Cal 12 Terminator 2 - Verde;111.41;Acessório;PH-7555;4;https://images.tcdn.com.br/img/img_prod/620600/porta_carregador_warfare_cal_12_terminator_2_verde_7555_1_7a0430479891a34224bfa9aa493fe9d3_20260526150852.png;Porta Carregador Warfare Cal 12 Terminator 2 - Verde O porta-carregador TERMINATOR 2 para calibre 12 foi projetado visando ocupar um espaço 
Porta Carregador Warfare Cal 12 Terminator 2 - Preto;111.41;Acessório;PH-7557;1;https://images.tcdn.com.br/img/img_prod/620600/porta_carregador_warfare_cal_12_terminator_2_preto_7557_1_a53ddc2581c8bf10b448ec00b727c14d_20260526150852.jpg;Porta Carregador Warfare Cal 12 Terminator 2 - Preto O porta-carregador TERMINATOR 2 para calibre 12 foi projetado visando ocupar um espaço 
Bolso Vertical 2 Zip Laser Cut Warfare- Coyote;130.33;Acessório;PH-7559;2;https://images.tcdn.com.br/img/img_prod/620600/bolso_vertical_2_zip_laser_cut_warfare_coyote_7559_1_11750a89904520c08d87e69fc1de7ca7_20260526150852.jpg;Bolso Vertical 2 Ziper Laser Cut Warfare - Coyote Organize seus equipamentos com esse bolso modular vertical com 2 compartimentos. Guarde, l
Porta Carregador Warfare de Pistola 1X - Verde;55.71;Acessório;PH-7561;4;https://images.tcdn.com.br/img/img_prod/620600/porta_carregador_warfare_de_pistola_1x_verde_7561_1_9244d2059044f732c4921cc3f9a7f6b7_20260526150852.jpg;Porta Carregador Warfare de Pistola 1X - Verde Porta Carregador de Pistola versátil e funcional! Possui 1 compartimento com tampa removível 
Porta Carregador Warfare de Pistola 1X - Preto;55.71;Acessório;PH-7563;2;https://images.tcdn.com.br/img/img_prod/620600/porta_carregador_warfare_de_pistola_1x_preto_7563_1_dcb2bcae40ffa22baaec7785240142f9_20260526150852.jpg;Porta Carregador Warfare de Pistola 1X - Preto Porta Carregador de Pistola versátil e funcional! Possui 1 compartimento com tampa removível 
Porta Carregador Warfare de Pistola 1X - Coyote;55.71;Acessório;PH-7565;4;https://images.tcdn.com.br/img/img_prod/620600/porta_carregador_warfare_de_pistola_1x_coyote_7565_1_87f4d68cca2c5479a8079a69acf042ce_20260526150852.jpg;Porta Carregador Warfare de Pistola 1X - Coyote O Porta Carregador Warfare de Pistola 1X - Coyote redefine a versatilidade operacional para 
Munição CBC Cal 9mm Luger LPC PolyMatch 147gr Cx 50 Unidades;335.95;Munição;PH-7567;50;https://images.tcdn.com.br/img/img_prod/620600/munio_cbc_cal_9mm_luger_lpc_polymatch_147gr_cx_50_1_20260526151339_dcab8f8bfae8.jpg;Munição CBC Calibre 9mm Luger LPC PolyMatch 147gr Alcance máxima performance com a munição CBC 9mm Polymatch! Ideal para treinos intensos e 
Munição CBC Cal .308 Win EXPT 150gr Cx 50 Unidades;1008.92;Munição;PH-7569;3;https://images.tcdn.com.br/img/img_prod/620600/munio_cbc_cal_308_win_expt_150gr_1_20260526151339_7976914e1a29.jpg;PRODUTO CONTROLADO PELO EXÉRCITO Este item requer autorização prévia para a realização da compra. Caso não possua a autorização, a compra se
Cartucho CBC Cal 28GA Câmara 70mm Chumbo 5 Cx 25 Unidades;231.60;Munição;PH-7571;125;https://images.tcdn.com.br/img/img_prod/620600/cartucho_cbc_cal_28ga_cmara_70mm_chumbo_5_cx_25_un_1_20260526151348_a3ba4099b9e7.jpg;Cartucho CBC Calibre 28GA Câmara 70mm Chumbo 5 CH-5 Cartucho carregado com bagos múltiplos de chumbo, fabricado com matérias-primas de alta 
Cartucho CBC Cal 36GA Câmara 63,5mm Velox Chumbo T Cx 10 Unidades;75.30;Munição;PH-7575;100;https://images.tcdn.com.br/img/img_prod/620600/cartucho_cbc_cal_36ga_cmara_635mm_velox_chumbo_t_c_1_20260526151348_251e48a79559.jpg;Cartucho CBC Calibre 36GA Câmara 63.5mm Chumbo T Cartucho carregado com bagos múltiplos de chumbo, fabricado com matérias-primas de alta qua
Funil da Base do Polvorimetro Dillon (Powder Measure Body - #22.273);1108.00;Acessório;PH-7579;86;https://images.tcdn.com.br/img/img_prod/620600/funil_da_base_do_polvorimetro_dillon_powder_measure_body_13_780_7579_1_965d146c56a077ae5532fced2ca875cd_20260526151313.jpg;Funil da Base do Polvorimetro DIllon (Powder Measure Body - #22.273) Funil metálico, base do polvorimetro Dillon (Powder Measure Body - #22.
Cartucho CBC Cal 36GA Câmara 63,5mm Chumbo 3 Cx 10 Unidades;81.20;Munição;PH-7581;10;https://images.tcdn.com.br/img/img_prod/620600/cartucho_cbc_cal_36ga_cmara_635mm_chumbo_3_cx_10_u_1_20260526151348_3e1d676681d8.jpg;Cartucho CBC Calibre 36GA Câmara 63.5mm Chumbo 3 10un Munição CBC calibre 36 Chumbo 3 Velocidade (m/s) Boca Energia na Boca (joules) Provete
"Handguard - RIS Vector Optics KeyMod Free Float 12""";564.70;Acessório;PH-7583;3;https://images.tcdn.com.br/img/img_prod/620600/handguard_ris_vector_optics_keymod_free_float_12_7583_1_072f95c11038bfeb96aae854695c53b7_20260526151123.jpg;"Handguard - RIS Vector Optics KeyMod Free Float 12"" Trilho superior plano Picatinny com 30 slots, feito com procedimento CNC para um estilo "
Coldre Velado Fibra de Carbono para Taurus TH9 - 30-30 Outdoors;560.00;Acessório;PH-7587;10;https://images.tcdn.com.br/img/img_prod/620600/coldre_velado_fibra_de_carbono_para_taurus_th9_3_1_20260526151114_6d80df8c2d39.jpg;Coldre Velado Fibra de Carbono para Taurus TH9 - 30-30 Outdoors O Coldre Velado de Fibra de Carbono 30-30 Outdoors Modelo Taurus TH9 é uma o
Coldre Velado Fibra de Carbono para Taurus TH9 (Canhoto) - 30-30 Outdoors;560.00;Acessório;PH-7589;1;https://images.tcdn.com.br/img/img_prod/620600/coldre_velado_fibra_de_carbono_para_taurus_th9_can_1_20260526151114_22db62c28111.jpg;Coldre Velado Fibra de Carbono para Taurus TH9 (Canhoto) - 30-30 Outdoors O Coldre Velado de Fibra de Carbono 30-30 Outdoors Modelo Taurus T
Kit 4 Hastes de Polimero para Limpeza;42.00;Acessório;PH-7590;52;https://images.tcdn.com.br/img/img_prod/620600/kit_4_hastes_de_polimero_para_limpeza_7590_1_7b873b2bb0869e4f333e4a2130ebba76_20260526151050.jpg;Kit 4 Hastes de Polímero para Limpeza Kit de Limpeza para Armas Vector Optics GPCK-4P. Este kit é composto por quatro pontas de limpeza de d
Red Dot Victoptics Z1 1x23x34 Dovetail - Vector Optics;365.00;Óptica;PH-7592;50;https://images.tcdn.com.br/img/img_prod/620600/red_dot_victoptics_z1_1x23x34_dovetail_vector_op_1_20260526151208_2f573cb8239d.jpg;Mira Red Dot Vector Optics Z1 1x23x34 (Dovetail 11mm) – Multi-Retículo Versatilidade Total com 4 Padrões de Retículo e Montagem para Trilho 
Red Dot Victopics Z1 1x23x34 Weaver - Vector Optics;300.00;Óptica;PH-7594;105;https://images.tcdn.com.br/img/img_prod/620600/red_dot_victopics_z1_1x23x34_weaver_vector_optic_1_20260526151208_9582e545f4ee.jpg;Mira Micro Red Dot Victoptics Z1 1x23x34 RDSL15 - BY Vector Optics Janela Panorâmica de 23x34mm: Sistema Multi-Retículo (4 Padrões), Ilumina
"Bipé de Fibra de Carbono 6-9"" Swivel Spring - Vector Optics";543.00;Acessório;PH-7598;8;https://images.tcdn.com.br/img/img_prod/620600/bipe_de_fibra_de_carbono_6_9_swivel_spring_vector_optics_7598_1_630bee98e287fbe6158a224979c7b8c1_20260526151251.jpg;"Bipé de Fibra de Carbono 6-9"" Swivel Spring - Vector Optics O bipé de fibra de carbono swivel spring da Vector Optics é conhecido por ser po"
Luneta Forester 1-5x24 Gen 2 SFP FDE 1/2 MOA - Vector Optics SCOC-32;2014.00;Óptica;PH-7602;23;https://images.tcdn.com.br/img/img_prod/620600/luneta_forester_1_5x24_gen_2_sfp_fde_12_moa_vect_1_20260526151154_6bde7c31ea79.jpg;Luneta Forester 1-5x24 Gen 2 SFP FDE 1/2 MOA - Vector Optics SCOC-32 A luneta SCOC-32 da Vector Optics é uma opção de alta qualidade para at
Red Dot Paragon 1x16 Micro Prism SCRD-61 Vector Optics;2260.00;Óptica;PH-7608;13;https://images.tcdn.com.br/img/img_prod/620600/luneta_paragon_1x16_micro_vector_optics_scps_m01_7608_1_b75caf5486768df3260de085454fff22_20260526151209.jpg;Mira Prismática Vector Optics Paragon 1x16 Micro Prism (SCPS-M01) Óptica Premium com Retículo Gravado, 76mm de Alívio Ocular e Nitidez de Bo
Luneta Hugo 6-24x50GT SFP 1/4 MOA - Vector Optics SCOL-32;1915.00;Óptica;PH-7610;27;https://images.tcdn.com.br/img/img_prod/620600/luneta_hugo_6_24x50gt_sfp_vector_optics_1_20260526151155_c285000c8ff9.jpg;Luneta Victoptics Hugo 6-24x50 GT SFP (SCOL-32) Potência Máxima: Zoom 6-24x, Objetiva de 50mm e Iluminação NV A Hugo 6-24x50 GT (SCOL-32) é 
Red Dot Frenzy 1x17x24  - Vector Optics;1403.00;Óptica;PH-7612;26;https://images.tcdn.com.br/img/img_prod/620600/red_dot_frenzy_1x17x24_vector_optics_1_20260526151209_75f4c037adbe.jpg;Mira Red Dot Vector Optics Frenzy 1x17x24 SCRD-19II (Padrão TEK / Docter) Ultra-Compacto, Pegada TEK/Docter e Autonomia de 50.000 Horas com 
Red Dot Frenzy 1x17x24 Coyote FDE - Vector Optics;1462.00;Óptica;PH-7614;29;https://images.tcdn.com.br/img/img_prod/620600/red_dot_frenzy_1x17x24_coyote_fde_vector_optics_1_20260526151210_777864b86a3b.jpg;Mira Red Dot Frenzy 1x17x24 Coyote FDE - Vector Optics Aumente o desempenho dos seus disparos com a Red Dot Frenzy 1x17x24 Coyote FDE - Vect
Red Dot Frenzy 1x22x26 VEC-SCRD-58 MOS Bronze  - Vector Optics;1816.00;Óptica;PH-7616;22;https://images.tcdn.com.br/img/img_prod/620600/mira_optronica_frenzy_1x22x26_mos_bronze_vector_optics_7616_1_a1c157070d83f7a40852e5c74e428171_20260526151210.jpg;Mira Red Dot Vector Optics Frenzy 1x22x26 MOS VEC-SCRD-58 Bronze Janela Extra Grande, Blindagem IPX7 com Acabamento Premium Bronze e Encaixe
Red Dot Frenzy 1x18x20 SOL Multi-Reticular - Vector Optics;2152.00;Óptica;PH-7620;22;https://images.tcdn.com.br/img/img_prod/620600/mira_optronica_frenzy_1x18x20_sol_multi_reticular_vector_optics_7620_1_886b7fdc738dfb884a8b9ae5fcb1f0f3_20260526151210.jpg;Mira Red Dot Vector Optics Frenzy Plus 1x18x20 Enclosed Solar Multi-Reticle (SCRD-SM63) Tecnologia Enclosed Blindada: Alimentação Híbrida So
Mount Picatinny para Red Dot TEK 40mm - Vector Optics;190.00;Acessório;PH-7622;51;https://images.tcdn.com.br/img/img_prod/620600/mount_vector_optics_para_red_dot_tek_40mm_7622_1_f9f0f174b3a5f81d1a7a0e076815adff_20260526151220.jpg;Mount Picatinny para Red Dot TEK 40mm - Vector Optics O Vector Optics SCRA-67 é um mount para red dot que pode ser usado com uma variedade d
Base de Montagem Inclinado para Red Dot com Encaixe Picatinny TEK - Vector Optics;228.00;Acessório;PH-7624;31;https://images.tcdn.com.br/img/img_prod/620600/base_de_montagem_inclinado_para_reddot_com_encaixe_picatinny_tek_vector_optics_7624_1_25ed586d32a370e6cf5de23a584d1d7d_20260526151220.jpg;Base de Montagem Inclinado para RedDot com Encaixe Picatinny TEK - Vector Optics O suporte de montagem inclinado para red dot SCFRM-01 da Ve
Red Dot Maverick-IV 1x20 MiniMIL - Vector Optics;1198.00;Óptica;PH-7628;13;https://images.tcdn.com.br/img/img_prod/620600/mira_optronica_maverick_1x20_minimil_vector_optics_7628_1_b73fa8336a10348cd6ac10d975ea3038_20260526151211.jpg;Mira Red Dot Vector Optics Maverick-IV 1x20 Mini Rubber Armored (SCRD-60) Ultra-Compacto, Blindagem Emborrachada e Montagem QD Cantilever O 
Red Dot Maverick-IV 1x20 MiniSOP FDE - Vector Optics;1198.00;Óptica;PH-7630;22;https://images.tcdn.com.br/img/img_prod/620600/red_dot_maverick_iv_1x20_minisop_fde_vector_opti_1_20260526151211_02c95a7e5c02.jpg;Mira Red Dot Vector Optics Maverick-IV 1x20 Mini Rubber Armored (SCRD-61) - FDE Compacto Tático com Blindagem FDE, Montagem QD e Co-Witness 
Mira Laser VipeRay Scrapper 510-532nM - Vector Optics;1067.00;Acessório;PH-7632;16;https://images.tcdn.com.br/img/img_prod/620600/mira_laser_viperay_scrapper_vrgl_p01_510_532nm_vector_optics_7632_12_ea522248498f511886b502b8d4753d0d_20260526151233.jpg;Mira Laser VipeRay Scrapper 510-532nM - Vector Optics A mira laser para pistola da Vector Optics, modelo VRGL-P01, é uma mira laser tática d
Mira Laser VipeRay Scrapper 510-532nM Coyote FDE - Vector Optics;1066.00;Acessório;PH-7634;17;https://images.tcdn.com.br/img/img_prod/620600/mira_laser_viperay_scrapper_510_532nm_coyote_fde_vector_optics_7634_2_ca8183cdd26e7db8251bf688625ed2d5_20260526151234.jpg;Mira Laser VipeRay Scrapper 510-532nM Coyote FDE - Vector Optics A mira laser para pistola da Vector Optics, modelo VRGL-P01, é uma mira las
Colimador para Calibre 7.62x39mm - Vector Optics;92.00;Acessório;PH-7636;14;https://images.tcdn.com.br/img/img_prod/620600/colimador_para_calibre_7_62x39mm_vector_optics_7636_3_bbde5a73daa43500ad9af064562798f0_20260526151240.jpg;Colimador para Calibre 7.62x39mm - Vector Optics O Colimador para arma calibre 7.62x39 é ideal para o ajuste e aferição de miras com precisã
Colimador para calibre .40 S&W - Vector Optics;112.00;Acessório;PH-7638;8;https://images.tcdn.com.br/img/img_prod/620600/colimador_para_calibre_40_s_amp_w_vector_optics_7638_1_791845378600c9e8792eedd75b7fd10d_20260526151241.jpg;Colimador para calibre .40 S&W - Vector Optics O colimador SCBCR-14 da Vector Optics é um acessório de precisão para ajuste e aferição de mi
"Trilho para acoplar Luneta/Red Dot  0,83"" - Vector Optics";61.00;Acessório;PH-7640;51;https://images.tcdn.com.br/img/img_prod/620600/trilho_para_acoplar_luneta_red_dot_0_83_vector_optics_7640_1_31e8aacafde4d7ab5002fe0ca2afc587_20260526151244.jpg;"Trilho de Elevação Picatinny 0,83"" Quick Release - Vector Optics O Trilho de Elevação da Vector Optics é a solução ideal para atiradores que"
"Trilho para acoplar Luneta/Red Dot  1"" - Vector Optics";61.00;Acessório;PH-7642;52;https://images.tcdn.com.br/img/img_prod/620600/trilho_para_acoplar_luneta_red_dot_1_vector_optics_7642_1_78e9bbee0c095e8159bdae38cc62afa6_20260526151244.jpg;"Trilho de Elevação Picatinny 1"" - Vector Optics O Trilho de Elevação de 1 polegada (25,4mm) da Vector Optics é a escolha ideal para atirador"
"Trilho Dovetail para acoplar Luneta/Red Dot 3,9"" - Vector Optics";84.00;Acessório;PH-7644;50;https://images.tcdn.com.br/img/img_prod/620600/trilho_para_acoplar_luneta_reddot_comprimento_3_9_vector_optics_7644_1_85baf951cb832fb25bf7436a7923fb33_20260526151244.jpg;Trilho de Conversão 11mm Dovetail p/ 21mm Picatinny Vector Optics SCRA-31 O Vector Optics SCRA-31 é a solução definitiva para atiradores que
Trilho com anéis para acoplar Luneta/Red Dot 30mm - Vector Optics;386.00;Acessório;PH-7646;30;https://images.tcdn.com.br/img/img_prod/620600/trilho_com_aneis_para_acoplar_luneta_reddot_xasr_3031_30mm_vector_optics_7646_7_de97eff61f597abac8f5fdb8ecf31905_20260526151221.jpg;Trilho com anéis para acoplar Luneta/RedDot 30mm - Vector Optics O Trilho com Anel para Acoplar Luneta/Red Dot Vector Optics XASR-3031 30mm 
Trilho com anéis para acoplar Luneta/Red Dot 30mm Coyote FDE - Vector Optics;452.00;Acessório;PH-7648;28;https://images.tcdn.com.br/img/img_prod/620600/trilho_com_aneis_para_acoplar_luneta_reddot_vector_optics_xasr_3035_30mm_bronze_7648_2_b9b68ea11471081fb5c9bc24eea08bac_20260526151222.jpg;Trilho com anéis para acoplar Luneta/RedDot 30mm Coyote FDE - Vector Optics O Trilho com Anel para Acoplar Luneta/Red Dot Vector Optics XASR
Kit 2x Suporte Mount Fixação Luneta 30mm Perfil Baixo 14mm;220.00;Acessório;PH-7650;10;https://images.tcdn.com.br/img/img_prod/620600/kit_2x_suporte_mount_fixacao_luneta_30mm_perfil_baixo_14mm_7650_1_88fcc1768977383f08dcab6f34a6b070_20260526151221.jpg;Kit 2x Suporte Mount Fixação Luneta 30mm Perfil Baixo 14mm Suporte de Baixa Altura para Luneta, do tipo braçadeiras, com um encaixe especial
Trilho com Anel para Acoplar Luneta/Red Dot 30mm - Vector Optics;293.00;Acessório;PH-7654;26;https://images.tcdn.com.br/img/img_prod/620600/trilho_com_anel_para_acoplar_luneta_reddot_30mm_vector_optics_7654_1_ca9aaba1456eb648930421c2f2c23613_20260526151222.jpg;Trilho com Anel para Acoplar Luneta/RedDot 30mm - Vector Optics O anel de suporte para lunetas da Vector Optics é um acessório de alta quali
Trilho com Anéis para Acoplar Luneta/Red Dot 30mm - Vector Optics;131.00;Acessório;PH-7656;46;https://images.tcdn.com.br/img/img_prod/620600/trilho_com_aneis_para_acoplar_luneta_reddot_30mm_vector_optics_7656_1_aa1852e74408658cbefedf98467f024f_20260526151223.jpg;Trilho com Anéis para Acoplar Luneta/RedDot 30mm - Vector Optics O anel de suporte para lunetas da Vector Optics é um produto de alta qualid
"Bipé Estilo Swivels 9-13,5"" - Vector Optics";593.00;Acessório;PH-7660;13;https://images.tcdn.com.br/img/img_prod/620600/bipe_estilo_swivels_9_13_5_vector_optics_7660_1_b5add417a6aae9f5256018286ea8464f_20260526151251.jpg;"Bipé Estilo Swivels 9-13,5"" - Vector Optics O bipé tático RSCFS-09 da Vector Optics combina alta resistência e leveza graças à sua construçã"
"Tripé BBS V 31-74"" - Vector Optics";1035.00;Acessório;PH-7662;7;https://images.tcdn.com.br/img/img_prod/620600/tripe_bbs_v_31_74_vector_optics_7662_3_a1cc3c909b6a9c298aa04eb8a5c462d1_20260526151252.jpg;"Tripé BBS V 31-74"" - Vector Optics O tripé para armas Vector Optics RSGR-08 é uma escolha ideal para atiradores que buscam portabilidade, ve"
Luneta Continental 5-30x56 SFP 1/4 MOA - Vector Optics SCOL-X22;5222.00;Óptica;PH-7666;4;https://images.tcdn.com.br/img/img_prod/620600/luneta_continental_5_30x56_sfp_scol_22x_vector_1_20260526151155_2ae51d60d799.jpg;Luneta Vector Optics Continental 5-30x56 SFP Hunting (SCOL-X22) Vidros Alemães Schott HT e Transmissão >90%: A Escolha Suprema para Caça de 
Red Dot Frenzy-S 1x17x24 AUT SCRD-55 Vector Optics;1830.00;Óptica;PH-7670;1;https://images.tcdn.com.br/img/img_prod/620600/mira_optronica_vector_optics_frenzy_scrd_55_1x17x24_aut_7670_3_c652daef1597faacb31cf4fa191f39ee_20260526151211.jpg;Mira Red Dot Vector Optics Frenzy 1x17x24 AUT Gold (SCRD-55) Gold Edition: Apenas 19,1g, Acabamento Banhado a Ouro, Brilho Automático e Pega
Colimador Mira Laser Verde com Encaixe Muzzle - Vector Optics;689.00;Acessório;PH-7672;16;https://images.tcdn.com.br/img/img_prod/620600/mira_laser_verde_com_encaixe_muzzle_vec_lbc03_7672_3_224e461a638fefea97d5fda0e95f7992_20260526151241.png;Colimador Mira Laser Verde com Encaixe Muzzle - Vector Optics O Colimador Laser é um dispositivo de colimação de laser que permite projetar 
Espaçador de Anel para Luneta  - Vector Optics;16.00;Acessório;PH-7674;11;https://images.tcdn.com.br/img/img_prod/620600/espacador_de_anel_para_luneta_vector_optics_7674_1_6b7dab54963960f43fa9f4eac3524246_20260526151223.jpg;Espaçador de Anel para Luneta - Vector Optics Adaptador projetado para anel de 30mm, converte anéis de 30mm para 1 polegada. Produto é feito
"Carabina PCP Aselkon MX5 Wood Cal 5.5mm 22""";12665.00;Arma;PH-7678;1;https://images.tcdn.com.br/img/img_prod/620600/carabina_pcp_aselkon_mx5_wood_cal_55mm_22_1_20260526150820_3e8b3b0c2860.jpg;"Carabina PCP Aselkon MX5 Wood Cal. 5.5mm (.22) 22"" A Carabina PCP Aselkon MX5 Wood Cal. 5.5mm (.22) 22"" une visual clássico em madeira com r"
"Carabina PCP Aselkon MX6 Wood Cal 5.5mm 22""";12665.00;Arma;PH-7680;1;https://images.tcdn.com.br/img/img_prod/620600/carabina_pcp_aselkon_mx6_wood_cal_55mm_22_1_20260526150819_48810531aa22.jpg;"Carabina PCP Aselkon MX6 Wood Cal 5.5mm 22"" O equipamento conta com Recoil de Conforto , um sistema desenvolvido com materiais especiais que"
"Carabina PCP Aselkon MX7 Wood Cal 5.5mm 22""";13870.00;Arma;PH-7682;1;https://images.tcdn.com.br/img/img_prod/620600/carabina_pcp_aselkon_mx7_wood_cal_55mm_22_1_20260526150821_e79fcbc873a5.jpg;"Carabina PCP Aselkon MX7 Wood Cal 5.5mm 22"" O modelo conta com Recoil de Conforto , um sistema desenvolvido com materiais especiais que evit"
"Carabina PCP Aselkon MX7 Black Cal 5.5mm 22""";13870.00;Arma;PH-7684;1;https://images.tcdn.com.br/img/img_prod/620600/carabina_pcp_aselkon_mx7_black_cal_55mm_22_1_20260526150821_26ea7be09fee.jpg;"Carabina PCP Aselkon MX7 Black Cal 5.5mm 22"" A Carabina PCP Aselkon MX7 Black Cal. 5.5mm (.22) 22"" combina precisão, conforto e um design mo"
"Carabina PCP Aselkon MX7-S 5.5mm 18""";13870.00;Arma;PH-7686;1;https://images.tcdn.com.br/img/img_prod/620600/carabina_pcp_aselkon_mx7_s_55mm_18_1_20260526150821_467c8c1abf41.jpg;"Carabina PCP Aselkon MX7-S Wood Cal 5.5mm 18"" A Carabina PCP Aselkon MX7-S Wood Cal. 5.5mm 22"" entrega uma combinação sólida de desempenho, "
"Carabina PCP Aselkon MX7-S Black Cal 5.5mm 18""";13870.00;Arma;PH-7688;1;https://images.tcdn.com.br/img/img_prod/620600/carabina_pcp_aselkon_mx7_s_black_cal_55mm_18_1_20260526150823_76f6670dd016.jpg;"Carabina PCP Aselkon MX7-S Black Cal 5.5mm 18"" A Carabina PCP Aselkon MX7-S Black Cal. 5.5mm (.22) 18"" entrega performance e ergonomia em um"
"Carabina PCP Aselkon MX9 Wood Cal 5.5mm 22""";12665.00;Arma;PH-7690;1;https://images.tcdn.com.br/img/img_prod/620600/carabina_pcp_aselkon_mx9_wood_cal_55mm_22_1_20260526150824_1fe258d911e3.jpg;"Carabina PCP Aselkon MX9 Wood Cal 5.5mm 22"" Recoil de Conforto É um sistema de bochecha obtido a partir de misturas especiais de matérias-pr"
Munição CBC Cal .308Win ETPT 180gr Cx 50 Unidades;957.24;Munição;PH-7692;800;https://images.tcdn.com.br/img/img_prod/620600/munio_cbc_cal_308win_etpt_180gr_1_20260526151339_3ae048e66cc5.jpg;Munição CBC Calibre .308Win ETPT 180GR Projétil de construção semelhante ao militar, dotado de grande penetração e longo alcance. Também uti
Munição CBC Cal .22 Magnum ETOG 40gr Target Cx 50 Unidades;229.68;Munição;PH-7694;750;https://images.tcdn.com.br/img/img_prod/620600/municao_cbc_cal_22wmr_etog_40gr_target_7694_1_9c3e1cc46d0c5d69dbbb210bba8098f2_20260526151339.jpg;Munição CBC Calibre .22 Magnum ETOG 40gr Target Com o projétil ETOG (Encamisado Total Ogival) possui alta velocidade e energia quando compar
"Rifle Anschutz 1782 D G - Cal. 243 Win 20""";60000.00;Arma;PH-7696;1;https://images.tcdn.com.br/img/img_prod/620600/rifle_anschutz_1782_d_g_cal_243_win_20_7696_1_51e193633dfb6c1f05f9b571f9a4e213_20260526150707.jpg;"Rifle Anschutz 1782 D G - Calibre 243 Win 20"" O rifle Anschutz 1761 HB GRS Bifrost é a escolha definitiva para atiradores exigentes e caçado"
"Pistola Tanfoglio Stock III Xtreme - Cal. 9x19mm  4,7""";45000.00;Arma;PH-7702;1;https://images.tcdn.com.br/img/img_prod/620600/pistola_tanfoglio_stock_iii_xtreme_cal_9x19mm_4_7_7702_1_6ab488b4634b2c33417599f388a28756_20260526150800.jpg;"Pistola Tanfoglio Stock III Xtreme - Calibre 9x19mm 4,7"" Marca Tanfoglio Comprimento Total 227mm Comprimento do Cano 4,7"" (121mm) Peso 1290g"
Carregador Magpul PMAG GL9 Glock 19 Cal 9mm - 15 Tiros;555.00;Acessório;PH-7710;92;https://images.tcdn.com.br/img/img_prod/620600/carregador_magpul_pmag_gl9_glock_19_15_tiros_7710_1_d6c97c6c721efc1114c1cbe2f2211a56_20260526150714.png;Para realizar a compra, é necessário entrar em contato através do telefone (047) 3041-4049 ou WhatsApp (47) 99119-0416 . Carregador Magpul P
Lanternas para Bike Fenix BC26R - 1600 Lúmens;1031.00;Acessório;PH-7712;7;https://images.tcdn.com.br/img/img_prod/620600/lanternas_para_bike_fenix_bc26r_1600_lmens_1_20260526150945_1302f72cb4d4.jpg;Lanterna para Bicicleta Fenix BC26R - 1600 Lúmens O Fenix BC26R é uma lanterna de bicicleta, construída para manter você pedalando durante a
Lanterna Camping Fenix CL26R PRO Cinza -  650 Lúmens;919.00;Acessório;PH-7714;8;https://images.tcdn.com.br/img/img_prod/620600/lanterna_para_camping_fenix_cl26r_pro_650_lumens_cinza_id_7714_5_bc9ac88a6748b1db72c11cef860c1146_20260526150946.jpeg;Lanterna Camping Fenix CL26R PRO Cinza - 650 Lúmens A Lanterna Fenix CL26R PRO permite que você ajuste a quantidade perfeita de luz. Gire o 
Lanterna de Cabeça Fenix HM61R V2.0 - 1600 Lumens;1031.00;Acessório;PH-7722;4;https://images.tcdn.com.br/img/img_prod/620600/lanterna_de_cabea_fenix_hm61r_v20_preto_1600_lum_1_20260526150941_bb0833e503d8.jpg;Lanterna de Cabeça Fenix HM61R V2.0 Preto - 1600 Lumens O Fenix HM61R V2.0 Headlamp foi atualizado para melhor desempenho. O grande botão de
Lanterna de Cabeça Fenix HM71R 2700 Lúmens;1374.00;Acessório;PH-7726;6;https://images.tcdn.com.br/img/img_prod/620600/lanterna_de_cabeca_fenix_hm71r_2700_lumens_id_7726_1_94ad6eeddcb3c512a97f6d8f8e7adbdd_20260526150943.jpeg;Lanterna de Cabeça e Angular Fenix HM71R - 2700 Lúmens A Lanterna Fenix HM71R é uma ferramenta de iluminação robusta e extremamente versátil
Lanterna para Caça Fenix HT18R - 2800 Lumens;1817.00;Acessório;PH-7728;0;https://images.tcdn.com.br/img/img_prod/620600/lanterna_fenix_ht18r_preta_2800_lumens_id_7728_1_426713904f4b9df58a7a0f9f84a5e483_20260526151042.jpeg;Lanterna para Caça Fenix HT18R - 2800 Lumens A Lanterna Fenix HT18R de Longa Distância é a evolução da popular HT18. Esta lanterna aprimorad
Lanterna para Caça Fenix HT32 - 2500 Lumens;2015.00;Acessório;PH-7730;18;https://images.tcdn.com.br/img/img_prod/620600/lanterna_fenix_ht32_preta_2800_lumens_id_7730_1_a47e72fa223c1b1e8b444bbc66cef27f_20260526151043.jpeg;Lanterna para Caça Fenix HT32 - 2500 Lumens A Lanterna Fenix HT32 é o equipamento que você precisa para a sua próxima caçada ou aventura ao 
Lanterna Tática Fenix LR40R V2.0 - 15.000 Lúmens;3811.00;Acessório;PH-7732;0;https://images.tcdn.com.br/img/img_prod/620600/lanterna_tatica_fenix_lr40r_v2_0_15000_lumens_preto_id_7732_1_82f325ea9c874a12cedc2bc35f987e13_20260526151001.jpeg;Lanterna Tática Fenix LR40R V2.0 - 15.000 Lumens A Lanterna de Busca Fenix LR40R V2.0 é um dispositivo de alto desempenho e recarregável, qu
Lanterna Tática Fenix PD35R - 1700 Lumens;1033.00;Acessório;PH-7736;27;https://images.tcdn.com.br/img/img_prod/620600/lanterna_ttica_fenix_pd35r_1700_lumens_1_20260526150921_f745fecbecb3.jpg;Lanterna Tática Fenix PD35R - 1700 Lumens A nova lanterna recarregável Fenix PD35R é a substituição aprimorada da popular lanterna Fenix UC3
Lanterna Tática Fenix PD36R  V2.0 - 1700 Lumens;1012.00;Acessório;PH-7738;32;https://images.tcdn.com.br/img/img_prod/620600/lanterna_ttica_fenix_pd36r_v20_1700_lumens_1_20260526150922_f408d9d827f1.jpg;Lanterna Tática Fenix PD36R V2.0 - 1700 Lumens A atualização de uma das lanternas mais vendidas da Fenix está aqui! A Fenix PD36R V2.0 é uma
Lanterna Tática Fenix PD40R V3.0 - 3000 Lumens;1533.00;Acessório;PH-7740;8;https://images.tcdn.com.br/img/img_prod/620600/lanterna_ttica_fenix_pd40r_v30_3000_lumens_2_20260526150922_2b4b25b964c0.jpg;Lanterna Tática Fenix PD40R V3.0 - 3000 Lumens A Lanterna Recarregável Fenix PD40R V3.0 é uma atualização que incorpora todas as melhorias q
Lanterna Tática Fenix TK11R LED - 1600 Lumens;968.00;Acessório;PH-7742;9;https://images.tcdn.com.br/img/img_prod/620600/lanterna_ttica_fenix_tk11r_led_1600_lumens_1_20260526150922_eb70e6ab4760.jpg;Lanterna Tática Fenix TK11R LED - 1600 Lumens A Lanterna Tática Fenix TK11R Recarregável oferece um feixe poderoso de 1600 lúmens que alcanç
Lanterna Tática Fenix TK20R UE Cobre Camo - 2800 Lumens;1571.00;Acessório;PH-7744;1;https://images.tcdn.com.br/img/img_prod/620600/lanterna_ttica_fenix_tk20r_ue_cobre_camo_2800_lu_1_20260526150922_87c168bc6781.jpg;Lanterna Tática Fenix TK20R UE Cobre Camo - 2800 Lumens A lanterna Fenix TK20R UE apresenta o novo interruptor tático FlexiSensa, que permit
Lanterna Tática Fenix TK20R UE Desert Sand - 2800 Lumens;1571.00;Acessório;PH-7746;5;https://images.tcdn.com.br/img/img_prod/620600/lanterna_ttica_fenix_tk20r_ue_desert_sand_2800_l_1_20260526150922_7bd705c4de78.jpg;Lanterna Tática Fenix TK20R UE Desert Sand - 2800 Lumens A lanterna Fenix TK20R UE apresenta o novo interruptor tático FlexiSensa, que permi
Lanterna Tática Fenix TK20R UE Tropical Green - 2800 Lumens;1571.00;Acessório;PH-7748;1;https://images.tcdn.com.br/img/img_prod/620600/lanterna_ttica_fenix_tk20r_ue_tropical_green_280_1_20260526150922_3c4d1290e5c4.jpg;Lanterna Tática Fenix TK20R UE Tropical Green - 2800 Lumens A lanterna Fenix TK20R UE apresenta o novo interruptor tático FlexiSensa, que pe
Lanterna Tática Fenix TK20R UE Gray - 2800 Lumens;1571.00;Acessório;PH-7750;4;https://images.tcdn.com.br/img/img_prod/620600/lanterna_ttica_fenix_tk20r_ue_gray_2800_lumens_1_20260526150922_a08129765f9c.jpg;Lanterna Tática Fenix TK20R UE Gray - 2800 Lumens A lanterna Fenix TK20R UE apresenta o novo interruptor tático FlexiSensa, que permite alte
Kit Lanterna Fenix TK16 V2.0 3100 Lumens + E02R 200 Lumens;1250.00;Acessório;PH-7754;23;https://images.tcdn.com.br/img/img_prod/620600/kit_lanterna_fenix_tk16_v2_3100_lumens_e02r_200_lumens_7754_1_78dd5bfdd0e4381c5c73ef476b9f6f70_20260526150922.jpeg;Kit Lanterna Fenix TK16 V2 3100 Lumens + E02R 200 Lumens A Fenix TK16 V2.0 é uma lanterna tática com desempenho incrível, capaz de lançar 31
"Pistola Tanfoglio Match - Cal. 9x19mm  4,7""";30000.00;Arma;PH-7756;2;https://images.tcdn.com.br/img/img_prod/620600/pistola_tanfoglio_match_cal_9x19mm_4_7_7756_1_2fe1ab966c4ed271dcec22c77f639a5d_20260526150801.jpg;"Pistola Tanfoglio Match - Calibre 9x19mm 4,7"" Marca Tanfoglio Comprimento Total 219mm Comprimento do Cano 4,7"" (121mm) Peso 1200g Frame Aço "
"Pistola Semiautomatica Bersa Thunder - Cal 22LR 3,54""";0.00;Arma;PH-7758;1;https://images.tcdn.com.br/img/img_prod/620600/pistola_semiautomatica_bersa_thunder_cal_22lr_3_54_7758_1_9cf38a4bb2cf4949771071f20a2adafc_20260526150801.jpg;"Pistola Semiautomatica Bersa Thunder - Cal 22LR 3,54"" Marca Bersa Material Aço Funcionamento Semi-automático Quantidade de Raias 6 Sentido d"
Estojo Vazio CBC Presidente Longo Cal 36GA Cx 25 Unidades;414.50;Acessório;PH-7760;100;https://images.tcdn.com.br/img/img_prod/620600/estojo_cbc_presidente_longo_36ga_7760_1_6e618df96d7413b513be647e2b01a29a_20260526151317.jpg;Estojo CBC Presidente Longo Cal 36GA CBC fornece a Linha Presidente, que é composta de estojos metálicos vazios, disponíveis nos calibres 12
Munição Federal American Eagle Cal.9mm Luger 147gr FMJ Cx 50 Unidades;504.00;Munição;PH-7762;500;https://images.tcdn.com.br/img/img_prod/620600/municao_federal_cal_9mm_luger_american_eagle_7762_1_0ceb53fe0f03f98eb500b8196413545f_20260526151339.jpg;Munição Federal Calibre 9mm Luger American Eagle 147gr Acerte seu alvo e treine mais com a linha comprovada de munição de revólver American 
Munição Federal Calibre 22LR Automatch 40gr Cx 325 Unidades;618.71;Munição;PH-7764;10;https://images.tcdn.com.br/img/img_prod/620600/municao_federal_cal_22lr_automatch_40gr_7764_1_df1debe0d3d1aa0b2aca97931977e794_20260526151339.jpg;Munição Federal Calibre 22LR Automatch 40 gr Praticar tiro esportivo. Alvos. Competição. Treinamento. Seja qual for a busca que o leva ao ti
Munição CCI Cal 22 LR Blazer Rimfire 40gr Cx 50 Unidades;89.38;Munição;PH-7766;7450;https://images.tcdn.com.br/img/img_prod/620600/municao_cci_cal_22_lr_blazer_rimfire_40gr_7766_1_25110f97a6ccaebb4d0878d9ccac5c06_20260526151339.jpg;Munição CCI Calibre 22 LR Blazer Rimfire 40gr A munição Blazer .22 Long Rifle é carregada com um projétil excelente para tudo, desde caça de
"Espingarda Semiautomatica Aselkon X3 Extra Black Cal 12GA 28""";13456.00;Arma;PH-7768;1;https://images.tcdn.com.br/img/img_prod/620600/espingarda_semiautomatica_aselkon_x3_extra_black_c_1_20260526150745_83c72574acf1.jpg;PRODUTO CONTROLADO PELO EXÉRCITO Este item requer autorização prévia para a realização da compra. Caso não possua a autorização, a compra se
"Espingarda Pump Aselkon S3-GT Extra Black Cal 12GA 18""";14179.00;Arma;PH-7770;1;https://images.tcdn.com.br/img/img_prod/620600/espingarda_pump_aselkon_s3_gt_extra_black_cal_12ga_1_20260526151020_00281aaa5c0c.jpg;"Espingarda Semiautomatica Aselkon S3-GT Extra Black Cal 12GA 18,5"" Pistão Duplo de Autolimpeza Os pistões se movem para uma ciclagem complet"
"Pistola Glock G25 Cal .380 Auto 4""";9717.49;Arma;PH-7774;10;https://images.tcdn.com.br/img/img_prod/620600/pistola_glock_g25_cal_380_auto_4_7774_1_9a37b66943e0c3f7fd2e6302918d6b2d_20260526150801.jpg;"Pistola Glock G25 Cal .380 Auto 4"" A GLOCK 380 para G25 é uma pistola compacta no calibre .380 ACP . Suas dimensões são semelhantes às da GL"
"Pistola Glock G42 Cal .380 Auto 3,25""";9707.00;Arma;PH-7776;10;https://images.tcdn.com.br/img/img_prod/620600/pistola_glock_g42_cal_380_auto_3_25_7776_1_b0075e3c89e46b76955ec3ed3996bcd6_20260526150802.jpg;"Pistola Glock G42 Cal .380 Auto 3,25"" A GLOCK 380 para G42 é uma pistola subcompacta em calibre 380 Auto (ACP) desenvolvida para defesa pess"
"Pistola Glock G44 Cal 22 LR 4""";9291.57;Arma;PH-7778;10;https://images.tcdn.com.br/img/img_prod/620600/pistola_glock_g44_cal_22_lr_4_7778_1_8152edfcbffd8921c841fa059f36326c_20260526150803.jpg;"Pistola Glock G44 Cal 22 LR 4"" A GLOCK G44 é uma pistola compacta no calibre 22 LR. Suas dimensões são semelhantes às da GLOCK 19, o que a t"
"Rifle CBC Ranger Cal .308 Win 24""";15847.93;Arma;PH-7780;10;https://images.tcdn.com.br/img/img_prod/620600/rifle_cbc_ranger_cal_308_win_24_7780_1_bc3282cdc5f04bf24d55be7419564023_20260526150708.jpg;"Rifle CBC Ranger Calibre 308 Win 24"" O Rifle CBC Ranger é a escolha ideal para atiradores e caçadores que buscam precisão e durabilidade . S"
"Pistola Taurus GX4 Carry Cal .38 TPC 3,7""";8758.34;Arma;PH-7782;1;https://images.tcdn.com.br/img/img_prod/620600/pistola_taurus_gx4_carry_cal_38_tpc_3_7_7782_1_6cc3c480fcbcf8bfffb1bf6c189fd6cb_20260526150803.jpg;"Pistola Taurus GX4 Carry Calibre .38 TPC 3,7"" A GX4 Carry , plataforma mais premiada no mercado norte-americano, agora, está disponível no i"
Munição CBC .380 Auto ETOG 95gr Treina C Cx 50 Unidades;339.50;Munição;PH-7784;500;https://images.tcdn.com.br/img/img_prod/620600/municao_cbc_380_auto_etog_95gr_treina_c_7784_1_19eca4598f73ecd89482092b1a75ee8b_20260526151340.jpg;Munição CBC Calibre 380 Auto ETOG 95gr Treina C Munição destinada ao treinamento, com projétil totalmente encamisado. A munição 380 Auto Eto
Cartucho CBC 12GA Câmara 70 Chumbo 7 1/2 F 150 Cx 25 Unidades;131.60;Munição;PH-7786;1;https://images.tcdn.com.br/img/img_prod/620600/cartucho_cbc_12ga_cmara_70_chumbo_7_12_f_150_cx_25_1_20260526151348_64e272add7f7.jpg;Cartucho CBC Calibre 12GA Câmara 70mm Chumbo 7 F-150 O Cartucho CBC Calibre 12 CH-7 é uma munição de alto desempenho, desenvolvida para aten
Espoleta CBC Small Pistol Nº1 1/2 - 100 Un;141.00;Acessório;PH-7788;4200;https://images.tcdn.com.br/img/img_prod/620600/espoleta_cbc_small_pistol_no_1_1_2_100_un_7788_1_67ee59cb4b60c8cd561d874c7a9c22f2_20260526151318.jpg;Espoleta CBC Small Pistol Nº1 1/2 - 100 Un Antes de finalizar sua compra confirme a disponibilidade de entrega para seu estado. Não finalize
Alarme Pessoal com Chaveiro - SABRE;50.00;Acessório;PH-7790;293;https://images.tcdn.com.br/img/img_prod/620600/alarme_pessoal_com_chaveiro_sabre_7790_1_6b0c6af132128a44449cb2d271d1282a_20260526151131.jpg;Alarme Pessoal com Chaveiro - SABRE Mantenha-se seguro em viagem com a capacidade de assustar um agressor ou de pedir ajuda com o Alarme Pes
Espoleta Federal Champion Large Pistol NO.150 - 100 Unidades;173.33;Acessório;PH-7800;10;https://images.tcdn.com.br/img/img_prod/620600/espoleta_federal_champion_large_pistol_no_150_100_unidades_7800_1_2573752ea7606d52c1614cc8d4049303_20260526151318.jpg;Espoleta Federal Champion Large Pistol NO.150 Espoleta Federal Champion Large Pistol Numero 150 Fabricante Federal Calibre N. 150 Modelo Lar
Caixa para Munições Tsunami - 243 Win/308 Win/ 6,5 mm - 50 Rounds;59.00;Acessório;PH-7806;168;https://images.tcdn.com.br/img/img_prod/620600/caixa_para_munies_tsunami_243_win308_win_65_mm_1_20260526150907_aab2a15c6254.jpg;Caixa para Munições - Tsunami Caixa rígida para munições em diversos calibres, a prova de jatos de água e poeira (IP65). Marca Tsunami Model
Caixa para Munições Tsunami - 270 Win/30-06/.25-06 Rem - 50 Rounds;68.00;Acessório;PH-7808;219;https://images.tcdn.com.br/img/img_prod/620600/caixa_para_munies_tsunami_270_win30_0625_06_rem_1_20260526150907_6733d873afe9.jpg;Caixa para Munições - Tsunami Caixa rígida para munições em diversos calibres, a prova de jatos de água e poeira (IP65). Marca Tsunami Model
Caixa para Munições Tsunami - 223 Win/5,56mm - 100 Rounds;59.00;Acessório;PH-7810;193;https://images.tcdn.com.br/img/img_prod/620600/caixa_para_munies_tsunami_223_win556mm_100_rou_1_20260526150907_a0971d994345.jpg;Caixa para Munições - Tsunami Caixa rígida para munições em diversos calibres, a prova de jatos de água e poeira (IP65). Marca Tsunami Model
Caixa para Munições Tsunami - 223Rem/5,56mm - 50 Rounds;49.00;Acessório;PH-7812;139;https://images.tcdn.com.br/img/img_prod/620600/caixa_para_munies_tsunami_223rem556mm_50_round_1_20260526150907_f1d0316c63a9.jpg;Caixa para Munições - Tsunami Caixa rígida para munições em diversos calibres, a prova de jatos de água e poeira (IP65). Marca Tsunami Model
Faca Skinner Andino Hunt com Bainha - Modelo Madeira de Guajuvira;1000.00;Acessório;PH-7814;1;https://images.tcdn.com.br/img/img_prod/620600/faca_skinner_andino_hunt_com_bainha_modelo_madeira_de_guajuvira_7814_1_d596ce050ebcc860a6f17ab8c542f83a_20260526150826.jpg;Faca Skinner Andino Hunt com Bainha - Modelo Madeira de Guajuvira Sobre o Aço Inox 420 ESR O Aço Inox 420ESR é uma liga de aço martensítico 
Faca Skinner Andino Hunt com Bainha - Modelo Madeira de Tarara Amarela;1000.00;Acessório;PH-7816;1;https://images.tcdn.com.br/img/img_prod/620600/faca_skinner_andino_hunt_com_bainha_modelo_madeira_de_tarara_amarela_7816_1_43693aab763199d6aaa9e3d2287a01cb_20260526150826.jpg;Faca Skinner Andino Hunt com Bainha - Modelo Madeira de Tarara Amarela Sobre o Aço Inox 420 ESR O Aço Inox 420ESR é uma liga de aço martensí
Faca Skinner Andino Hunt com Bainha - Modelo Micarta Preta;1167.00;Acessório;PH-7818;1;https://images.tcdn.com.br/img/img_prod/620600/faca_skinner_andino_hunt_com_bainha_modelo_micarta_preta_7818_1_56f17b12e88b42ba7cf3a78ada15d22b_20260526150826.jpg;Faca Skinner Andino Hunt com Bainha - Modelo Micarta Preta Sobre o Aço Inox 420 ESR O Aço Inox 420ESR é uma liga de aço martensítico que com
Faca EDC Andino Hunt com Bainha - Modelo Madeira de Guajuvira;1167.00;Acessório;PH-7820;1;https://images.tcdn.com.br/img/img_prod/620600/faca_edc_andino_hunt_com_bainha_modelo_madeira_de_guajuvira_7820_1_f8c1dfa63c61825a5aaa5f1097403a41_20260526150826.jpg;Faca EDC Andino Hunt com Bainha - Modelo Madeira de Guajuvira Sobre o Aço Inox 420 ESR O Aço Inox 420ESR é uma liga de aço martensítico que 
Faca EDC Andino Hunt com Bainha - Modelo Micarta Cinza e Preta;1167.00;Acessório;PH-7824;1;https://images.tcdn.com.br/img/img_prod/620600/faca_edc_andino_hunt_com_bainha_modelo_micarta_cinza_e_preta_7824_1_4690e8211806f684da7d998d32dfb8ac_20260526150827.jpg;Faca EDC Andino Hunt com Bainha - Modelo Micarta Cinza e Preta Sobre o Aço Inox 420 ESR O Aço Inox 420ESR é uma liga de aço martensítico que
Camiseta de Manga Longa Extreme Hunter Camuflagem Mato Seco UV50+ - Tam M;175.77;Acessório;PH-7828;2;https://images.tcdn.com.br/img/img_prod/620600/camiseta_de_manga_longa_extreme_hunter_camuflagem_mato_seco_uv50_tam_m_7828_1_f510429e471c723c443e52e99be33520_20260526150838.jpg;Camiseta de Manga Longa Extreme Hunter Camuflagem Mato Seco UV50+ - Tam M Material 91% Poliéster e 9% Elastano Proteção UV50+ Camuflagem Mat
Camiseta de Manga Longa Extreme Hunter Camuflagem Mato Verde UV50+  - Tam EXG;175.77;Acessório;PH-7834;2;https://images.tcdn.com.br/img/img_prod/620600/camiseta_de_manga_longa_extreme_hunter_camuflagem_mato_verde_uv50_tam_exg_7834_1_655af2f4b756a303836da61f114109e4_20260526150838.jpg;Camiseta de Manga Longa Extreme Hunter Camuflagem Mato Verde UV50+ - Tam EXG Material 91% Poliéster e 9% Elastano Proteção UV50+ Camuflagem 
Camiseta de Manga Longa Extreme Hunter Camuflagem Mato Verde UV50+ - Tam G;175.77;Acessório;PH-7836;1;https://images.tcdn.com.br/img/img_prod/620600/camiseta_de_manga_longa_extreme_hunter_camuflagem_mato_verde_uv50_tam_g_7836_1_655af2f4b756a303836da61f114109e4_20260526150838.jpg;Camiseta de Manga Longa Extreme Hunter Camuflagem Mato Verde UV50+ - Tam G Material 91% Poliéster e 9% Elastano Proteção UV50+ Camuflagem Ma
Camiseta de Manga Longa Extreme Hunter Camuflagem Mato Verde UV50+  - Tam M;175.77;Acessório;PH-7838;1;https://images.tcdn.com.br/img/img_prod/620600/camiseta_de_manga_longa_extreme_hunter_camuflagem_mato_verde_uv50_tam_m_7838_1_655af2f4b756a303836da61f114109e4_20260526150838.jpg;Camiseta de Manga Longa Extreme Hunter Camuflagem Mato Verde UV50+ - Tam M Material 91% Poliéster e 9% Elastano Proteção UV50+ Camuflagem Ma
Camiseta de Manga Longa Extreme Hunter Camuflagem Realista UV50+  - Tam EXG;175.77;Acessório;PH-7840;2;https://images.tcdn.com.br/img/img_prod/620600/camiseta_de_manga_longa_extreme_hunter_camuflagem_realista_uv50_tam_exg_7840_1_5a7210b70f8116af5a6ba865c9102320_20260526150838.jpg;Camiseta de Manga Longa Extreme Hunter Camuflagem Realista UV50+ - Tam EXG Material 91% Poliéster e 9% Elastano Proteção UV50+ Camuflagem Re
Camiseta de Manga Longa Extreme Hunter Camuflagem Realista UV50+  - Tam M;175.77;Acessório;PH-7842;2;https://images.tcdn.com.br/img/img_prod/620600/camiseta_de_manga_longa_extreme_hunter_camuflagem_realista_uv50_tam_m_7842_1_5a7210b70f8116af5a6ba865c9102320_20260526150839.jpg;Camiseta de Manga Longa Extreme Hunter Camuflagem Realista UV50+ - Tam M Material 91% Poliéster e 9% Elastano Proteção UV50+ Camuflagem Real
Camiseta de Manga Longa Extreme Hunter Camuflagem Mato Seco UV50+ - Tam EXG;175.77;Acessório;PH-7844;2;https://images.tcdn.com.br/img/img_prod/620600/camiseta_de_manga_longa_extreme_hunter_camuflagem_mato_seco_uv50_tam_exg_7844_1_f510429e471c723c443e52e99be33520_20260526150839.jpg;Camiseta de Manga Longa Extreme Hunter Camuflagem Mato Seco UV50+ - Tam EXG Material 91% Poliéster e 9% Elastano Proteção UV50+ Camuflagem M
Camiseta de Manga Longa Extreme Hunter Camuflagem Mato Seco UV50+ - Tam GG;175.77;Acessório;PH-7846;1;https://images.tcdn.com.br/img/img_prod/620600/camiseta_de_manga_longa_extreme_hunter_camuflagem_mato_seco_uv50_tam_gg_7846_1_f510429e471c723c443e52e99be33520_20260526150839.jpg;Camiseta de Manga Longa Extreme Hunter Camuflagem Mato Seco UV50+ - Tam GG Material 91% Poliéster e 9% Elastano Proteção UV50+ Camuflagem Ma
Camiseta de Manga Longa Extreme Hunter Camuflagem Mato Seco UV50+  - Tam G;175.77;Acessório;PH-7848;2;https://images.tcdn.com.br/img/img_prod/620600/camiseta_de_manga_longa_extreme_hunter_camuflagem_mato_seco_uv50_tam_g_7848_1_f510429e471c723c443e52e99be33520_20260526150839.jpg;Camiseta de Manga Longa Extreme Hunter Camuflagem Mato Seco UV50+ - Tam G Material 91% Poliéster e 9% Elastano Proteção UV50+ Camuflagem Mat
Camiseta de Manga Longa Extreme Hunter Camuflagem Realista UV50+  - Tam G;175.77;Acessório;PH-7852;2;https://images.tcdn.com.br/img/img_prod/620600/camiseta_de_manga_longa_extreme_hunter_camuflagem_realista_uv50_tam_g_7852_1_5a7210b70f8116af5a6ba865c9102320_20260526150839.jpg;Camiseta de Manga Longa Extreme Hunter Camuflagem Realista UV50+ - Tam G Material 91% Poliéster e 9% Elastano Proteção UV50+ Camuflagem Real
Mount Precision Reflex para Luneta - Remington 700 Long Action com Cut Out;1000.00;Acessório;PH-7854;1;https://images.tcdn.com.br/img/img_prod/620600/mount_para_luneta_pri_remington_700_long_action_com_cut_out_7854_1_ee095c9789433a39319cb99eb764faab_20260526151223.jpg;Mount para Luneta PRI - Remington 700 Long Action com Cut Out A base de ação Remington 700 Long Action é feita de aço 1141 com acabamento pa
"Pistola Glock G25 Dark Olive Cal .380 Auto 4""";9717.49;Arma;PH-7856;10;https://images.tcdn.com.br/img/img_prod/620600/pistola_glock_g25_dark_olive_cal_380_auto_4_1_20260526150803_b57195e78b3a.jpg;"Pistola Glock G25 Dark Olive Cal .380 Auto 4"" A GLOCK 380 para G25 é uma pistola compacta no calibre .380 ACP . Suas dimensões são semelhant"
Tapete de pele de Zebra - Pro Hunters;14430.00;Acessório;PH-7860;1;https://images.tcdn.com.br/img/img_prod/620600/tapete_de_pele_de_zebra_pro_hunters_7860_2_4c9f5203c4736e1f3327a68011c5b1eb_20260526151132.jpg;Tapete de pele de Zebra - Pro Hunters Este tapete de pele de zebra importado da África do Sul traz a elegância selvagem do deserto do Kalaha
Tapete de pele de Dorso de Springbok- Pro Hunters;5800.00;Acessório;PH-7862;1;https://images.tcdn.com.br/img/img_prod/620600/tapete_de_pele_de_dorso_de_springbok_pro_hunters_7862_1_98e77426bba9c8bbc82992f2035da59b_20260526151132.jpg;Tapete de pele de Dorso de Springbok- Pro Hunters Este tapete de pele de dorso de springbok , originário da África do Sul , destaca-se por s
Suporte para Luneta Quick Realase - Padrão Dovetail - CZ - 30mm;2300.00;Acessório;PH-7864;2;https://images.tcdn.com.br/img/img_prod/620600/suporte_para_luneta_quick_realase_padrao_dovetail_cz_30mm_7864_1_47b8f99ec4cc7a9dea9699097b3e2049_20260526151235.jpg;Suporte para Luneta Mount Dovetail - CZ - 30mm Suporte para luneta - Mount Dovetail Quick Release - CZ 550 1 peça, para diametro de tubo 30 
Luneta Tatical Hunting Precision 5-30X56 FFPIR - Keck Optics;4400.00;Óptica;PH-7866;1;https://images.tcdn.com.br/img/img_prod/620600/luneta_tatical_hunting_precision_5_30x56_ffpir_k_1_20260526151157_09dcf0175ae0.jpg;Luneta Tatical Hunting Precision 5-30X56 FFPIR - Keck Optics A luneta Keck 5-30x56 possui vidro de alta definição e tecnologia de revestimen
Luneta Tatical Hunting Precision 5-25X50 FFPIR - Keck Optics;4400.00;Óptica;PH-7868;1;https://images.tcdn.com.br/img/img_prod/620600/luneta_tatical_hunting_precision_5_25x50_ffpir_k_1_20260526151158_f0095fb89182.jpg;Luneta Tatical Hunting Precision 5-25X50 FFPIR - Keck Optics A luneta Keck Optics 5-25x50 é uma óptica de alto desempenho projetada para ofe
Carregador Glock G42 Calibre .380 com Apoio de Dedo - Capacidade 6 Tiros;434.46;Acessório;PH-7874;0;https://images.tcdn.com.br/img/img_prod/620600/carregador_glock_g42_calibre_380_com_apoio_de_dedo_capacidade_6_tiros_7874_1_5cee8c19c0c5bfe155222259bc54d549_20260526150714.jpg;Carregador Glock G42 Calibre .380 com Apoio de Dedo – Capacidade 6 Tiros O Carregador Glock 380 para G42 é a escolha ideal para quem busca d
Carregador Glock G42 Calibre .380 - Capacidade 6 Tiros;413.63;Acessório;PH-7876;0;https://images.tcdn.com.br/img/img_prod/620600/carregador_glock_g42_calibre_380_capacidade_6_tiros_7876_1_1c90ad8585f263a90db19b91c4649b30_20260526150714.jpg;Carregador Glock G42 Calibre .380 - Capacidade 6 Tiros O Carregador Glock 380 G42 é a escolha ideal para quem busca confiabilidade, precisão
Carregador Glock Modelo G25 Calibre .380 Capacidade 15 Tiros;489.70;Acessório;PH-7878;15;https://images.tcdn.com.br/img/img_prod/620600/carregador_glock_modelo_g25_calibre_380_capacidade_1_20260526150714_9f02a39e0c35.png;Carregador Glock G25 15 Tiros O Carregador Glock G25 de 15 tiros é um componente essencial para quem busca aumentar a autonomia e a eficiênc
Cartucho CBC Cal 20GA Câmara 70mm Velox Chumbo 3 Cx 10 Unidades;122.89;Munição;PH-7884;10;https://images.tcdn.com.br/img/img_prod/620600/cartucho_cbc_cal_20ga_cmara_70mm_velox_chumbo_3_cx_1_20260526151348_f9b65442428e.jpg;Cartucho CBC Calibre 20GA Câmara 70mm Velox Chumbo 3 Munição CBC Calibre 20 Velox Chumbo 3 Velocidade (m/s) Boca Energia na Boca (joules) Pr
Cartucho CBC Cal 20GA Câmara 70mm Velox Chumbo 5 Cx 10 Unidades;122.89;Munição;PH-7886;10;https://images.tcdn.com.br/img/img_prod/620600/cartucho_cbc_cal_20ga_cmara_70mm_velox_chumbo_5_cx_1_20260526151348_87e3d97249d0.jpg;Cartucho CBC Calibre 20GA Câmara 70mm Velox Chumbo 5 Munição CBC Calibre 20 Velox Chumbo 5 Velocidade (m/s) Boca Energia na Boca (joules) Pr
Cartucho CBC Cal 20GA Câmara 76,2mm Super Velox M3 Chumbo 3T Cx 10 Unidades;131.88;Munição;PH-7888;5;https://images.tcdn.com.br/img/img_prod/620600/cartucho_cbc_cal_20ga_cmara_762mm_super_velox_m3_c_2_20260526151349_fc22f14c27e8.jpg;Cartucho CBC Calibre 20GA Câmara 76,2mm Super Velox M3 Chumbo 3T Munição CBC Calibre 20 Câmara 76,2mm Super Velox Chumbo 3T Velocidade (m/s)
Cartucho CBC Cal 28GA Câmara 70mm Velox Balote Chumbo SG1 Cx 10 Unidades;79.39;Munição;PH-7890;10;https://images.tcdn.com.br/img/img_prod/620600/cartucho_cbc_cal_28ga_cmara_70mm_velox_balote_chum_1_20260526151349_ef90a9779389.jpg;Cartucho CBC Calibre 28GA Câmara 70mm Velox Balote SG1 Munição CBC Calibre 28 Velox SG1 Balote Velocidade (m/s) Boca Energia na Boca (joules
Cartucho CBC Cal 32GA Câmara 63,5mm Velox Chumbo 5 Cx 10 Unidades;81.40;Munição;PH-7894;10;https://images.tcdn.com.br/img/img_prod/620600/cartucho_cbc_cal_32ga_cmara_635mm_velox_chumbo_5_c_1_20260526151349_d9d492699460.jpg;Cartucho CBC Calibre 32GA Câmara 63,5mm Chumbo 5 Munição CBC calibre 32 Chumbo 5 Velocidade (m/s) Boca Energia na Boca (joules) Provete (cm)
Cartucho CBC Cal 32GA Câmara 63,5mm Velox Balote SG1 Cx 10 Unidades;92.27;Munição;PH-7896;30;https://images.tcdn.com.br/img/img_prod/620600/cartucho_cbc_cal_32ga_cmara_635mm_velox_balote_sg1_1_20260526151350_7fcddd688afe.jpg;Cartucho CBC Calibre 32GA Câmara 63,5mm Balote SG1 Munição CBC calibre 32 SG1 Balote Velocidade (m/s) Boca Energia na Boca (joules) Provete 
Munição CBC Calibre .22LR CHPO 40gr Subsonic Hunter Cx 50 Unidades;150.52;Munição;PH-7900;1;https://images.tcdn.com.br/img/img_prod/620600/munio_cbc_calibre_22lr_chpo_40gr_subsonic_hunter_c_1_20260526151340_43dde898bd0e.jpg;Munição CBC Calibre .22LR CHPO 40gr Subsônico Hunter cx 50un A munição .22 é utilizada para a prática da caça de pequenos animais , em compe
Choke Kicks High Flyer X-Full Cal 12GA;499.90;Acessório;PH-7902;1;https://images.tcdn.com.br/img/img_prod/620600/choke_kicks_high_flyer_x_full_cal_12ga_7902_1_8b8f434b1c7fa502c007cf24bf3f8868_20260526151044.png;Choke Kicks High Flyer X-Full para Espingarda Calibre 12GA O Kicks High Flyer Choke para Calibre 12GA X-Full foi projetado para elevar sua e
Camisa Dry Camuflada Bioma Brasil - Tam G;119.90;Acessório;PH-7904;10;https://images.tcdn.com.br/img/img_prod/620600/camisa_camuflada_bioma_brasil_tam_g_7904_1_22de66ae4edd6c116d03bd7125b32655_20260526150839.jpg;Camisa Camuflada Bioma Brasil - Tam G Material 100% Poliéster Tamanho G Fabricante Bioma Brasil Observação : Imagens Meramente Ilustrativas
Camisa Dry Camuflada Bioma Brasil - Tam GG;119.90;Acessório;PH-7906;10;https://images.tcdn.com.br/img/img_prod/620600/camisa_camuflada_bioma_brasil_tam_gg_7906_1_22de66ae4edd6c116d03bd7125b32655_20260526150839.jpg;Camisa Camuflada Bioma Brasil - Tam GG Material 100% Poliéster Tamanho GG Fabricante Bioma Brasil Observação : Imagens Meramente Ilustrativa
Camisa Dry Camuflada Bioma Brasil - Tam M;119.90;Acessório;PH-7908;10;https://images.tcdn.com.br/img/img_prod/620600/camisa_camuflada_bioma_brasil_tam_m_7908_1_22de66ae4edd6c116d03bd7125b32655_20260526150840.jpg;Camisa Camuflada Bioma Brasil - Tam M Material 100% Tamanho M Fabricante Bioma Brasil Observação : Imagens Meramente Ilustrativas
Jaleco Camuflada em Brim Rip Stop Bioma Brasil - Tam G;189.00;Acessório;PH-7912;10;https://images.tcdn.com.br/img/img_prod/620600/jaqueta_camuflada_bioma_brasil_tam_g_7912_1_7374a6b481b21254062c6e0c962d322c_20260526150636.jpg;Jaqueta Camuflada Bioma Brasil - Tam G Material 52% Poliéster e 48% Algodão Tamanho G Fabricante Bioma Brasil Observação : Imagens Meramente
Jaleco Camuflada em Brim Rip Stop Bioma Brasil - Tam P;189.00;Acessório;PH-7914;10;https://images.tcdn.com.br/img/img_prod/620600/jaqueta_camuflada_bioma_brasil_tam_p_7914_1_7374a6b481b21254062c6e0c962d322c_20260526150637.jpg;Jaqueta Camuflada Bioma Brasil - Tam P Material 52% Poliéster e 48% Algodão Tamanho P Fabricante Bioma Brasil Observação : Imagens Meramente
Jaleco Camuflada em Brim Rip Stop Bioma Brasil - Tam M;189.00;Acessório;PH-7916;10;https://images.tcdn.com.br/img/img_prod/620600/jaqueta_camuflada_bioma_brasil_tam_m_7916_1_7374a6b481b21254062c6e0c962d322c_20260526150636.jpg;Jaqueta Camuflada Bioma Brasil - Tam M Material 52% Poliéster e 48% Algodão Tamanho M Fabricante Bioma Brasil Observação : Imagens Meramente
Jaleco Camuflada em Brim Rip Stop Bioma Brasil - Tam GG;189.00;Acessório;PH-7918;10;https://images.tcdn.com.br/img/img_prod/620600/jaqueta_camuflada_bioma_brasil_tam_gg_7918_1_7374a6b481b21254062c6e0c962d322c_20260526150636.jpg;Jaqueta Camuflada Bioma Brasil - Tam GG Material 52% Poliéster e 48% Algodão Tamanho GG Fabricante Bioma Brasil Observação : Imagens Meramen
Calça Camuflada em Brim Rip Stop Bioma Brasil - Tam 38;189.00;Acessório;PH-7920;10;https://images.tcdn.com.br/img/img_prod/620600/calca_camuflada_bioma_brasil_tam_38_7920_1_3a46b5e589cf80f1eeac4c37b753b96b_20260526150637.jpg;Calça Camuflada Bioma Brasil - Tam 38 Material 52% Poliéster e 48% Algodão Tamanho 38 Fabricante Bioma Brasil Observação : Imagens Meramente
Calça Camuflada em Brim Rip Stop Bioma Brasil - Tam 40;189.00;Acessório;PH-7922;10;https://images.tcdn.com.br/img/img_prod/620600/calca_camuflada_bioma_brasil_tam_40_7922_1_3a46b5e589cf80f1eeac4c37b753b96b_20260526150638.jpg;Calça Camuflada Bioma Brasil - Tam 40 Material 52% Poliéster e 48% Algodão Tamanho 40 Fabricante Bioma Brasil Observação : Imagens Meramente
Calça Camuflada em Brim Rip Stop Bioma Brasil - Tam 44;189.00;Acessório;PH-7924;10;https://images.tcdn.com.br/img/img_prod/620600/calca_camuflada_bioma_brasil_tam_42_7924_1_3a46b5e589cf80f1eeac4c37b753b96b_20260526150639.jpg;Calça Camuflada Bioma Brasil - Tam 44 Material 52% Poliéster e 48% Algodão Tamanho 44 Fabricante Bioma Brasil Observação : Imagens Meramente
Calça Camuflada em Brim Rip Stop Bioma Brasil - Tam 46;189.00;Acessório;PH-7926;10;https://images.tcdn.com.br/img/img_prod/620600/calca_camuflada_bioma_brasil_tam_46_7926_1_3a46b5e589cf80f1eeac4c37b753b96b_20260526150639.jpg;Calça Camuflada Bioma Brasil - Tam 46 Material 52% Poliéster e 48% Algodão Tamanho 46 Fabricante Bioma Brasil Observação : Imagens Meramente
Camisa Dry Camuflada Bioma Brasil - Tam P;119.90;Acessório;PH-7928;10;https://images.tcdn.com.br/img/img_prod/620600/camisa_dry_camuflada_bioma_brasil_tam_p_7928_1_22de66ae4edd6c116d03bd7125b32655_20260526150839.jpg;Camisa Camuflada Bioma Brasil - Tam P Material 100% Tamanho P Fabricante Bioma Brasil Observação : Imagens Meramente Ilustrativas
Espingarda Pump CBC Military 3.0 Coronha Retrátil  Cal 12GA 16'';5980.00;Arma;PH-7930;10;https://images.tcdn.com.br/img/img_prod/620600/espingarda_pump_cbc_military_3_0_coronha_retratil_cal_12ga_16_7930_1_c77890db14f6c71a80d1595bc30cec06_20260526151019.jpg;Espingarda Pump CBC Military 3.0 Coronha Retrátil - Cal 12GA 16'' A Pump Military CBC 3.0 proporciona alto poder de fogo, rapidez de tiro e 
"Pistola Taurus G2C TAN - Cal .38 TPC 3,3""";5990.35;Arma;PH-7932;1;https://images.tcdn.com.br/img/img_prod/620600/pistola_taurus_g2c_tan_cal_38_tpc_3_3_7932_1_4057addfdaf62ddce9e9a9309693a4d5_20260526150803.jpeg;"Pistola Taurus G2C TAN Calibre .38 TPC 3,3"" Eleve sua performance a um novo patamar com a Pistola Taurus G2c T.O.R.O. na cor Tan . Unindo a "
Kit de Limpeza para armas 12GA - Vector Optics;264.00;Acessório;PH-7934;10;https://images.tcdn.com.br/img/img_prod/620600/kit_de_limpeza_para_armas_12ga_vector_optics_7934_1_dbfab689c4f4fd5d6e7cfce06a450b6c_20260526151050.jpg;Kit de Limpeza para armas 12GA - Case Laranja - Vector Optics Kit de Limpeza para espingarda 12GA , 15 unidades em um kit incluindo v aras d
Kit de Limpeza para armas .410/36GA - Vector Optics;276.00;Acessório;PH-7936;10;https://images.tcdn.com.br/img/img_prod/620600/kit_de_limpeza_para_armas_410_36ga_vector_optics_7936_1_b75242123f15d9ab410c1967b8a08ed3_20260526151050.jpg;Kit de Limpeza para armas Calibre .410/36GA - Case Laranja - Vector Optics Kit de Limpeza para espingarda .410 , 15 unidades em um kit inclu
Kit de Limpeza para armas de pressão 5.5/.22 - Vector Optics;343.00;Acessório;PH-7938;10;https://images.tcdn.com.br/img/img_prod/620600/kit_de_limpeza_para_armas_de_pressao_5_5_22_vector_optics_7938_1_12b1388b02818ecb5ecab1845d116e0d_20260526151050.jpg;Kit de Limpeza para Armas de Pressão 5.5/.22 - Case Laranja - Vector Optics Kit de Limpeza para armas de pressão 4.5 / 5.5 , 15 unidades em 
Lanterna de Cabeça Fenix HL16 Rosa - 450 Lúmens;354.00;Acessório;PH-7946;3;https://images.tcdn.com.br/img/img_prod/620600/lanterna_de_cabea_fenix_hl16_rosa_450_lmens_1_20260526150944_878faf1e84c9.jpg;Lanterna de Cabeça Fenix HL16 Rosa - 450 Lúmens A nova lanterna de cabeça compacta Fenix HL16 AAA é alimentada por bateria e pode ser sua co
Lanterna Fenix TK35R 5800 Lúmens;2496.00;Acessório;PH-7948;13;https://images.tcdn.com.br/img/img_prod/620600/lanterna_fenix_tk35r_5800_lmens_1_20260526150922_dbf6cd031f77.jpg;Lanterna Fenix TK35R - 5800 Lúmens, UV, recarregável USB-C Compacta, potente e pronta para uso tático ou profissional, a Fenix TK35R entrega
Lanterna Tática Fenix TK05R - 1000 Lúmens;1008.00;Acessório;PH-7950;2;https://images.tcdn.com.br/img/img_prod/620600/lanterna_ttica_fenix_tk05r_1000_lmens_1_20260526150924_6d9080714722.jpg;Fenix TK05R Tactical EDC – Compacta, Tática e Potente - 1000 Lúmens A lanterna Fenix TK05R entrega 1000 lúmens em um corpo ultracompacto, co
Kit Lanterna para Caça Fenix HT18R + ALG-18 + AER-05;2150.00;Acessório;PH-7952;15;https://images.tcdn.com.br/img/img_prod/620600/kit_lanterna_para_caa_fenix_ht18r_alg_18_aer_05_1_20260526151043_6a2cc273b359.jpg;Kit Lanterna para Caça Fenix HT18R - 2800 Lumens A Lanterna Fenix HT18R de Longa Distância é a evolução da popular HT18. Esta lanterna aprim
Munição CBC Cal. 38TPC Etog 124gr Blister 10 Unidades;79.41;Munição;PH-7976;99;https://images.tcdn.com.br/img/img_prod/620600/mun_cbc_38tpc_etog_124gr_blis_c_2_20260526151340_567279939e6d.jpg;MUN CBC 38TPC ETOG 124GR BLIS (10 unidades) MUN CBC 38TPC ETOG 124GR BLIS Antes de finalizar sua compra confirme a disponibilidade de entreg
"Rifle CBC Ranger Cal. 308 Win Cano 24"" Lightweight";13445.76;Arma;PH-7978;1;https://images.tcdn.com.br/img/img_prod/620600/rifle_cbc_ranger_cal_380win_cano_24_lightweight_1_20260526150708_5567728960ae.jpg;"Rifle CBC Ranger Calibre 308 Win 24"" Lightweight Desenvolvido para caçadores e atiradores esportivos exigentes, o Rifle CBC Ranger .308 Win "
Espoleta para cartuchos de metal (capsula FULMIN 6,45mm CBC nº56 - 100 unidades;57.00;Acessório;PH-7980;200;https://images.tcdn.com.br/img/img_prod/620600/espoleta_para_cartuchos_de_metal_capsula_fulmin_64_1_20260526151318_1f5d79535dfa.jpg;Espoleta para cartuchos de metal (capsula FULMIN 6,45mm CBC nº56 Espoletas para cartuchos de metal denominada pela CBC como Cápsula 6,45mm (
Estojos Hornady .243 Winchester Desespoletado - Cx 50un;0.00;Acessório;PH-7982;0;https://images.tcdn.com.br/img/img_prod/620600/estojos_hornady_243_winchester_50_unidades_1_20260526151043_17d07811ef79.jpg;Hornady .243 Winchester Os estojos Hornady .243 Winchester são produzidos com o mesmo rigor, precisão e atenção aos detalhes que tornaram a 
Estojo Hornady .300 Winchester Magnum Desespoletado - Cx 50un;1666.50;Acessório;PH-7984;10;https://images.tcdn.com.br/img/img_prod/620600/estojo_hornady_300_winchester_magnum_desespoletado_1_20260526151318_c45f0ebba63a.jpg;Estojo Hornady .300 Winchester Magnum Desespoletado - Caixa com 50 Unidades Concentricidade Rigorosa e Máxima Durabilidade para Recargas de 
Estojos Hornady .30-06 Springfield Desespoletado - Cx 50un;1111.11;Acessório;PH-7986;10;https://images.tcdn.com.br/img/img_prod/620600/estojos_hornady_30_06_springfield_desespoletado_c_1_20260526151318_21dd36e8290a.jpg;Estojo Hornady 30-06 Springfield Desespoletado - Caixa com 50 Unidades Concentricidade Cirúrgica e Alta Durabilidade para Recargas do Clássi
Estojos Hornady .30-30 Winchester Desespoletado - Cx 50un;900.00;Acessório;PH-7988;10;https://images.tcdn.com.br/img/img_prod/620600/estojos_hornady_30_30_springfield_desespoletado_1_20260526151319_cb7c6dda37a1.jpg;Estojo Hornady 30-30 Winchester Desespoletado - Caixa com 50 Unidades Concentricidade Cirúrgica e Alta Durabilidade para Recargas do Clássic
Estojos Hornady .270 Winchester Desespoletado - Cx 50un;0.00;Acessório;PH-7990;0;https://images.tcdn.com.br/img/img_prod/620600/estojos_hornady_270_winchester_desespoletado_caix_1_20260526151044_ea7d5a0435d9.jpg;Estojo Hornady .270 Winchester Desespoletado - Caixa com 50 Unidades Concentricidade Cirúrgica e Alta Durabilidade para Recargas do Consagra
Estojos Hornady 7mm-08 Remington Desespoletado - Cx 50un;0.00;Acessório;PH-7992;0;https://images.tcdn.com.br/img/img_prod/620600/estojos_hornady_300_winchester_desespoletado_cai_1_20260526151044_77dd937223de.jpg;Estojo Hornady 7mm-08 Remington Desespoletado - Caixa com 50 Unidades Concentricidade Cirúrgica e Alta Durabilidade para Recargas do Preciso
Estojo Hornady 6.5 creedmoor Desespoletado - Cx 50;988.00;Acessório;PH-7996;9800;https://images.tcdn.com.br/img/img_prod/620600/estojos_hornady_65_creedmoor_desespoletado_caixa_1_20260526151318_3f2108689f35.jpg;Estojo Hornady 6.5 Creedmoor Desespoletado - Caixa com 50 Unidades Concentricidade Cirúrgica e Máxima Consistência para o Calibre Líder em L
Cartucho CBC Presidente 28/70 Chumbo  T (Carregado de fábrica) Cx 25 Unidades;762.27;Munição;PH-7998;100;https://images.tcdn.com.br/img/img_prod/620600/cartucho_cbc_presidente_2870_chumbo_t_carregado_d_1_20260526151350_74b106feabaa.jpg;Cartucho CBC Presidente 28/70 CH-T Cartucho CBC Presidente 28/70 carregado de fábrica com bagos múltiplos de chumbo (Modelo Chumbo T). Produ
Cartucho CBC Presidente 36/63,5 CH-T (Carregado de fábrica) c/ 25 unidades;681.60;Munição;PH-8000;100;https://images.tcdn.com.br/img/img_prod/620600/cartucho_cbc_presidente_36635_ch_t_carregado_de_fb_1_20260526151350_fbb43682ff3e.jpg;Cartucho CBC Presidente 36/63,5 CH-T Cartucho CBC Presidente 36/63,5 carregado de fábrica com bagos múltiplos de chumbo (Modelo Chumbo T, es
Cartucho CBC Presidente 20/70 Chumbo 3T (Carregado de fábrica) Cx 25 Unidades;1037.83;Munição;PH-8002;4;https://images.tcdn.com.br/img/img_prod/620600/cartucho_cbc_presidente_2070_chumbo_3t_carregado_d_1_20260526151350_0588f519a4a4.jpg;Cartucho CBC Presidente 20/70 CH-3T Cartucho CBC Presidente 28/70 carregado de fábrica com bagos múltiplos de chumbo (Modelo Chumbo T). Prod
Cartucho CBC Presidente 32/63,5 Chumbo T (Carregado de fábrica) Cx 30 unidades;1047.50;Munição;PH-8004;60;https://images.tcdn.com.br/img/img_prod/620600/cartucho_cbc_presidente_32635_chumbo_t_carregado_d_1_20260526151350_0c6ded2a048d.jpg;Cartucho CBC Presidente 32/63,5 CH-T Cartucho CBC Cal. 32/63,0 Chumbo T Cartucho carregado com bagos múltiplos de chumbo, fabricado com maté
Bateria Fenix Recarregável 18650 3400mAh 3.6V 12.24Wh De Íon de Lítio ARB-L18-3400U V3.0;246.00;Acessório;PH-8006;42;https://images.tcdn.com.br/img/img_prod/620600/bateria_fenix_18650_recarregavel_usb_arb_l18_3400u_1_20260526151004_496ea4038ae3.jpg;Bateria Fenix Recarregável 18650 3400mAh 3.6V ARB-L18-3400U V3.0 A ARB-L18-3400U V3.0 é uma bateria recarregável de íon-lítio no formato 186
Bateria Fenix Recarregável  21700 6000mAh 3.6V 21.6Wh De Íon de Lítio ARB-L21-6000;373.00;Acessório;PH-8012;137;https://images.tcdn.com.br/img/img_prod/620600/bateria_fenix_21700_recarregavel_arb_l21_6000_1_20260526151005_77e9bc59f347.jpg;Bateria Fenix 21700 6000mAh 3.6V (ARB-L21-6000) A ARB-L21-6000 é a escolha definitiva para quem busca autonomia prolongada. Com uma capacida
Bateria Fenix Recarregável 18650 4000mAh 3.6V 14.4Wh De Íon de Lítio ARB-L18-4000;266.67;Acessório;PH-8014;171;https://images.tcdn.com.br/img/img_prod/620600/bateria_fenix_recarregavel_18650_arb_l18_4000_id_8014_1_8fa4d45a7de2fd31f2a9855aae422611_20260526151005.jpg;Bateria Fenix Recarregável 18650 4000mAh 3.6V ARB-L18-4000 A ARB-L18-4000 é uma bateria recarregável de íon-lítio no formato 18650, desenvol
Munição Fiocchi Cal.380Auto 100GR RNPC Cx 50 Unidades;493.90;Munição;PH-8018;1550;https://images.tcdn.com.br/img/img_prod/620600/munio_fiocchi_cal_380_auto_ll_rncp_caixa_com_50_3_20260526151340_7e425f640064.jpg;Munição Fiocchi Cal 380 Auto LL RNCP Caixa com 50 Munição Fiocchi Calibre .380 Auto LL RNCP com 100 grains Antes de finalizar sua compra con
Estojo CBC 20/16/70 Plástico Vazio Espoletado - Cx 25un;119.08;Acessório;PH-8020;1;https://images.tcdn.com.br/img/img_prod/620600/estojo_cbc_201670_plstico_vazio_espoletado_caixa_3_20260526151319_2aea7c1eb2a1.jpg;PRODUTO CONTROLADO PELO EXÉRCITO Este item requer autorização prévia para a realização da compra. Caso não possua a autorização, a compra se
Coletor Hornady para Projéteis (Collet #2) .223;251.00;Acessório;PH-8022;15;https://images.tcdn.com.br/img/img_prod/620600/coletor_hornady_para_projteis_collet_22_lr_1_20260526151253_459ecd25b717.jpg;Collet Hornady para Projéteis no Calibre .223 Para o recarregador meticuloso, cada detalhe na bancada é uma ciência. O Collet Hornady .223 é
Coletor Hornady para Projéteis (Collet #7) .308/.312;251.00;Acessório;PH-8024;10;https://images.tcdn.com.br/img/img_prod/620600/coletor_hornady_para_projteis_collet_308312_1_20260526151253_12e7db3b42db.jpg;Collet Hornady para Projéteis no Calibre .308/.312 O Collet Hornady para Projéteis no Calibre .308/.312 é uma ferramenta de engenharia mecân
Coletor Hornady para Projéteis (Collet #3) .243;251.00;Acessório;PH-8026;9;https://images.tcdn.com.br/img/img_prod/620600/coletor_hornady_para_projteis_collet_243_1_20260526151253_3e6aac43b47f.jpg;Collet Hornady para Projéteis no Calibre .243 Se você é um atirador competitivo ou um caçador experiente, sabe que a consistência é a chave 
Coletor Hornady para Projéteis (Collet #4 ) .257/.264;251.00;Acessório;PH-8028;8;https://images.tcdn.com.br/img/img_prod/620600/coletor_hornady_para_projteis_collet_257264_1_20260526151253_3d396ca5ab17.jpg;"Collet Hornady para Projéteis no Calibre .257/.264 Para o recarregador meticuloso, a precisão não termina no disparo; ela começa na montagem"
Coletor Hornady para Projéteis (Collet #5) .277;251.00;Acessório;PH-8030;9;https://images.tcdn.com.br/img/img_prod/620600/coletor_hornady_para_projteis_collet_277_1_20260526151253_36c85e26be20.jpg;Collet Hornady para Projéteis no Calibre .277 Errou na carga ou precisa desmontar um lote? Recupere seus componentes com a delicadeza que su
Coletor Hornady para Projéteis (Collet #9) .338/.358;251.00;Acessório;PH-8032;2;https://images.tcdn.com.br/img/img_prod/620600/coletor_hornady_para_projteis_collet_338358_1_20260526151253_50fdec22613c.jpg;Collet Hornady para Projéteis no Calibre .338/.358 O Collet Hornady para Projéteis no Calibre .338/.358 é um componente de precisão fabricad
Coletor Hornady para Projéteis (Collet #10) .375;251.00;Acessório;PH-8034;9;https://images.tcdn.com.br/img/img_prod/620600/coletor_hornady_para_projteis_collet_375_1_20260526151253_9eb55adc467e.jpg;Collet Hornady para Projéteis no Calibre .375 O Collet Hornady para Projéteis no Calibre .375 é uma ferramenta projetada especialmente para 
Coletor Hornady para Projéteis (Collet #12) .430;251.00;Acessório;PH-8036;8;https://images.tcdn.com.br/img/img_prod/620600/coletor_hornady_para_projteis_collet_430_1_20260526151253_aabe98cc0489.jpg;Collet Hornady para Projéteis no Calibre .430 Para o recarregador meticuloso, a recarga é um craft que exige ferramentas à altura da sua pre
Coletor Hornady para Projéteis (Collet #13) .451/.458;251.00;Acessório;PH-8038;6;https://images.tcdn.com.br/img/img_prod/620600/coletor_hornady_para_projteis_collet_451458_1_20260526151254_94d348736a1a.jpg;Collet Hornady para Projéteis no Calibre .430 O Collet Hornady é a ferramenta definitiva para o recarregador que trabalha com calibres de ma
Balotes de Chumbo 20 GA;2.65;Munição;PH-8042;10;https://images.tcdn.com.br/img/img_prod/620600/balotes_de_chumbo_20_ga_1_20260526151340_c706b57da28b.jpg;Balotes de Chumbo 20 GA Calibres Unidades em Kg Peso Balote-20 45 22,22 Observação : Imagens meramente ilustrativas.
Balotes de Chumbo 28 GA;2.31;Munição;PH-8044;6;https://images.tcdn.com.br/img/img_prod/620600/balotes_de_chumbo_28_ga_1_20260526151340_d1764697d22c.jpg;Balotes de Chumbo 28 GA Calibres Unidades em Kg Peso Balote-28 55 18,18 Observação : Imagens meramente ilustrativas.
Balotes de Chumbo 32 GA;2.31;Munição;PH-8046;10;https://images.tcdn.com.br/img/img_prod/620600/balotes_de_chumbo_32_ga_1_20260526151340_c66c27cd2376.jpg;Balotes de Chumbo 32 GA Calibres Unidades em Kg Peso Balote-32 73 13,10 Observação : Imagens meramente ilustrativas.
Balotes de Chumbo 36 GA;2.31;Munição;PH-8048;13;https://images.tcdn.com.br/img/img_prod/620600/balotes_de_chumbo_36_ga_1_20260526151341_ef93befd1bdf.jpg;Balotes de Chumbo 36 GA Calibres Unidades em Kg Peso Balote-36 73 13,10 Observação : Imagens meramente ilustrativas.
Jogo de matrizes Dillon Carbide Die Set para calibres 38 Special/357 Magnum;1650.00;Acessório;PH-8050;1;https://images.tcdn.com.br/img/img_prod/620600/conjunto_de_matrizes_dillon_carbide_die_set_para_c_1_20260526151254_7b6bbf02ca5f.jpg;Dillon Die Set Pistol - (Conj. 3 peças) - .38 Special / .357 Magnum O conjunto de Matrizes (Die Set) incluí: o Sizer/Decapping Die, Setting 
Jogo de matrizes Dillon Carbide Die Set para calibres 10mm Automatico/40 Smith & Wesson;1450.00;Acessório;PH-8052;2;https://images.tcdn.com.br/img/img_prod/620600/conjunto_de_matrizes_dillon_carbide_die_set_para_c_1_20260526151254_44e1c2da3d59.jpg;Conjunto de Matrizes (Die Set) Dillon Precision - 3 Peças - 10mm Auto / .40 S&W O Conjunto de Matrizes (Die Set) da Dillon Precision é o pad
Jogo de matrizes Dillon Carbide Die Set para calibre 9x19mm Parabellum;1450.00;Acessório;PH-8054;2;https://images.tcdn.com.br/img/img_prod/620600/conjunto_de_matrizes_dillon_carbide_die_set_para_c_1_20260526151254_bb39e13de175.jpg;Dillon Die Set Pistol - 3 unidades - 9x19mm Parabellum O conjunto de Matrizes (Die Set) incluí: o Sizer/Decapping Die , Setting Die e Taper 
Meia de proteção para armas .30-30 Outdoors Tamanho P - Laranja 30x11;50.00;Acessório;PH-8056;29;https://images.tcdn.com.br/img/img_prod/620600/meia_de_proteo_para_armas_30_30_outdoors_tamanho_p_1_20260526150907_23ba8d3a0b70.jpg;Meia de proteção para armas - 30-30 Outdoors P - Laranja 30x11 A Meia de Proteção da 30-30 Outdoors é a solução definitiva para atiradores e
Meia de proteção para armas .30-30 Outdoors Tamanho M - Laranja 60x11;85.00;Acessório;PH-8058;16;https://images.tcdn.com.br/img/img_prod/620600/cpia_meia_de_proteo_para_armas_30_30_outdoors_ta_1_20260526150907_ddde3286b055.jpg;Meia de proteção para armas - 30-30 Outdoors 60x11 A Meia de Proteção da 30-30 Outdoors é a solução definitiva para atiradores e caçadores q
Meia de proteção para armas .30-30 Outdoors Tamanho G - Laranja 110x11;107.00;Acessório;PH-8060;32;https://images.tcdn.com.br/img/img_prod/620600/meia_de_proteo_para_armas_30_30_outdoors_tamanho_g_2_20260526150908_9a3b5c76efe1.jpg;Meia de proteção para armas - 30-30 Outdoors 110x11 A Meia de Proteção da 30-30 Outdoors é a solução definitiva para atiradores e caçadores 
Meia de proteção para armas .30-30 Outdoors Tamanho P - Verde 30x11;50.00;Acessório;PH-8062;15;https://images.tcdn.com.br/img/img_prod/620600/meia_de_proteo_para_armas_30_30_outdoors_tamanho_p_1_20260526150908_f940b5280228.jpg;Meia de proteção para armas - 30-30 Outdoors Tamanho P 30x11 A Meia de Proteção da 30-30 Outdoors é a solução definitiva para atiradores e c
Meia de proteção para armas .30-30 Outdoors Tamanho M - Verde 60x11;83.33;Acessório;PH-8064;5;https://images.tcdn.com.br/img/img_prod/620600/meia_de_proteo_para_armas_30_30_outdoors_tamanho_m_1_20260526150908_8224ca25a257.jpg;Meia de proteção para armas - 30-30 Outdoors 60x11 A Meia de Proteção da 30-30 Outdoors é a solução definitiva para atiradores e caçadores q
Meia de proteção para armas .30-30 Outdoors Tamanho G - Verde 110x11;107.00;Acessório;PH-8066;9;https://images.tcdn.com.br/img/img_prod/620600/meia_de_proteo_para_armas_30_30_outdoors_tamanho_g_1_20260526150908_c19677a2649b.jpg;Meia de Proteção para Armas e Ópticas - 30-30 Outdoors 110x11 A Meia de Proteção da 30-30 Outdoors é a solução definitiva para atiradores e 
Lanterna Tática Fenix PD36R ACE - 3000 Lúmens;1277.00;Acessório;PH-8070;12;https://images.tcdn.com.br/img/img_prod/620600/lanterna_tatica_fenix_pd36r_ace_3000_lumens_id_8070_1_f2f4a8c050248297709a73a7f3e85453_20260526150910.jpg;Lanterna Recarregável Fenix PD36R ACE - 3000 Lúmens A Fenix PD36R ACE leva a categoria EDC tática a outro nível. Entrega 3000 lúmens com alc
Lanterna Tática Fenix PD35R ACE + CL01 - 2000 Lúmens;944.44;Acessório;PH-8072;4;https://images.tcdn.com.br/img/img_prod/620600/lanterna_tatica_fenix_pd35r_ace_cl01_2000_lumens_id_8072_1_7f6bfb95fbdcdc19650a014d9c6c682d_20260526150910.jpg;Lanterna Recarregável Fenix PD35R ACE + CL01 - 2000 Lúmens A Fenix PD35R ACE é uma lanterna de última geração desenvolvida para quem exige c
25-06 Rem/.270 Win/.30-06 Springfield - 50 Rounds;68.00;Acessório;PH-8074;20;https://images.tcdn.com.br/img/img_prod/620600/25_06_rem270_win30_06_springfield_50_rounds_1_20260526150909_59d2296b8a2f.jpg;Caixa para Munições - Tsunami Caixa rígida para munições em diversos calibres, a prova de jatos de água e poeira (IP65). Marca Tsunami Model
.308 Win/.243 Win/.22-250 Rem - 50 Rounds;59.00;Acessório;PH-8076;14;https://images.tcdn.com.br/img/img_prod/620600/308_win243_win22_250_rem_50_rounds_1_20260526150909_419de89a9cfd.jpg;Caixa para Munições - Tsunami Caixa rígida para munições em diversos calibres, a prova de jatos de água e poeira (IP65). Marca Tsunami Model
Caixa para munições Tsunami 100 Munições - 223/5,56;59.00;Acessório;PH-8078;193;https://images.tcdn.com.br/img/img_prod/620600/222_rem223_rem204_ruger_100_rounds_1_20260526150909_4440513c45b0.png;Caixa para Munições - Tsunami Caixa rígida para munições em diversos calibres, a prova de jatos de água e poeira (IP65). Marca Tsunami Model
Escariador do Alojamento da Espoleta SMALL;200.00;Acessório;PH-8080;7;https://images.tcdn.com.br/img/img_prod/620600/escariador_do_alojamento_da_espoleta_small_8080_1_55e466ebc17110f5148134d218259e7a_20260526151314.jpg;Escariador do Alojamento da Espoleta SMALL O escariador de alojamento da espoleta Small é a ferramenta certa para preparar estojos na recarg
Escariador do Alojamento da Espoleta LARGE;200.00;Acessório;PH-8082;6;https://images.tcdn.com.br/img/img_prod/620600/escariador_do_alojamento_da_espoleta_large_8082_1_c0c4e2cd431cd6f9a88a5e655e339061_20260526151314.jpg;Escariador do Alojamento da Espoleta LARGE O escariador de alojamento da espoleta Large é a ferramenta certa para preparar estojos na recarg
Coturno Militar Acero Hunter - Preto tam 39;359.00;Acessório;PH-8084;1;https://images.tcdn.com.br/img/img_prod/620600/cpia_bota_militar_acero_hunter_preto_1_20260526151015_85e2a87c776a.jpg;Bota Militar Acero Hunter - Preto Este Modelo é feito para você que é mais exigente e está a procura de uma bota militar com alta resistênci
Link Arm Dillon XL650 / XL750 - 14922;1200.00;Acessório;PH-8086;1;https://images.tcdn.com.br/img/img_prod/620600/link_arm_dillon_xl650_xl750_14922_1_20260526151314_35331db9232e.jpg;Link Arm Dillon XL650 / XL750 O Link Arm Dillon 750/650 em AÇO é uma peça sobressalente desenvolvida para quem exige mais robustez e vida út
Cartucho CBC Knock Plus Cal 20GA Câmara 70mm Chumbo SG1 + SSG Cx 10 Unidades;116.82;Munição;PH-8088;50;https://images.tcdn.com.br/img/img_prod/620600/cartucho_cbc_knock_plus_cal_20ga_cmara_70mm_chumbo_1_20260526151351_261c37cee2bc.jpg;Cartucho CBC Knock Plus Calibre 20GA Câmara 70mm Chumbo SG1 + SSG 10un Cartucho carregado com bagos múltiplos de chumbo, fabricado com matér
Camiseta Militar Estampada FBI Cinza tam M;53.90;Acessório;PH-8090;1;https://images.tcdn.com.br/img/img_prod/620600/camiseta_militar_estampada_fbi_cinza_tam_m_1_20260526150839_89ddb10ee8c0.jpg;Camiseta Militar Estampada FBI tam M Confeccionada com malha nobre, estampadas sob efeito de termotransferência, ou seja sem toque, trazendo
Camiseta Militar Estampada NYPD - Branco M;53.90;Acessório;PH-8092;1;https://images.tcdn.com.br/img/img_prod/620600/camiseta_militar_estampada_nypd_branco_m_1_20260526150840_64cf4d7e3461.jpg;Camiseta Militar Estampada NYPD - Branco Confeccionada com malha nobre, estampa de alta qualidade além de trazer um ótimo conforto! Sua mode
Camiseta Militar Estampada NYPD - Branco P;53.90;Acessório;PH-8094;1;https://images.tcdn.com.br/img/img_prod/620600/cpia_camiseta_militar_estampada_nypd_branco_p_1_20260526150840_37a645569116.jpg;Camiseta Militar Estampada NYPD - Branco P GG Confeccionada com malha nobre, estampa de alta qualidade além de trazer um ótimo conforto! Sua
Camiseta Militar Estampada Special Air Service - Branco tam P;53.90;Acessório;PH-8096;1;https://images.tcdn.com.br/img/img_prod/620600/camiseta_militar_estampada_special_air_service_b_1_20260526150840_93dfdc9743b7.jpg;Camiseta Militar Estampada Special Air Service tam P Confeccionada com malha nobre, estampa de alta qualidade além de trazer um ótimo confor
Camiseta Masculina Bélica Ranger M/C  Coyote GG;114.51;Acessório;PH-8098;2;https://images.tcdn.com.br/img/img_prod/620600/camiseta_masculina_blica_ranger_mc_coyote_gg_2_20260526150840_69e30e45fee4.jpg;Camiseta Ranger Bélica Coyote GG Finalidade e Uso A Camiseta Ranger foi desenvolvida para operadores e uso cotidiano. Sua estrutura permite 
Camiseta Masculina Bélica Ranger M/C Mult Black G;114.51;Acessório;PH-8100;1;https://images.tcdn.com.br/img/img_prod/620600/camiseta_masculina_blica_ranger_mc_mult_black_g_1_20260526150840_1312116eecc2.jpg;Camiseta Ranger Bélica Preta G Finalidade e Uso A Camiseta Ranger foi desenvolvida para operadores e uso cotidiano. Sua estrutura permite a 
Camiseta Masculina Bélica Ranger M/C Mult Black GG;114.51;Acessório;PH-8102;2;https://images.tcdn.com.br/img/img_prod/620600/camiseta_masculina_blica_ranger_mc_mult_black_gg_1_20260526150840_12448d53da88.jpg;Camiseta Ranger Bélica Preta GG Finalidade e Uso A Camiseta Ranger foi desenvolvida para operadores e uso cotidiano. Sua estrutura permite a
Camiseta Masculina Bélica Ranger M/C Mult Black M;114.51;Acessório;PH-8104;5;https://images.tcdn.com.br/img/img_prod/620600/camiseta_masculina_blica_ranger_mc_mult_black_m_1_20260526150842_453b38981817.jpg;Camiseta Ranger Bélica Preta M Finalidade e Uso A Camiseta Ranger foi desenvolvida para operadores e uso cotidiano. Sua estrutura permite a 
Camiseta Masculina Bélica Ranger M/C Mult Black P;114.51;Acessório;PH-8106;1;https://images.tcdn.com.br/img/img_prod/620600/camiseta_masculina_blica_ranger_mc_mult_black_p_1_20260526150841_4dcb292fc4f0.jpg;Camiseta Ranger Bélica Preta P Finalidade e Uso A Camiseta Ranger foi desenvolvida para operadores e uso cotidiano. Sua estrutura permite a 
Camiseta Masculina Bélica Ranger M/C Mult camuflado G;114.51;Acessório;PH-8108;1;https://images.tcdn.com.br/img/img_prod/620600/camiseta_masculina_blica_ranger_mc_mult_camuflado_1_20260526150842_e35fafeade7d.jpg;Camiseta Ranger Bélica Camuflada G Finalidade e Uso A Camiseta Ranger foi desenvolvida para operadores e uso cotidiano. Sua estrutura permit
Camiseta Masculina Bélica Ranger M/C Mult camuflado GG;114.51;Acessório;PH-8110;3;https://images.tcdn.com.br/img/img_prod/620600/camiseta_masculina_blica_ranger_mc_mult_camuflado_1_20260526150842_8d8c031917cc.jpg;Camiseta Ranger Bélica Camuflada GG Finalidade e Uso A Camiseta Ranger foi desenvolvida para operadores e uso cotidiano. Sua estrutura permi
Camiseta Masculina Bélica Ranger M/C Mult camuflado M;114.51;Acessório;PH-8112;5;https://images.tcdn.com.br/img/img_prod/620600/camiseta_masculina_blica_ranger_mc_mult_camuflado_1_20260526150842_a6f9f6ed7af4.jpg;Camiseta Ranger Bélica Camuflada M Finalidade e Uso A Camiseta Ranger foi desenvolvida para operadores e uso cotidiano. Sua estrutura permit
Camiseta Masculina Bélica Ranger M/C Mult camuflado P;114.51;Acessório;PH-8114;1;https://images.tcdn.com.br/img/img_prod/620600/camiseta_masculina_blica_ranger_mc_mult_camuflado_1_20260526150842_05cdd62a90bc.jpg;Camiseta Ranger Bélica Camuflada P Finalidade e Uso A Camiseta Ranger foi desenvolvida para operadores e uso cotidiano. Sua estrutura permit
Camiseta Masculina Bélica Ranger M/C Mult camuflado XGG;114.51;Acessório;PH-8116;1;https://images.tcdn.com.br/img/img_prod/620600/camiseta_masculina_blica_ranger_mc_mult_camuflado_1_20260526150842_095ac1d212c1.jpg;Camiseta Ranger Bélica Camuflada XGG Finalidade e Uso A Camiseta Ranger foi desenvolvida para operadores e uso cotidiano. Sua estrutura perm
Camiseta Masculina Bélica Ranger M/C Mult VERDE G;114.51;Acessório;PH-8118;1;https://images.tcdn.com.br/img/img_prod/620600/cpia_camiseta_masculina_blica_ranger_mc_mult_ver_1_20260526150843_93df4f5584ed.jpg;Camiseta Ranger Bélica Verde G Finalidade e Uso A Camiseta Ranger foi desenvolvida para operadores e uso cotidiano. Sua estrutura permite a 
Camiseta Masculina Bélica Ranger M/C Mult VERDE GG;114.51;Acessório;PH-8120;2;https://images.tcdn.com.br/img/img_prod/620600/camiseta_masculina_blica_ranger_mc_mult_verde_gg_1_20260526150843_8621f2ef4b9f.jpg;Camiseta Ranger Bélica Verde GG Finalidade e Uso A Camiseta Ranger foi desenvolvida para operadores e uso cotidiano. Sua estrutura permite a
Camiseta Masculina Bélica Ranger M/C Mult VERDE M;114.51;Acessório;PH-8122;4;https://images.tcdn.com.br/img/img_prod/620600/cpia_camiseta_masculina_blica_ranger_mc_mult_ver_1_20260526150843_e6df21e64abf.jpg;Camiseta Ranger Bélica Verde M Finalidade e Uso A Camiseta Ranger foi desenvolvida para operadores e uso cotidiano. Sua estrutura permite a 
Cartucho CBC Cal 28GA Câmara 70mm Velox Chumbo 5 Cx 10 Unidades;62.37;Munição;PH-8124;1;https://images.tcdn.com.br/img/img_prod/620600/cartucho_cbc_cal_28ga_cmara_70mm_velox_chumbo_5_cx_1_20260526151351_37fca8524815.jpg;Cartucho CBC Calibre 28GA Câmara 70mm Chumbo 5 CH-5 Cartucho carregado com bagos múltiplos de chumbo, fabricado com matérias-primas de alta 
Cartucho CBC Cal 12GA Câmara 70mm Balote Knock Down Cx 10 Unidades;197.59;Munição;PH-8126;70;https://images.tcdn.com.br/img/img_prod/620600/cartucho_cbc_cal_12ga_cmara_70mm_balote_knock_down_1_20260526151351_7550e1e4af96.jpg;Cartucho CBC Calibre 12GA Câmara 70mm Balote Knock Down O Cartucho CBC Knock Down Calibre 12/70 é um cartucho de espingarda carregado com pr
Cartucho CBC Cal 20GA Câmara 70mm Chumbo 7 Cx 10 Unidades;92.38;Munição;PH-8128;5;https://images.tcdn.com.br/img/img_prod/620600/cartucho_cbc_cal_20ga_cmara_70mm_chumbo_7_cx_10_un_1_20260526151351_8cc160918ac1.jpg;Cartucho CBC Calibre 12GA Câmara 70mm Chumbo 7 Antes de finalizar sua compra confirme a disponibilidade de entrega para seu estado. Não fina
Cartucho CBC Cal 20GA Câmara 76,2mm Valox Magnum Chumbo SSG Cx 10 Unidades;131.54;Munição;PH-8130;10;https://images.tcdn.com.br/img/img_prod/620600/cartucho_cbc_cal_20ga_cmara_762mm_valox_magnum_chu_1_20260526151351_5d5333facfc9.jpg;Cartucho CBC Calibre 20/70 Velox Chumbo SSG – com 10 Unidades O Cartucho CBC Velox Calibre 20/70 é um cartucho de espingarda carregado com m
Cartucho CBC Cal 20GA Câmara 76,2mm Velox Magnum Chumbo 3T Cx 10 Unidades;108.74;Munição;PH-8132;8;https://images.tcdn.com.br/img/img_prod/620600/cartucho_cbc_cal_20ga_cmara_762mm_velox_magnum_chu_1_20260526151351_9e415db875d6.jpg;"Cartucho CBC Calibre 20/76 Velox Magnum 3"" Chumbo 3T Caixa com 10 unidades O Cartucho CBC Velox Magnum Calibre 20/76 (3"") é um cartucho de a"
Estojo CBC Cal 12 Presidente (Metal) Descarregado e Despoletado Cx 25 Unidades;612.25;Acessório;PH-8134;4;https://images.tcdn.com.br/img/img_prod/620600/estojo_cbc_presidente_cal_12ga_caixa_com_25_unid_1_20260526151319_da79f2e99842.jpg;Estojo CBC Presidente Calibre 12GA A CBC fornece a Linha Presidente, composta de estojos metálicos vazios, disponíveis nos calibres 12, 16, 
Munição CBC 380AUTO Expansivo Ponta Oca 95GR Blister 10 Unidades;171.70;Munição;PH-8136;200;https://images.tcdn.com.br/img/img_prod/620600/munio_cbc_380auto_expo_p_95gr_blister_1_20260526151341_5303cb65bf4f.jpg;Munição CBC 380AUTO EXPO +P 95GR Blister A Munição CBC Calibre .380 Auto EXPO 95gr é carregada com projétil expansivo , desenvolvida para of
Cartucho CBC Cal 12GA Câmara 70mm Chumbo SG Cx 10 Unidades;90.00;Munição;PH-8138;10;https://images.tcdn.com.br/img/img_prod/620600/cartucho_cbc_cal_12ga_cmara_70mm_chumbo_sg_cx_10_u_1_20260526151351_789be0bc7ca3.jpg;Cartucho CBC Calibre 12GA Câmara 70mm Balote Knock Down O Cartucho CBC Velox Calibre 12/70 Chumbo SG é um cartucho de espingarda carregado c
Carregador Tanfoglio Combat R Cal 9mm - 16 Tiros;907.00;Acessório;PH-8140;13;https://images.tcdn.com.br/img/img_prod/620600/carregador_tanfoglio_combat_r_cal_9mm_16_tiros_1_20260526150714_44a285e874d1.jpg;Carregador Tanfoglio Force Combat R - Calibre 9mm (16 Tiros) O carregador original para a Tanfoglio Force Combat R é o componente vital para
Luneta Centuri 4-16x44I Super Compacta Retículo Mil FFP - GPO;7700.20;Óptica;PH-8142;1;https://images.tcdn.com.br/img/img_prod/620600/luneta_gpo_modelo_centuri_4x_4_16x44i_compact_mil_1_20260526151158_1c4b58c6e817.jpg;Luneta GPO CENTURI 4-16x44i Super-Compact FFP - GPO Alcance o ápice da precisão tática com a Luneta GPO CENTURI 4-16x44i Super-Compact FFP .
Mount de Elevação para Red Dot Spectra 20mm - GPO;629.90;Acessório;PH-8144;2;https://images.tcdn.com.br/img/img_prod/620600/suporte_de_fixao_mira_gpo_modelo_spectra_dot_high_1_20260526151223_230590d3ff36.jpg;Suporte De Fixação Mira GPO Spectra Dot High Mount 20mm - Black Maximize a versatilidade do seu equipamento com o Suporte de Fixação Spectra
Red Dot Spectra 1x22 DOT 3 MOA - GPO;3843.00;Óptica;PH-8146;1;https://images.tcdn.com.br/img/img_prod/620600/red_dot_spectra_1x20i_dot_3_moa_gpo_3_20260526151212_f48f6e0dbb93.jpg;SPECTRA DOT 3 MOA - GPO O GPO SPECTRA DOT 3 MOA foi desenvolvido para aquisição rápida de alvo em plataformas com trilho, entregando constru
Luneta Spectra 8X 2-16x50I Retículo G4I SFP - GPO;15413.30;Óptica;PH-8148;1;https://images.tcdn.com.br/img/img_prod/620600/luneta_gpo_modelo_spectra_8x_2_16x50i_1_20260526151159_5f470927937a.jpg;Luneta GPO SPECTRA™ 8x 2-16x50i G4i Fiber - GPO A nova Luneta SPECTRA 8x 2-16x50i G4i Fiber amplia a consagrada linha de zooms da GPO com de
Torre De Ajuste De Altura Luneta Spectra 8X - GPO;1144.00;Acessório;PH-8152;1;https://images.tcdn.com.br/img/img_prod/620600/torre_de_ajuste_de_altura_luneta_gpo_spectra_8x_1_20260526151224_a16583449a6f.jpg;Torre de ajuste de altura GPO GBT para Linha Spectra - GPO A Torre Balística GBT (GPO Ballistic Turret) é a solução definitiva para quem bus
Luneta Spectra 6X 1.5-9x44I Retículo G4I FFP - GPO;10014.20;Óptica;PH-8154;2;https://images.tcdn.com.br/img/img_prod/620600/luneta_spectra_6x_15_9x44i_retculo_g4i_ffp_gpo_1_20260526151159_47ae1feecf68.jpg;Luneta GPO SPECTRA 1.5-9x44i - GPO Aprimore sua experiência de caça com a Luneta GPO SPECTRA 1.5-9x44i . Oferecendo o equilíbrio ideal entre
Luneta Spectra 6X 1-6x24I Retículo G41 FFP - GPO;8728.70;Óptica;PH-8156;3;https://images.tcdn.com.br/img/img_prod/620600/luneta_gpo_modelo_spectra_6x_1_6x24i_g4i_1_20260526151200_cac6bba1562b.jpg;Luneta GPO SPECTRA 1-6x24i Compacta - GPO Experimente versatilidade excepcional com a Luneta Compacta GPO SPECTRA 1-6x24i . Projetada para c
Luneta Centuri 6X 2.5-15x44I Retículo iluminado MOAi SFP - GPO;7700.00;Óptica;PH-8158;3;https://images.tcdn.com.br/img/img_prod/620600/luneta_gpo_modelo_centuri_6x_25_15x44i_spf_zs_moai_1_20260526151200_273773c16a5d.jpg;Luneta GPO CENTURI 2.5-15x44i - GPO Precisão e inovação se unem na Luneta GPO CENTURI 2.5-15x44i . Meticulosamente projetada para atiradores
Bloco do Ejetor Tanfoglio (Sear Housing) Tanfoglio Witness e Force Esse 1 Unidade;1778.00;Acessório;PH-8160;3;https://images.tcdn.com.br/img/img_prod/620600/bloco_do_ejetor_tanfoglio_sear_housing_03blo00001b_1_20260526151351_b663d7ca1ecc.jpg;Bloco do Ejetor Tanfoglio 1x unidade O Bloco do Ejetor Tanfoglio é um componente original de alto desempenho, desenvolvido para otimizar o f
Guia da mola do percussor Tanfoglio (FT MODELS) 1x unidade 03GMP00001B;632.00;Acessório;PH-8162;10;https://images.tcdn.com.br/img/img_prod/620600/guia_da_mola_do_percussor_tanfoglio_ft_models_03_1_20260526151351_41eb0d83acf1.jpg;Guia da mola do percussor Tanfoglio (FIRING PIN SPRING GUIDE - FT MODELS) 1x unidade O Guia da mola do percussor Tanfoglio é uma peça origin
Percussor Tanfoglio (FIRING PIN FT MODEL) 1x Unidade 03PER00006B;685.00;Acessório;PH-8164;5;https://images.tcdn.com.br/img/img_prod/620600/percussor_tanfoglio_pistolas_ft_9_7_03per00006b_1_1_20260526151352_10356b09b6f7.jpg;Modelos Compatíveis Compatível com pistolas Tanfoglio: FT 9-7 Carry FT 9-7 F FT 9-7 Full Size Percussor Tanfoglio (Pistolas FT 9-7) FIRING P
Percussor Tanfoglio ESSE CARRY (FIRING PIN ESSE) 1x Unidade 03PER00013B;660.00;Acessório;PH-8166;2;https://images.tcdn.com.br/img/img_prod/620600/percussor_tanfoglio_esse_firing_pin_esse_03per0001_1_20260526151352_b844d4874bbe.jpg;Percussor Tanfoglio ESSE CARRY (FIRING PIN ESSE) 1x unidade O Percussor Tanfoglio Force Esse é a peça original responsável por transmitir o 
Mola do Percussor Tanfoglio Force Esse 1x Unidade 03MOL00047;33.00;Acessório;PH-8168;2;https://images.tcdn.com.br/img/img_prod/620600/mola_do_percussor_tanfoglio_force_esse_firing_pin_1_20260526151352_ca5df1812be4.jpg;Modelos Compatíveis Force Esse Force Esse Carry Mola do Percussor Tanfoglio Force Esse 1x unidade A Mola do percussor Tanfoglio Force Esse é
Mola de Segurança do Pino de Disparo Automático Tanfóglio 1x Unidade 03MOL00029;79.00;Acessório;PH-8170;12;https://images.tcdn.com.br/img/img_prod/620600/mola_da_trava_automtica_do_percussor_tanfoglio_aut_1_20260526151352_5b6ab83ebafa.jpg;Mola da trava automática do percussor Tanfoglio A Mola da trava automática do percussor Tanfoglio é uma peça original de reposição do sistem
Mola do percussor Tanfoglio FT (FIRING PIN SPRING FT) 1x Unidade 03MOL00002;79.00;Acessório;PH-8172;10;https://images.tcdn.com.br/img/img_prod/620600/mola_do_percussor_tanfoglio_ft_firing_pin_spring_f_1_20260526151353_96823ad935c6.jpg;Modelos Compatíveis FT 9-7 Carry FT 9-7 F FT 9-7 Full Size FT 9-7 R Mola da trava automática do percussor Tanfoglio A Mola do percussor Tanf
Massa de mira frontal com fibra óptica vermelha 3x3,6 Tanfoglio (Front Sight With Fiber Optic Insert 3X3,6) 1x Unidade 03MIR00001;1422.00;Acessório;PH-8174;8;https://images.tcdn.com.br/img/img_prod/620600/massa_de_mira_frontal_com_fibra_ptica_vermelha_3x3_1_20260526151353_14aa61796115.jpg;Modelos Compatíveis FT 1911 Force 22 L Force Pocket Massa de mira frontal com fibra óptica vermelha 3x3,6 Tanfoglio 1x unidade A massa de mi
Alça de mira traseira fixa Defense Tanfoglio (DEFENSE FIXED REAR SIGHT FT) 1x Unidade 03TDM00002;1446.00;Acessório;PH-8176;5;https://images.tcdn.com.br/img/img_prod/620600/ala_de_mira_traseira_fixa_defense_tanfoglio_defens_1_20260526151353_575ffcbf9849.jpg;Modelos Compatíveis FT 9-7 Carry Alça de mira traseira fixa Defense Tanfoglio (Modelos FT) A Alça de mira traseira fixa Defense Tanfoglio (M
Boné Trucker BNE Javali - Jeans e Camurça;59.90;Acessório;PH-8178;2;https://images.tcdn.com.br/img/img_prod/620600/bon_trucker_bne_javali_jeans_e_camura_1_20260526150827_7d2c8ff27c3b.jpg;Boné Trucker BNE Javali - Jeans e Camurça Boné Trucker BNE Javali - Jeans e Camurça Modelo estilo country com frente em tecido jeans e aba c
Boné Tatico BNE Python;59.90;Acessório;PH-8180;2;https://images.tcdn.com.br/img/img_prod/620600/bon_tatico_bne_python_2_20260526150827_3817e0fae7af.jpg;Boné Tático BNE Python - Camuflagem Black e Velcro Boné Tático BNE Python - Camuflagem Black e Velcro Desenvolvido para operadores e entusia
Boné Tático BNE Woodland Camuflagem Militar Clássica;59.90;Acessório;PH-8182;2;https://images.tcdn.com.br/img/img_prod/620600/bon_ttico_bne_woodland_camuflagem_militar_clssica_1_20260526150827_fcc20f42bd9a.jpg;Boné Tático BNE Woodland - Camuflagem Militar Clássica Boné Tático BNE Woodland - Camuflagem Militar Clássica O padrão de camuflagem mais ic
Boné Fixxar (FXR) Army & Tactical - Trucker Camuflado;59.90;Acessório;PH-8184;2;https://images.tcdn.com.br/img/img_prod/620600/bon_fixxar_fxr_army_amp_tactical_trucker_camufla_2_20260526150828_aaa4328dbc31.jpg;B oné Fixxar (FXR) Army & Tactical - Trucker Camuflado Boné Fixxar (FXR) Army & Tactical - Trucker Camuflado Acessório oficial para os fãs d
Boné Tático BNE Areia (Tan) - Com Velcro Frontal;59.90;Acessório;PH-8186;2;https://images.tcdn.com.br/img/img_prod/620600/bon_ttico_bne_areia_tan_com_velcro_frontal_1_20260526150828_a1a1fe6d662b.jpg;Boné Tático BNE Areia (Tan) - Com Velcro Frontal Boné Tático BNE Areia (Tan) - Com Velcro Frontal Modelo Trucker na cor Bege Areia (Tan), id
Boné Tático BNE All Black - Velcro Frente e Verso;59.90;Acessório;PH-8188;1;https://images.tcdn.com.br/img/img_prod/620600/bon_ttico_bne_all_black_velcro_frente_e_verso_1_20260526150828_2e7e4f450950.jpg;Boné Tático BNE All Black - Velcro Frente e Verso Boné Tático BNE All Black - Velcro Frente e Verso O equipamento essencial para sua missão.
Munição CBC Cal. 38TPC Etog 124gr Cx 100 Unidades (Blister);794.10;Munição;PH-8190;9;https://images.tcdn.com.br/img/img_prod/620600/munio_cbc_cal_38tpc_etog_124gr_cx_100_unidades_bli_1_20260526151341_74e70901e1c1.png;MUN CBC 38TPC ETOG 124GR BLIS (100 unidades) MUN CBC 38TPC ETOG 124GR BLIS Antes de finalizar sua compra confirme a disponibilidade de entre
Munição CBC Calibre .22LR CHPO 40gr Subsonic Hunter Cx 500 Unidades;1255.00;Munição;PH-8192;1;https://images.tcdn.com.br/img/img_prod/620600/munio_cbc_calibre_22lr_chpo_40gr_subsonic_hunter_c_1_20260526151341_679d3df8816a.png;Munição CBC Calibre .22LR CHPO 40gr Subsônico Hunter cx 500 un A munição .22 é utilizada para a prática da caça de pequenos animais , em com
Munição CBC 9mm LUGER EXPO +P Bonded 147gr Cx 100 Unidades (Blister);1870.00;Munição;PH-8194;8;https://images.tcdn.com.br/img/img_prod/620600/munio_cbc_9mm_luger_expo_p_bonded_147gr_cx_100_uni_1_20260526151341_3421e9439012.png;Munição CBC Calibre 9mm LUGER +P EXPO Bonded - Blister Munição CBC calibre 9mm Luger +P Ponta Oca 147 grains Antes de finalizar sua compra c
Munição CBC 9mm Gold Hex Luger EXPO+P+ 115gr Cx 100 Unidades (Blister);1637.00;Munição;PH-8196;2;https://images.tcdn.com.br/img/img_prod/620600/munio_cbc_9mm_gold_hex_luger_expop_115gr_cx_100_un_1_20260526151341_59d0383359a8.png;Munição CBC 9mm Gold Hex Luger EXPO +P+ 115gr Antes de finalizar sua compra confirme a disponibilidade de entrega para seu estado. Não final
"Pistola Taurus TX38 - Cal .38 TPC 4,5""";8876.31;Arma;PH-8198;1;https://images.tcdn.com.br/img/img_prod/620600/pistola_taurus_tx38_cal_38_tpc_45_1_20260526150804_af7e490d93d6.jpg;"Pistola Taurus TX38 TPC Calibre .38 TPC 4,5"" A Taurus TX38 TPC representa uma nova geração de pistolas operacionais no calibre permitido .38"
Carregador MEC-GAR Para Pistola Taurus GX4 Carry Cal .38 TPC /9mm TPC 15 Tiros;388.92;Acessório;PH-8200;3;https://images.tcdn.com.br/img/img_prod/620600/carregador_mec_gar_para_pistola_taurus_gx4_cal9mm_1_20260526150714_44ad75eca56e.png;Carregador Taurus/Mec-Gar para GX4 Carry .38TPC/ 9mm – 15 Tiros Excelência Mec-Gar: Alimentação Confiável e Precisão para sua GX4 Carry O Ca
Carregador de Bateria Fenix ARE-X1 SET + Bateria 2600mAh;213.00;Acessório;PH-8202;247;https://images.tcdn.com.br/img/img_prod/620600/carregador_de_bateria_fenix_are_x1_set_bateria_26_1_20260526151009_18d68e8c7980.jpg;Carregador Fenix ARE X1 SET com Bateria Recarregável 18650 O Kit Fenix ARE-X1 SET une praticidade e segurança, trazendo um carregador inteli
Suporte de Lanterna para Arma Fenix - ALG-00;257.00;Acessório;PH-8204;46;https://images.tcdn.com.br/img/img_prod/620600/cpia_suporte_de_lanterna_para_arma_fenix_alg_18_1_20260526150952_a66013db290a.jpg;Suporte de Lanterna para Arma Fenix ALG-00 O Suporte para Lanterna Fenix ALG-00 foi projetado para acoplar sua lanterna a armas de fogo, air
Lanterna Fenix TK25 RED 1000 Lúmens;1062.00;Acessório;PH-8206;1;https://images.tcdn.com.br/img/img_prod/620600/lanterna_fenix_tk25_red_1000_lmens_1_20260526150924_ac8e6f0a0a2e.jpg;Lanterna Fenix TK25 RED - 1000 Lúmens A Lanterna Fenix TK25 RED possui LEDs multicoloridos integrados em um inovador sistema de troca de mod
Lanterna Fenix FD30 900 Lumens Preta;908.40;Acessório;PH-8210;3;https://images.tcdn.com.br/img/img_prod/620600/lanterna_fenix_fd30_900_lumens_preta_1_20260526150924_32f4d09a9590.jpg;Lanterna Fenix FD30 Foco Ajustável - 900 Lúmens A Lanterna Fenix FD30 é o modelo mais compacto e versátil da categoria, capaz de iluminar qu
Anéis (Mount) 25.4mm p/ Trilho 9-11mm Perfil Alto - Hawke;291.74;Acessório;PH-8212;3;https://images.tcdn.com.br/img/img_prod/620600/anis_mount_254mm_p_trilho_9_11mm_perfil_alto_haw_1_20260526151224_936077876809.jpg;Anéis (Mount) 25,4mm p/ Trilho 9-11mm Perfil Alto - Hawke Os Anéis (Mount) Hawke 25,4mm Perfil Alto foram desenvolvidos para proporcionar fi
Anéis (Mount) 30mm p/ Trilho 9-11mm Perfil Médio - Hawke;291.74;Acessório;PH-8214;5;https://images.tcdn.com.br/img/img_prod/620600/anis_mount_30mm_p_trilho_9_11mm_perfil_mdio_hawk_1_20260526151224_5a721a29b926.jpg;Anéis (Mount) 30mm p/ Trilho 9-11mm Perfil Médio - Hawke Os Anéis (Mount) Hawke 30mm Perfil Médio foram desenvolvidos para proporcionar fixa
Anéis (Mount) 25,4mm p/ Trilho 9-11mm Perfil Baixo - Hawke;351.72;Acessório;PH-8216;4;https://images.tcdn.com.br/img/img_prod/620600/anis_mount_254mm_p_trilho_9_11mm_perfil_baixo_ha_1_20260526151224_d5423021567a.jpg;Anéis (Mount) 25,4mm p/ Trilho 9-11mm Perfil Baixo - Hawke Os Anéis (Mount) Hawke 25,4mm Perfil Baixo foram desenvolvidos para proporcionar 
Anéis (Mount) 30mm p/ Trilho 9-11mm Perfil Alto - Hawke;291.74;Acessório;PH-8220;5;https://images.tcdn.com.br/img/img_prod/620600/anis_mount_30mm_p_trilho_9_11mm_perfil_alto_hawk_1_20260526151224_6eeefc1387da.jpg;Anéis (Mount) 30mm p/ Trilho 9-11mm Perfil Alto - Hawke Os Anéis (Mount) Hawke 30mm Perfil Alto foram desenvolvidos para proporcionar fixaçã
Câmera de Trilha H66 Mini 32MP Full HD com Visão Noturna e Sensor de Movimento;470.00;Acessório;PH-8222;2;https://images.tcdn.com.br/img/img_prod/620600/cmera_de_trilha_h66_mini_32mp_full_hd_com_viso_not_1_20260526151132_c155ccaa67cf.jpg;Câmera de Trilha H66 Mini para Caça e Vida Selvagem com Visão Noturna Infravermelha A Câmera de Trilha H66 Mini foi desenvolvida para quem b
Câmera de Trilha H88W Hunter CAM 4K com Visão Noturna e Sensor de Movimento;700.00;Acessório;PH-8224;4;https://images.tcdn.com.br/img/img_prod/620600/cmera_de_trilha_h88w_hunter_cam_4k_com_viso_noturn_1_20260526151132_dfbe140bf1ed.jpg;Câmera de Trilha H88W Hunter CAM 4K com Visão Noturna e Sensor de Movimento A Câmera de Trilha H88W Hunter CAM foi desenvolvida para quem bu
Acionador Remoto para Lanterna Fenix AER-02 V2.0 (ID);270.00;Acessório;PH-8226;113;https://images.tcdn.com.br/img/img_prod/620600/acionador_remoto_para_lanterna_fenix_aer_02_v20_1_20260526150953_4bd3f173bd2c.jpg;Interruptor Tático AER-02 V2.0 O Fenix AER-02 V2.0 é especializado em lanternas táticas. Os interruptores de cauda duplos permitem uma opera
Acionador remoto para Lanterna Fenix - AER-04 (ID);270.00;Acessório;PH-8228;48;https://images.tcdn.com.br/img/img_prod/620600/cpia_acionador_remoto_para_lanterna_fenix_aer_1_20260526150953_8370465266f2.jpg;Acionador Remoto para Lanterna Fenix - AER-04 O acionador remoto Fenix AER-04 é especializado em lanternas táticas com bateria 21700. Seu ad
Coldre para Lanterna Fenix ALP-10S (ID);132.00;Acessório;PH-8232;3;https://images.tcdn.com.br/img/img_prod/620600/coldre_para_lanterna_fenix_alp_10s_1_20260526151116_2966ebad3087.jpg;Coldre para Lanterna Fenix ALP-10S O Fenix ALP-10 é um coldre especificamente projetado para embalar e proteger a lanterna. O uso de materia
Suporte de Lanterna para Arma Fenix - ALG-00 (ID);257.00;Acessório;PH-8266;46;https://images.tcdn.com.br/img/img_prod/620600/suporte_de_lanterna_para_arma_fenix_alg_00_id_1_20260526150953_40a7e9eda5a4.jpg;Suporte de Lanterna para Arma Fenix ALG-00 O Suporte para Lanterna Fenix ALG-00 foi projetado para acoplar sua lanterna a armas de fogo, air
Combat Shirt Bélica Militar MultiCam Preta GG;240.21;Acessório;PH-8276;1;https://images.tcdn.com.br/img/img_prod/620600/combat_shirt_blica_militar_preta_gg_1_20260526150844_a060c38005ec.jpg;Combat Shirt Bélica Steel - Preta (Tamanho GG) A Bélica Steel Combat Shirt Black GG é uma camisa tática desenvolvida para oferecer conforto,
Combat Shirt Bélica Militar MultiCam Preta G;240.21;Acessório;PH-8278;1;https://images.tcdn.com.br/img/img_prod/620600/combat_shirt_blica_militar_preta_g_1_20260526150844_6804f2d42cda.jpg;Combat Shirt Bélica Steel - Preta (Tamanho G) A Bélica Steel Combat Shirt Black GG é uma camisa tática desenvolvida para oferecer conforto, 
Combat Shirt Bélica Militar Multicam Preta XGG;240.21;Acessório;PH-8280;1;https://images.tcdn.com.br/img/img_prod/620600/combat_shirt_blica_militar_mult_cam_preta_xgg_1_20260526150844_a6570765ed55.jpg;Combat Shirt Bélica Steel - Preta (Tamanho XGG) A Bélica Steel Combat Shirt Black XGG é uma camisa tática desenvolvida para oferecer confort
Combat Shirt Bélica Militar Multicam Preta M;240.21;Acessório;PH-8282;1;https://images.tcdn.com.br/img/img_prod/620600/combat_shirt_blica_militar_mult_cam_preta_m_1_20260526150844_6891a3899576.jpg;Combat Shirt Bélica Steel - Preta (Tamanho M) A Bélica Steel Combat Shirt Black M é uma camisa tática desenvolvida para oferecer conforto, r
Combat Shirt Bélica Militar Coyote P;240.21;Acessório;PH-8284;1;https://images.tcdn.com.br/img/img_prod/620600/combat_shirt_blica_militar_coyote_p_1_20260526150845_b04af7bb6377.png;Combat Shirt Bélica Steel - Coyote (Tamanho P) A Bélica Steel Combat Shirt Coyote P é uma camisa tática desenvolvida para oferecer mobilidad
Combat Shirt Bélica Militar Camuflado Multicam P;240.21;Acessório;PH-8286;1;https://images.tcdn.com.br/img/img_prod/620600/combat_shirt_blica_militar_camuflado_multicam_p_1_20260526150845_010c8309755b.png;Combat Shirt Bélica Steel - Camuflado Multicam (Tamanho P) A Bélica Steel Combat Shirt Multicam P é uma camisa tática desenvolvida para ofer
Combat Shirt Bélica Feminina Militar Camuflado Multicam P;233.90;Acessório;PH-8288;1;https://images.tcdn.com.br/img/img_prod/620600/combat_shirt_blica_feminina_militar_camuflado_mult_1_20260526150845_8ba43200a6e7.png;Combat Shirt Feminina Bélica - Preto / Camuflado (Tamanho P) A Bélica Female Combat Shirt é uma camisa tática feminina desenvolvida para ofe
Calça Hunter Calibre Restrito Desert M;95.00;Acessório;PH-8290;1;https://images.tcdn.com.br/img/img_prod/620600/cala_hunter_calibre_restrito_desert_m_1_20260526150829_6aea3d41063d.jpg;Calça Tática Combat Hunter - Calibre Restrito (Tamanho M) A Calibre Restrito Combat Hunter Pants M é uma calça tática desenvolvida para ofer
Calça Hunter Calibre Restrito Desert G;95.00;Acessório;PH-8292;8;https://images.tcdn.com.br/img/img_prod/620600/cala_hunter_calibre_restrito_desert_g_1_20260526150829_29494ac752bf.jpg;Calça Tática Combat Hunter - Calibre Restrito (Tamanho G) A Calibre Restrito Combat Hunter Pants G é uma calça tática desenvolvida para ofer
Calça Hunter Calibre Restrito Desert GG;95.00;Acessório;PH-8294;2;https://images.tcdn.com.br/img/img_prod/620600/cala_hunter_calibre_restrito_desert_gg_1_20260526150829_135ba56f816d.jpg;Calça Tática Combat Hunter - Calibre Restrito (Tamanho GG) A Calibre Restrito Combat Hunter Pants GG é uma calça tática desenvolvida para of
Calça Hunter Calibre Restrito Preta G;95.00;Acessório;PH-8296;3;https://images.tcdn.com.br/img/img_prod/620600/cala_hunter_calibre_restrito_preta_g_1_20260526150829_0ebd735dde02.jpg;Calça Tática Combat Hunter Calibre Restrito Preta (Tamanho G) A Calibre Restrito Combat Hunter Pants G é uma calça tática desenvolvida para 
Cinto Warfare Fenrir 2 Coyote Tamanho M;119.90;Acessório;PH-8298;1;https://images.tcdn.com.br/img/img_prod/620600/cinto_warfare_fenrir_2_coyote_tamanho_m_1_20260526150855_2c0a324ffcdb.jpg;Cinto Modular Fenrir Warzone Molle II Laser Cut - Coyote (Tamanho M) O Fenrir Warzone Molle II Laser Cut Belt Coyote M é um cinto modular pr
Caixa para munição, marca J&J, capacidade 20 calibre .30-06 AA20White;31.00;Acessório;PH-8300;4;https://images.tcdn.com.br/img/img_prod/620600/caixa_para_municao_marca_j_amp_j_capacidade_20_calibre_30_06_aa20white_8300_1_64722fa10e935bee19e7df97321c74fc_20260526150909.jpg;Caixa para munições de .30-06 J&J Caixa rígida para munições em diversos calibres. Marca Tsunami Capacidade 20 munições País de fabricação C
Caixa para munição, marca J&J, capacidade 50 munições 10mm - .45 ACP & .40S&W;9.50;Acessório;PH-8302;33;https://images.tcdn.com.br/img/img_prod/620600/caixa_para_municao_marca_j_amp_j_capacidade_50_municoes_10mm_45_acp_amp_40s_amp_w_8302_1_e9afd5bab8754219d2cb5b132a9baa7d_20260526150909.png;Caixa para munições .45 ACP & .40S&W J&J Caixa rígida para munições em diversos calibres. Marca Tsunami Tamanho 50 munições País de fabricaç
Caixa para munição, marca J&J, capacidade 50 calibres .38Spl e .357 Magnun;9.50;Acessório;PH-8304;18;https://images.tcdn.com.br/img/img_prod/620600/caixa_para_municao_marca_j_amp_j_capacidade_50_calibres_38spl_e_357_magnun_8304_1_b3e3d8c4f2558e9bc6ca17c36914fd74_20260526150909.png;Caixa para munições calibres .38Spl e .357 Magnun J&J Caixa rígida para munições em diversos calibres. Marca Tsunami Tamanho 50 munições Paí
Caixa para munição, marca J&J, capacidade 50 calibres 9mm e .380 ACP;9.50;Acessório;PH-8306;1;https://images.tcdn.com.br/img/img_prod/620600/caixa_para_municao_marca_j_amp_j_capacidade_50_calibres_9mm_e_380_acp_8306_1_1eabc705903b71fadd012d8ecd6c02ef_20260526150909.png;Caixa para munições 9mm e .380 ACP J&J Caixa rígida para munições em diversos calibres. Marca Tsunami Tamanho 50 munições País de fabricação
Espoleta Fulmin CBC 9 1/2 Large Rifle - Cx 100 Unidades;137.00;Acessório;PH-8310;4000;https://images.tcdn.com.br/img/img_prod/620600/espoleta_fulmin_cbc_9_12_large_rifle_cx_100_unid_1_20260526151319_c8facfab4b57.jpg;Espoleta Fulmin CBC 9 1/2 Large Rifle A espoleta CBC 9 1/2 Large Rifle é um componente essencial para o processo de recarga de munições dest
Calça Belica Masculina Multiforce BM Mult Black 42;305.65;Acessório;PH-8336;1;https://images.tcdn.com.br/img/img_prod/620600/calca_belica_masculina_multiforce_bm_mult_black_42_8336_1_68fc926fd39eb80db2f123bd31d5923f_20260526150831.png;Calça Tática Multiforce Bélica A Calça Tática Multiforce Bélica é desenvolvida para atividades que exigem elevada resistência e agilidade op
Calça Belica Masculina Multiforce BM Coyote 42;305.65;Acessório;PH-8338;1;https://images.tcdn.com.br/img/img_prod/620600/calca_belica_masculina_multiforce_bm_coyote_42_8338_1_b8da8346ceb13e3e13659f1affc24f71_20260526150830.png;Calça Tática Multiforce Bélica A Calça Tática Multiforce Bélica é desenvolvida para atividades que exigem elevada resistência e agilidade op
Calça Belica Combat Verde 42;236.84;Acessório;PH-8340;2;https://images.tcdn.com.br/img/img_prod/620600/calca_belica_combat_verde_42_8340_1_c4eb68cf113d638b1c0b35947cb44918_20260526150831.png;Calça Tática Combat Bélica A Calça Masculina Combat é confeccionada em tecido Ripstop profissional de alta qualidade, desenvolvida para ofer
Calça Bélica Combat Preta 40;236.84;Acessório;PH-8344;2;https://images.tcdn.com.br/img/img_prod/620600/calca_belica_combat_preta_40_8344_1_763b1573713bb66f27f19f4c350013c4_20260526150831.png;Calça Tática Combat Bélica A Calça Masculina Combat é confeccionada em tecido Ripstop profissional de alta qualidade, desenvolvida para ofer
Calça Belica Masculina Multiforce BM Coyote 46;305.65;Acessório;PH-8346;1;https://images.tcdn.com.br/img/img_prod/620600/calca_belica_masculina_multiforce_bm_coyote_46_8346_1_6365685611e9ac2eba24670cae8c499d_20260526150831.png;Calça Tática Multiforce Bélica A Calça Tática Multiforce Bélica é desenvolvida para atividades que exigem elevada resistência e agilidade op
Calça Belica Masculina Multiforce BM Mult Black 46;305.65;Acessório;PH-8348;2;https://images.tcdn.com.br/img/img_prod/620600/calca_belica_masculina_multiforce_bm_mult_black_46_8348_1_68fc926fd39eb80db2f123bd31d5923f_20260526150832.png;Calça Tática Multiforce Bélica A Calça Tática Multiforce Bélica é desenvolvida para atividades que exigem elevada resistência e agilidade op
Calça Bélica Multiforce Masculina Mult Black 44;305.65;Acessório;PH-8350;2;https://images.tcdn.com.br/img/img_prod/620600/calca_belica_multiforce_masculina_mult_black_44_8350_1_68fc926fd39eb80db2f123bd31d5923f_20260526150833.png;Calça Tática Multiforce Bélica A Calça Tática Multiforce Bélica é desenvolvida para atividades que exigem elevada resistência e agilidade op
Calça Bélica Multiforce Masculina Multicam Verde 44;305.65;Acessório;PH-8354;1;https://images.tcdn.com.br/img/img_prod/620600/calca_belica_multiforce_masculina_multicam_verde_44_8354_1_d78f5718500c45e29f89e4bb52e60a4f_20260526150833.png;Calça Tática Multiforce Bélica - Coyote A Calça Tática Multiforce Bélica é desenvolvida para atividades que exigem elevada resistência e agi
Calça Bélica Multiforce Masculina Verde 42;305.65;Acessório;PH-8356;3;https://images.tcdn.com.br/img/img_prod/620600/calca_belica_multiforce_masculina_verde_42_8356_1_d78f5718500c45e29f89e4bb52e60a4f_20260526150833.png;Calça Tática Multiforce Bélica A Calça Tática Multiforce Bélica é desenvolvida para atividades que exigem elevada resistência e agilidade op
Calça Bélica Multiforce Masculina Multicam Verde 40;305.65;Acessório;PH-8358;1;https://images.tcdn.com.br/img/img_prod/620600/calca_belica_multiforce_masculina_multicam_verde_40_8358_1_d78f5718500c45e29f89e4bb52e60a4f_20260526150834.png;Calça Tática Multiforce Bélica - Coyote A Calça Tática Multiforce Bélica é desenvolvida para atividades que exigem elevada resistência e agi
Calça Belica Combat Coyote 46;236.84;Acessório;PH-8360;1;https://images.tcdn.com.br/img/img_prod/620600/calca_belica_combat_coyote_46_8360_1_d1077b5d40d8d7f904c0426bdcf941e6_20260526150834.jpg;Calça Tática Combat Bélica A Calça Masculina Combat é confeccionada em tecido Ripstop profissional de alta qualidade, desenvolvida para ofer
Calça Bélica Combat Coyote 42;236.84;Acessório;PH-8364;2;https://images.tcdn.com.br/img/img_prod/620600/calca_belica_combat_coyote_42_8364_1_d1077b5d40d8d7f904c0426bdcf941e6_20260526150834.jpg;Calça Tática Combat Bélica A Calça Masculina Combat é confeccionada em tecido Ripstop profissional de alta qualidade, desenvolvida para ofer
Calça Bélica Combat Coyote 40;236.84;Acessório;PH-8366;2;https://images.tcdn.com.br/img/img_prod/620600/calca_belica_combat_coyote_40_8366_1_d1077b5d40d8d7f904c0426bdcf941e6_20260526150834.jpg;Calça Tática Combat Bélica A Calça Masculina Combat é confeccionada em tecido Ripstop profissional de alta qualidade, desenvolvida para ofer
Calça Bélica Combat Verde 46;236.84;Acessório;PH-8368;2;https://images.tcdn.com.br/img/img_prod/620600/calca_belica_combat_verde_46_8368_1_69c455191ca5994629ae8e73bc0b1c69_20260526150834.png;Calça Tática Combat Bélica A Calça Masculina Combat é confeccionada em tecido Ripstop profissional de alta qualidade, desenvolvida para ofer
Calça Bélica Combat Preta 46;236.84;Acessório;PH-8370;2;https://images.tcdn.com.br/img/img_prod/620600/calca_belica_combat_preta_46_8370_1_763b1573713bb66f27f19f4c350013c4_20260526150834.png;Calça Tática Combat Bélica A Calça Masculina Combat é confeccionada em tecido Ripstop profissional de alta qualidade, desenvolvida para ofer
Calça Bélica Multiforce Masculina Multicam Coyote 42;305.65;Acessório;PH-8372;1;https://images.tcdn.com.br/img/img_prod/620600/calca_belica_multiforce_masculina_multicam_coyote_42_8372_1_64cad0933a3866768cd989a81cf1f004_20260526150835.png;Calça Tática Multiforce Bélica - Coyote A Calça Tática Multiforce Bélica é desenvolvida para atividades que exigem elevada resistência e agi
Calça Bélica Multiforce Masculina Multicam Coyote 40;305.65;Acessório;PH-8374;1;https://images.tcdn.com.br/img/img_prod/620600/calca_belica_multiforce_masculina_multicam_coyote_40_8374_1_64cad0933a3866768cd989a81cf1f004_20260526150834.png;Calça Tática Multiforce Bélica - Coyote A Calça Tática Multiforce Bélica é desenvolvida para atividades que exigem elevada resistência e agi
Calça Belica Combat Verde 44;236.84;Acessório;PH-8376;1;https://images.tcdn.com.br/img/img_prod/620600/calca_belica_combat_verde_44_8376_1_69c455191ca5994629ae8e73bc0b1c69_20260526150835.png;Calça Tática Combat Bélica A Calça Masculina Combat é confeccionada em tecido Ripstop profissional de alta qualidade, desenvolvida para ofer
Calça Belica Combat Verde 40;236.84;Acessório;PH-8378;2;https://images.tcdn.com.br/img/img_prod/620600/calca_belica_combat_verde_40_8378_1_69c455191ca5994629ae8e73bc0b1c69_20260526150836.png;Calça Tática Combat Bélica A Calça Masculina Combat é confeccionada em tecido Ripstop profissional de alta qualidade, desenvolvida para ofer
Pistola Revint Ergal Pro S - Cal. 9x19mm/.380 5'';30271.29;Arma;PH-8398;2;https://images.tcdn.com.br/img/img_prod/620600/ergal_pro_s_1_20260526150804_ed394b3714bd.jpg;Pistola Revint Ergal Pro S - Calibres 9mm ou .380 ACP Este equipamento representa o ápice da engenharia italiana para atiradores que não ace
Pistola Revint Mark Two - Cal. 9x19mm 5'';20266.03;Arma;PH-8400;1;https://images.tcdn.com.br/img/img_prod/620600/mark_two_1_20260526150805_77830653af33.jpg;Pistola Revint Mark Two - Calibre 9mm Esta pistola representa a evolução da engenharia voltada para atiradores que buscam versatilidade extr
Pistola Revint Ergal Pro - Cal. 9x19mm/.380 5'';31996.99;Arma;PH-8402;2;https://images.tcdn.com.br/img/img_prod/620600/ergal_pro_1_20260526150805_1eeeff79f3af.jpg;Pistola Revint Ergal Pro - Calibres 9mm ou .380 ACP Este equipamento representa o ápice da engenharia italiana para atiradores que não aceit
Pistola Revint Strike One - Cal. 9x19mm/.380 5'';19354.55;Arma;PH-8404;2;https://images.tcdn.com.br/img/img_prod/620600/strike_one_1_20260526150806_38c3d5fcd43c.jpg;Pistola Revint Strike One - Calibres 9mm ou .380 ACP A Strike One representa o equilíbrio perfeito entre leveza e controle, projetada para a
Pistola Revint Strike Two - Cal. 9x19mm/.380 4'';17886.28;Arma;PH-8406;2;https://images.tcdn.com.br/img/img_prod/620600/strike_two_1_20260526150807_1f192f5bf240.jpg;Pistola Revint Strike Two - Calibres 9mm ou .380 ACP A Strike Two representa a versatilidade e a agilidade da engenharia italiana, projetada
Pistola Revint Speed - Cal. 9x19mm/.380 5'';22710.62;Arma;PH-8408;2;https://images.tcdn.com.br/img/img_prod/620600/revint_speed_1_20260526150807_07a8e7d670f1.jpg;Pistola Revint Speed - Calibres 9mm ou .380 ACP Como o próprio nome sugere, a Revint Speed foi projetada para atiradores que buscam a máxima
Capa RealTree 1 metro;249.90;Acessório;PH-8410;1;https://images.tcdn.com.br/img/img_prod/620600/capa_realtree_1_metro_8410_1_96264dd0b8e865fe97688eed53204c9c_20260526150909.png;Capa para Rifles e Carabinas - Pro Hunters A Capa para Rifles e Carabinas da Pro Hunters foi desenvolvida para oferecer a máxima proteção e 
Capa para Rifles e Carabinas Preta - Pro Hunters - 1 metro;189.90;Acessório;PH-8412;3;https://images.tcdn.com.br/img/img_prod/620600/capa_para_rifles_e_carabinas_preta_pro_hunters_1_metro_8412_1_3337010cbbfb2f8d751f630eaeb12993_20260526150910.png;Capa para Rifles e Carabinas - Pro Hunters A Capa para Rifles e Carabinas da Pro Hunters foi desenvolvida para oferecer a máxima proteção e 
Mira Magnética HIVIZ® Two-In-One para Espingarda;395.00;Óptica;PH-8414;1;https://images.tcdn.com.br/img/img_prod/620600/mira_magntica_hiviz_two_in_one_para_espingarda_1_20260526151133_8bf9c1dfeace.jpg;Mira Magnética HIVIZ® Two-In-One para Espingarda - Verde e Laranja A Mira Magnética HIVIZ® Two-In-One é a solução definitiva para atiradores
Mira Magnética HIVIZ® BirdBuster® para Espingarda;395.00;Óptica;PH-8416;1;https://images.tcdn.com.br/img/img_prod/620600/mira_magntica_hiviz_birdbuster_para_espingarda_1_20260526151133_f69521ef9338.jpg;"Mira Magnética HIVIZ® BirdBuster® para Espingarda - Modelo Universal A Mira Magnética HIVIZ® BirdBuster® é a solução ""tamanho único"" definit"
Mira de Fibra Óptica Truglo Universal Verde - TG948UG;253.00;Óptica;PH-8418;1;https://images.tcdn.com.br/img/img_prod/620600/mira_de_fibra_ptica_truglo_universal_green_tg948_2_20260526151133_e97b8bca06b7.jpg;Mira de Fibra Óptica Truglo Universal Verde- TG948UG A Mira de Fibra Óptica TG948UG da Truglo é a substituição definitiva para quem busca má
Miras Universais Ajustáveis de Fibra Óptica Tru-Bead - Truglo DUAL COLOR;473.00;Óptica;PH-8420;1;https://images.tcdn.com.br/img/img_prod/620600/miras_universais_ajustveis_de_fibra_ptica_tru_bead_1_20260526151134_e88074dca6a8.png;Miras Universais Ajustáveis de Fibra Óptica Tru-Bead - Truglo DUAL•COLOR A série Tru-Bead da Truglo é reconhecida como a linha de miras de f
Anéis (Mount) 731M Rimfire 30mm p/ Trilho 9-11mm Perfil Médio - Warne Maxima;890.00;Acessório;PH-8422;3;https://images.tcdn.com.br/img/img_prod/620600/anis_warne_maxima_rimfire_30mm_mdios_731m_1_20260526151224_e0d58c9e6aa2.png;Anéis Warne Maxima® Rimfire 30mm Médios - 731M Os anéis Warne Maxima® Rimfire são reconhecidos mundialmente como os melhores suportes dispon
Carregador MEC-GAR Para Pistola Taurus TX38 Cal 9MM/38TPC 17 Tiros;355.36;Acessório;PH-8424;1;https://images.tcdn.com.br/img/img_prod/620600/carregador_mec_gar_para_pistola_taurus_tx38_cal_9m_1_20260526150715_778d7eb5aabb.jpg;Carregador MEC-GAR para Pistola Taurus TX38 - 9mm / .38TPC (17 Tiros) O Carregador MEC-GAR para a Pistola Taurus TX38 é um acessório de alto
Espoleta Fulmin CBC 9 1/2 Large Rifle - Cx 1000 Unidades;1198.90;Acessório;PH-8426;5000;https://images.tcdn.com.br/img/img_prod/620600/espoleta_fulmin_cbc_9_12_large_rifle_cx_1000_uni_1_20260526151319_9ea3ce918250.jpg;Espoleta Fulmin CBC 9 1/2 Large Rifle A espoleta CBC 9 1/2 Large Rifle é um componente essencial para o processo de recarga de munições dest
Carregador Taurus para Pistola Taurus PT 938 Cal.380ACP 15 Tiros;392.20;Acessório;PH-8436;5;https://images.tcdn.com.br/img/img_prod/620600/carregador_taurus_para_pistola_taurus_pt_938_cal38_1_20260601100758_40a1058bf938.jpg;Carregador Taurus para Pistola PT 938 (.380ACP) – 15 Tiros Original Taurus: Confiabilidade e Alimentação Perfeita para sua PT 938 O Carregad
Carregador Taurus para Pistola PT838/ TH380  Cal. .380ACP - 18 Tiros;392.20;Acessório;PH-8438;1;https://images.tcdn.com.br/img/img_prod/620600/carregador_taurus_para_pistola_pt838_cal_380acp_1_20260601102133_45b0b5cd3481.jpg;Carregador Taurus para Pistola PT 838/TH380 (.380ACP) – 18 Tiros O Carregador Taurus de 18 tiros é o acessório ideal para elevar a performan
Carregador Taurus para Pistola PT838C Cal.380ACP 15 Tiros;392.20;Acessório;PH-8440;1;https://images.tcdn.com.br/img/img_prod/620600/carregador_taurus_para_pistola_pt838c_cal380acp_15_1_20260603101313_60041950b664.jpg;Carregador Taurus para Pistola PT 838C (.380ACP) – 15 Tiros Confiabilidade Original Taurus para sua PT 838C O Carregador Taurus de 15 tiros 
Carregador Para Pistola Taurus PT58 HC Plus/ PT59 Cal. 380ACP 19 tiros;392.20;Acessório;PH-8442;1;https://images.tcdn.com.br/img/img_prod/620600/carregador_para_pistola_taurus_pt58_hc_plus_pt59_c_1_20260602082841_08216f757a70.jpg;Carregador Taurus para Pistola PT 58 HC Plus / PT 59 (.380ACP) – 19 Tiros Autonomia e Confiabilidade Máxima para sua Taurus O Carregador Tau
Carregador Taurus para Pistola PT111 / G2C / G3C Cal 9mm/.38TPC 12 Tiros;331.96;Acessório;PH-8444;1;https://images.tcdn.com.br/img/img_prod/620600/carregador_taurus_para_pistola_g2c_g3c_9mm38tpc_1_20260602093748_08deaf2ec660.jpg;Carregador Taurus para Pistola G2C / G3C (9mm/.38TPC) – 12 Tiros Confiabilidade Original Taurus para sua G2C e G3C O Carregador Taurus de 12
Carregador Taurus para Pistolas TS9, TH9 e TH9C Cal 9mm 17 Tiros;392.20;Acessório;PH-8446;1;https://images.tcdn.com.br/img/img_prod/620600/carregador_taurus_para_pistolas_ts9_th9_e_th9c_cal_1_20260603093007_9e3a896e56ab.jpg;Carregador Taurus/Mec-Gar para TS9, TH9 e TH9C (9mm) – 17 Tiros Performance de Elite: Qualidade Mec-Gar para sua Taurus O Carregador Taurus/
Carregador Taurus para Pistola Taurus GX2 Cal .38TPC / 9mm 13 Tiros;336.16;Acessório;PH-8448;1;https://images.tcdn.com.br/img/img_prod/620600/carregador_taurus_para_pistola_taurus_gx2_cal_38tp_1_20260603093335_df7706a29ec7.jpg;Carregador para Pistola Taurus GX2 (.38TPC / 9mm) – 13 Tiros Qualidade e Prontidão para sua Plataforma GX2 O Carregador para Pistola Taurus 
Carregador Taurus para Carabina CT9 Cal 9mm 32 Tiros;617.08;Acessório;PH-8450;1;https://images.tcdn.com.br/img/img_prod/620600/carregador_taurus_para_carabina_ct9_cal_9mm_32_tir_1_20260603094605_942bd3119213.jpg;Carregador Taurus para Carabina CT9 (9mm) – 32 Tiros Autonomia Superior: O Poder de Fogo que sua CT9 Exige Eleve o desempenho da sua carabin
Carregador Taurus para Pistola PT1911 Calibre .45ACP - 8 Tiros;356.04;Acessório;PH-8452;1;https://images.tcdn.com.br/img/img_prod/620600/carregador_taurus_para_pistola_pt1911_calibre_45ac_1_20260603100512_6461ba3fb794.jpg;Carregador Taurus Para Pistola PT1911 Calibre .45ACP - 8 Tiros Componente Original de Fábrica: Chassi Monofilar em Aço, Calibre .45 ACP e Ca
Carregador Taurus para Pistola PT 59S .380 ACP Inox Fosco - 19 Tiros;392.20;Acessório;PH-8454;1;https://images.tcdn.com.br/img/img_prod/620600/carregador_taurus_para_pistola_pt_59s_380_acp_inox_1_20260609141020_e9e9c264d777.jpg;Carregador Original Taurus Para Pistola PT 59S .380 ACP Inox Fosco - 19 Tiros Componente Original de Fábrica: Acabamento Inox Fosco, Calibre
Carregador Para Pistola Taurus GX4 Compact Cal .38 TPC /9mm 13 Tiros;388.94;Acessório;PH-8456;5;https://images.tcdn.com.br/img/img_prod/620600/carregador_para_pistola_taurus_gx4_compact_cal_38_1_20260603094310_a89c0f51c6f4.jpg;Carregador Mec-Gar Para Pistola Taurus GX4 9mm Oxidado - 13 Tiros Engenharia Mec-Gar: Corpo em Aço Carbono, Acabamento Oxidado, Calibre 9mm 
Carregador Taurus para Fuzil T4 Calibre 5.56x45mm NATO - 30 Tiros;935.82;Acessório;PH-8458;1;https://images.tcdn.com.br/img/img_prod/620600/carregador_taurus_para_fuzil_t4_calibre_556x45mm_n_1_20260603095001_801573cca1d9.jpg;Carregador Para Fuzil Taurus T4 / AR-15 Calibre 5.56x45mm NATO - 30 Tiros Padrão Geométrico STANAG: Polímero de Alta Resistência, Seguidor B
Kit Facas de Caça Profissional EMT Aço Inox + Maleta;0.00;Acessório;PH-8462;0;https://images.tcdn.com.br/img/img_prod/620600/kit_facas_de_caa_profissional_emt_ao_inox_esfolado_1_20260605091951_48fd7b4b1c5c.png;Kit Facas de Caça Profissional EMT 4 em 1 Aço Inox SUS 3Cr13 + Maleta O Kit de Facas Profissional EMT DB2119 é a solução de engenharia defin
Kit de Ferramentas para Caça EMT 6 Peças Aço Inox;0.00;Acessório;PH-8464;0;https://images.tcdn.com.br/img/img_prod/620600/kit_de_ferramentas_para_caa_emt_6_peas_ao_inox_1_20260605100926_a27c0a15a45a.png;Conjunto de Facas e Ferramentas para Caça EMT 6 Peças — Aço Inox 420 O Conjunto de Ferramentas para Caça EMT (6 Peças) é o kit de campo defi
Kit de Facas de Caça Profissional EMT 6 Peças - Acabamento Satin;0.00;Acessório;PH-8466;0;https://images.tcdn.com.br/img/img_prod/620600/kit_de_facas_de_caa_profissional_emt_6_peas_acab_1_20260605111842_3c3f83c8673a.png;Kit de Facas de Caça Profissional EMT 6 Peças (Acabamento Satin) O Kit de Facas e Ferramentas para Caça EMT DB2119-6set é um conjunto de nív
Kit de Facas e Ferramentas para Caça e Sobrevivência - 8 Peças;0.00;Acessório;PH-8468;0;https://images.tcdn.com.br/img/img_prod/620600/kit_de_facas_e_ferramentas_para_caa_e_sobrevivncia_1_20260605114837_632521d8755e.png;Kit de Facas e Ferramentas para Caça e Sobrevivência EMT — 8 Peças (Full) O Kit de Facas e Sobrevivência EMT de 8 Peças é a versão mais comp
Kit de Facas de Caça Profissional 6 Peças - Alta Visibilidade;0.00;Acessório;PH-8470;0;https://images.tcdn.com.br/img/img_prod/620600/kit_de_facas_de_caa_profissional_6_peas_alta_visi_1_20260605135128_a3432943d9c9.png;Kit de Facas de Caça Profissional EMT Color 6 Peças — Alta Visibilidade O Kit de Facas de Caça EMT Color (6 Peças) une a consagrada engenhar
Kit de Facas e Ferramentas para Caça Professional - 9 Peças;0.00;Acessório;PH-8472;0;https://images.tcdn.com.br/img/img_prod/620600/kit_de_facas_e_ferramentas_para_caa_professional_1_20260608100143_fe0acb2d6768.png;Kit de Facas e Ferramentas para Caça EMT Professional — 9 Peças (Configuração Máxima) O Kit de Facas e Ferramentas para Caça EMT de 9 Peças 
Pistola de Pressão PCP Stinger Diana (Calibres 5.5mm);1329.90;Arma;PH-8474;0;https://images.tcdn.com.br/img/img_prod/620600/pistola_de_presso_pcp_stinger_diana_calibres_45mm_1_20260609100146_4b011059c374.jpg;Pistola de Pressão PCP Stinger Diana (Calibres 5.5mm) — 14 Joules A Pistola PCP Stinger Diana é um instrumento de alta precisão projetado pa
"Rifle Bergara B14 Timber Cal .308 Win  Cano 22""";24890.00;Arma;PH-8476;1;https://images.tcdn.com.br/img/img_prod/620600/rifle_de_repetio_bergara_b14_timber_calibre_308_wi_1_20260608142944_93baaa76ae74.jpg;"Rifle Bergara B14 Timber Calibre .308 Win 22"" O Rifle Bergara B14 Timber .308 Winchester é a personificação da engenharia balística espanhol"
"Rifle Bergara BMR B-14R Steel Cal .22LR 18""";20970.00;Arma;PH-8478;1;https://images.tcdn.com.br/img/img_prod/620600/rifle_bergara_bmr_b_14r_steel_cal22lr_18_10_tiros_1_20260610140054_19bd8e711a7f.jpg;"Rifle Bergara B-14R Steel Calibre .22 LR 18"" - Oxidado Plataforma Padrão Remington 700: Cano de Precisão em Aço Carbono, Ação Push-Feed e Ca"
"Rifle Bergara BMR B-14 R Carbon Cal .22WMR 20""";22150.00;Arma;PH-8482;1;https://images.tcdn.com.br/img/img_prod/620600/rifle_bergara_bmr_b_14r_carbon_cal22wmr_20_10_tiro_1_20260609085403_fc71b3465f11.jpg;"Rifle Bergara B-14R Carbon Calibre .22 WMR 20"" Tecnologia Rimfire Premium: Cano em Fibra de Carbono de 20"", Plataforma Remington 700 e Carre"
"Rifle Bergara B14 Wilderness HMR Carbon Cal .308Win 20""";25950.00;Arma;PH-8486;1;https://images.tcdn.com.br/img/img_prod/620600/rifle_bergara_b14_wilderness_hmr_carbon_cal308win_1_20260609091455_319c5349a45d.jpg;"Rifle Bergara B14 Wilderness HMR Carbon Calibre .308 Win 20"" Série Wilderness de Elite: Cano de 20"" em Fibra de Carbono, Acabamento Cerakote"
"Rifle Bergara B14 Wilderness Thumbhole Steel Cal .308Win 20""";27380.00;Arma;PH-8490;1;https://images.tcdn.com.br/img/img_prod/620600/rifle_bergara_b14_wilderness_thumbhole_cal308win_2_1_20260609093431_6493c2d8a635.jpg;"Rifle Bergara B14 Wilderness Thumbhole Steel Calibre .308 Win 20"" Série Wilderness de Alta Performance: Coronha Ergonômica Thumbhole, Acabam"
"Rifle Bergara B14 Premier MDT Elite Cal .308Win 26""";87200.00;Arma;PH-8492;1;https://images.tcdn.com.br/img/img_prod/620600/rifle_bergara_b14_premier_mdt_elite_cal308win_26_1_1_20260609094456_b156a1224c07.jpg;"Rifle Bergara B14 Premier MDT Elite Calibre .308 Win 26"" Série Premier de Competição: Chassi MDT ACC Elite, Gatilho TriggerTech Diamond, Can"
"Rifle Bergara B14 Crest Carbon Cal .308 Win 20""";43950.00;Arma;PH-8502;1;https://images.tcdn.com.br/img/img_prod/620600/rifle_de_repetio_bergara_b14_crest_carbon_calibre_1_20260609101804_c47e2df9efc2.jpg;"Rifle Bergara B14 Crest Carbon Calibre .308 Win 20"" O Rifle Bergara B14 Crest Carbon é o ápice da inovação tática e da engenharia de materia"
"Carabina Fire Eagle® Blowback Cal 9x19 mm 5.5""";16459.90;Arma;PH-8504;1;https://images.tcdn.com.br/img/img_prod/620600/carabina_fire_eagle_9_x_19_mm_55_blowback_semi_aut_1_20260609111016_c8b05a3db9a2.jpg;"Carabina Fire Eagle FE-905PR 9x19mm 5.5"" Plataforma AR de Alta Performance: Sistema Blowback Simples, Alumínio Aeroespacial 7075-T6 e Carreg"
"Carabina Fire Eagle® Blowback Simples Cal 9x19mm 8.5""";16929.00;Arma;PH-8506;1;https://images.tcdn.com.br/img/img_prod/620600/carabina_fire_eagle_9_x_19_mm_85_blowback_simples_1_20260609113256_7eb82a406c21.jpg;"Carabina Fire Eagle FE-908PR 9x19mm 8.5"" Plataforma AR de Alta Performance: Cano de 8.5"" Forjado a Frio, Alumínio Aeroespacial 7075-T6 e Car"
"Carabina Fire Eagle® Blowback Simples Cal 9x19 mm 14.5""";17552.00;Arma;PH-8508;1;https://images.tcdn.com.br/img/img_prod/620600/carabina_fire_eagle_9_x_19_mm_145_blowback_simple_1_20260609114843_4086928ec66e.jpg;"Carabina Fire Eagle FE-914PR 9x19mm Parabellum 14.5"" Semi-Auto - Preta Plataforma AR de Competição: Cano de 14.5"" Forjado a Frio, Compensado"
"Fuzil Fire Eagle® Direct Impingement Cal 5.56 x45mm 11.5""";18170.00;Acessório;PH-8510;1;https://images.tcdn.com.br/img/img_prod/620600/fuzil_fire_eagle_556_x_45_mm_115_direct_impingeme_1_20260609133244_9f35d668cd44.jpg;"Fuzil Fire Eagle FE-115S 5.56x45mm NATO 11.5"" Semi-Auto - Preto Plataforma AR de Alta Prontidão: Sistema Direct Impingement, Alumínio Aeroes"
"Fuzil Fire Eagle® Gas Piston Cal 5.56x45mm 11.5""";23950.00;Acessório;PH-8512;1;https://images.tcdn.com.br/img/img_prod/620600/fuzil_fire_eagle_556_x_45_mm_115_gas_piston_semi_1_20260609134555_15dc8e7934e7.jpg;"Fuzil Fire Eagle FE-115SGP Gas Piston 5.56x45mm NATO 11.5"" Semi-Auto - Preto Plataforma AR Avançada: Sistema de Acionamento por Pistão de Ga"
"Fuzil Fire Eagle® Direct Impingement Cal 5.56x45 mm 14.5""";19210.00;Acessório;PH-8514;1;https://images.tcdn.com.br/img/img_prod/620600/fuzil_fire_eagle_556_x_45_mm_145_direct_impingeme_1_20260609135332_373b3a9392a9.jpg;"Fuzil Fire Eagle FE-145S 5.56x45mm NATO 14.5"" Semi-Auto - Preto Plataforma AR de Combate e Esporte: Sistema Direct Impingement, Cano de 14.5"
"Fuzil Fire Eagle® Gas Piston 5.56x45mm 14.5""";24542.00;Acessório;PH-8516;1;https://images.tcdn.com.br/img/img_prod/620600/fuzil_fire_eagle_556_x_45_mm_145_gas_piston_1_20260610082512_d6d978b63b18.jpg;"Fuzil Fire Eagle FE-145SGP Gas Piston 5.56x45mm NATO 14.5"" Semi-Auto - Preto Plataforma AR Avançada: Sistema de Acionamento por Pistão de Ga"
"Fuzil Fire Eagle® Direct Impingement Cal 5.56x45 mm 16""";20095.00;Acessório;PH-8518;1;https://images.tcdn.com.br/img/img_prod/620600/fuzil_fire_eagle_556_x_45_mm_16_direct_impingemen_1_20260610083524_ab1848dcae93.jpg;"Fuzil Fire Eagle FE-160S 5.56x45mm NATO 16"" Semi-Auto - Preto Máximo Aproveitamento Balístico: Sistema Direct Impingement, Cano Longo de 16"""
"Fuzil Fire Eagle® Direct Impingement Cal 5.56x45mm 20""";23208.00;Acessório;PH-8520;1;https://images.tcdn.com.br/img/img_prod/620600/fuzil_fire_eagle_556_x_45_mm_20_direct_impingemen_1_20260610083856_e9f13e44b9cb.jpg;"Fuzil Fire Eagle FE-200S 5.56x45mm NATO 20"" Semi-Auto - Preto Plataforma Sniper / DMR de Alta Precisão: Cano de 20"" Forjado a Frio, Sistema "
"Rifle Bergara B14 Crest Steel Cal .308 Win 20""";36403.55;Arma;PH-8522;1;https://images.tcdn.com.br/img/img_prod/620600/rifle_bergara_b14_crest_steel_calibre_308_win20_1_20260610130604_140a8f53bdfe.jpg;Rifle Bergara B14 Crest Steel Calibre .308 Win Série B14² de Alta Performance: Coronha Monocoque em Fibra de Carbono, Acabamento Cerakote Sn
"Rifle Bergara B14 Wilderness Sierra Steel Cal .308 Win 20""";25135.79;Arma;PH-8526;1;https://images.tcdn.com.br/img/img_prod/620600/rifle_bergara_b14_wilderness_sierra_steel_cal_308_1_20260610125531_32899b9c9e01.jpg;"Rifle Bergara B14 Wilderness Sierra Steel Calibre .308 Win 20"" Série Wilderness de Alta Performance: Coronha Ajustável Sporter, Cano Estriad"
"Rifle Bergara B14 HMR Hunting e Match Rifle Cal .308 Win 24""";31203.05;Arma;PH-8528;1;https://images.tcdn.com.br/img/img_prod/620600/rifle_bergara_b14_hmr_hunting_e_match_rifle_cal_30_1_20260610132721_cc5a32b30f86.jpg;"Rifle Bergara B14 HMR Calibre .308 Win 24"" Série B14 HMR: Coronha Ajustável com Mini-Chassis Integrado, Acabamento Cerakote Graphite Black e"
"Rifle Bergara BMR-X Carbon Cal .22 LR 20""";15948.22;Arma;PH-8532;1;https://images.tcdn.com.br/img/img_prod/620600/rifle_bergara_bmr_x_carbon_cal_22_lr20_1_20260615162822_2141f25805f1.png;"Rifle Bergara BMR-X Carbon Calibre .22 LR 20"" Plataforma Micro Rimfire: Cano No. 6 em Fibra de Carbono, Coronha BMR-X Ajustável, Trilho 30 M"
"Rifle Bergara BMR-X Steel Cal .22 LR 20""";15428.18;Arma;PH-8534;1;https://images.tcdn.com.br/img/img_prod/620600/rifle_bergara_bmr_x_steel_calibre_22_lr20_1_20260611094837_fe1022dfbab4.jpg;"Rifle Bergara BMR-X Steel 20"" Calibres .22 LR Série Performance Rimfire: Cano Pesado No. 6 Steel, Coronha Tactical BMR-X com Cerakote, Trilh"
"Rifle Bergara BMR Carbon Cal .22 WMR 20""";13694.67;Arma;PH-8536;1;https://images.tcdn.com.br/img/img_prod/620600/rifle_bergara_bmr_carbon_calibre_22_wmr20_1_20260611113321_84904ba778d8.jpg;"Rifle Bergara BMR Carbon Calibre .22 WMR 20"" Série Bergara Micro Rimfire: Cano CURE Carbon Barrel, Acabamento Sniper Grey Cerakote e Coronha"
"Pistola Glock G25 Dark Earth Cal .380 Auto 4""";0.00;Arma;PH-8538;1;https://images.tcdn.com.br/img/img_prod/620600/pistola_glock_g25_dark_earth_cal_380_auto_4_1_20260630163058_79cc345d352c.jpg;"Pistola Glock G25 Dark Earth Cal .380 Auto 4"" A GLOCK G25 Dark Earth é uma arma tática tipo pistola de origem austríaca, reconhecida por ser"
Colete Balístico Dissimulado Nível IIIA - Tank Top;12810.00;Acessório;PH-8540;1;https://images.tcdn.com.br/img/img_prod/620600/colete_balstico_dissimulado_nvel_iiia_tank_top_1_20260618164635_5d1a716b6e8f.png;Colete Balístico Velado Termorregulador Grafeno - Nível IIIA O Colete Balístico Velado em Grafeno (Nível IIIA) representa o que há de mais m
Tenda Blind Caça Camuflada Pop-up Automática 2,20m;0.00;Acessório;PH-8542;0;https://images.tcdn.com.br/img/img_prod/620600/tenda_blind_de_caa_camuflada_com_viso_unidireciona_1_20260619091408_0ed08d9a74f3.jpg;Tenda Blind de Caça Camuflada Pop-up Automática (2,20m x 2,20m) A Barraca de Caça Camuflada Pop-up (Modelo FYHT088) é o abrigo perfeito para
Tenda Blind de Caça Camuflada com Visão Unidirecional;0.00;Acessório;PH-8544;0;https://images.tcdn.com.br/img/img_prod/620600/tenda_blind_de_caa_camuflada_com_viso_unidireciona_1_20260619093032_eea2e35d2429.jpg;Tenda Blind de Caça Camuflada com Visão Unidirecional (1 a 2 Pessoas) A Tenda Blind de Caça (Cabana de Espera) é o equipamento definitivo pa
Barraca de Caça Portátil Dobrável Camuflada à Prova d'água;0.00;Acessório;PH-8548;1;https://images.tcdn.com.br/img/img_prod/620600/barraca_de_caa_porttil_dobrvel_camuflada_prova_dg_1_20260619100241_ac164a3eb97d.jpg;Barraca de Caça Portátil Dobrável Camuflada à Prova de Vento (Modelo ZS-1) A Barraca de Caça Portátil Dobrável (Modelo ZS-1) é o esconderijo
Tenda Blind de Caça Camuflada Pop-up Allbeyond FYCT1602 - Oxford 300D;0.00;Acessório;PH-8550;0;https://images.tcdn.com.br/img/img_prod/620600/tenda_blind_de_caa_camuflada_pop_up_allbeyond_fyct_1_20260619102757_b74a77899f9e.jpg;Tenda de Caça Camuflada Impermeável Pop-up Oxford 300D (Allbeyond) A Tenda de Caça Camuflada Allbeyond (Modelo FYCT1602) é um equipamento de
Barraca de Camping Inflável Premium FZJ 12m² - Algodão Oxford;0.00;Acessório;PH-8552;1;https://images.tcdn.com.br/img/img_prod/620600/barraca_de_camping_inflvel_premium_fzj_12m_algod_1_20260619105949_ccedc76d9785.jpg;Barraca de Camping Inflável Familiar Glamping FZJ - 12m² (3 a 4 Pessoas) Experimente o verdadeiro conceito de Glamping (Camping de Luxo) com
Kit Facas de Caça e Esfola Profissional EMT DB2120 Aço Inox - 7 Peças;0.00;Acessório;PH-8554;0;https://images.tcdn.com.br/img/img_prod/620600/kit_facas_de_caa_e_esfola_profissional_emt_db2120_1_20260619111903_cb2f8cd6d4ac.jpg;Kit de Facas e Ferramentas para Caça EMT Professional — 7 Peças O Kit de Facas e Ferramentas para Caça EMT de 7 Peças é a estação de eviscer
Lanterna Táctica Glock GTL II 600 Lumens;1783.77;Acessório;PH-8556;10;https://images.tcdn.com.br/img/img_prod/620600/lanterna_tctica_glock_gtl_ii_600_lumens_5_20260806153257_267ef4fa872b.jpg;Lanterna Tática Glock GTL II — 600 Lumens (Alta Performance Personalizável) A Lanterna Tática Glock GTL II é o sistema de iluminação compact
Lanterna Tática Fenix LR60R 21.000 Lumens;5245.50;Acessório;PH-8562;2;https://images.tcdn.com.br/img/img_prod/620600/lanterna_tatica_fenix_lr60r_21000_lumens_preto_id_8562_1_03a1829771c1b667a1b338e2bebc9688.png;Lanterna de Busca Profissional Fenix LR60R - 21.000 Lúmens A Lanterna de Busca Fenix LR60R é uma ferramenta de iluminação avançada projetada
Lanterna para arma Fenix GL19R V2.0 1200 Lúmens;1235.60;Acessório;PH-8564;48;https://images.tcdn.com.br/img/img_prod/620600/lanterna_para_arma_fenix_gl19r_v2_0_1200_lumens_id_8564_1_a67ea1570e88516287a23cbe16fcb451.png;Lanterna Tática para Armas Fenix GL19R V2.0 - 1200 Lúmens A Lanterna Tática Fenix GL19R V2.0 redefine o padrão de iluminação para pistolas, 
Lanterna Fenix E06R Pro 1600 Lúmens;913.50;Acessório;PH-8566;8;https://images.tcdn.com.br/img/img_prod/620600/lanterna_fenix_e06r_pro_preta_700_lumens_8566_1_2be99910a53fb4a013f3498ebe917e41.png;Lanterna EDC Plana Fenix E06R PRO - 1600 Lúmens com UV e Laser A Lanterna EDC Fenix E06R PRO revoluciona o conceito de equipamento de porte 
Lanterna Camping Fenix CL26R PRO Branca 650 Lúmens;1008.00;Acessório;PH-8568;4;https://images.tcdn.com.br/img/img_prod/620600/lanterna_camping_fenix_cl26r_pro_branca_650_lumens_id_8568_1_85c72183bdd84e4956673a355b10a9ac.png;Lanterna de Acampamento Fenix CL26R PRO - 650 Lúmens com Power Bank A Lanterna Fenix CL26R PRO é a solução definitiva para iluminação de áre
Lanterna para arma Fenix GL30R 800 Lúmens;1981.20;Acessório;PH-8570;2;https://images.tcdn.com.br/img/img_prod/620600/lanterna_para_arma_fenix_gl30r_800_lumens_id_8570_1_a04ade1ec53db381d596a54e49145f7d.png;Lanterna Tática para Armas Longas Fenix GL30R - 800 Lúmens / 630m A Lanterna Tática Fenix GL30R é a solução de iluminação definitiva e compl
Lanterna de Cabeça Fenix HP35R 4000 Lúmens;2861.20;Acessório;PH-8572;4;https://images.tcdn.com.br/img/img_prod/620600/lanterna_de_cabela_fenix_hp35r_preta_4000_lumens_id_8572_1_7031798eb9d0375fb41cad0d5664f6bb.png;Lanterna de Cabeça Profissional Fenix HP35R - 4000 Lúmens A Lanterna de Cabeça Profissional Fenix HP35R foi forjada para os extremos e const
Lanterna Camping Fenix CL28R 2000 Lúmens;1257.20;Acessório;PH-8574;5;https://images.tcdn.com.br/img/img_prod/620600/lanterna_camping_fenix_cl28r_cinza_2000_lumens_id_8574_1_5d749a0a92b14846f7c27803ee5ca2c1.png;Lanterna de Área e Acampamento Fenix CL28R - 2000 Lúmens com Power Bank A Lanterna Fenix CL28R é a ferramenta de iluminação definitiva para 
Lanterna Fenix TK25R 3600 Lúmens;1734.10;Acessório;PH-8576;2;https://images.tcdn.com.br/img/img_prod/620600/lanterna_fenix_tk25r_led_3600_lumens_8576_1_81e2cb3e1cdb392978d358b9be058779.png;Lanterna Tática Multiuso Fenix TK25R - 3600 Lúmens com UV e Sinalização A Lanterna Tática Fenix TK25R é um verdadeiro arsenal de iluminação 
Lanterna Fenix HT18R V2.0 3700 Lúmens;2460.00;Acessório;PH-8578;29;https://images.tcdn.com.br/img/img_prod/620600/lanterna_fenix_ht18r_v2_0_3700_lumens_id_8578_1_b0bdfe8b6c35ab603b02f740fea1f3a9.png;Lanterna de Busca e Caça Fenix HT18R V2.0 - 3700 Lúmens / 1100m A Lanterna Fenix HT18R V2.0 é o canhão de luz definitivo para quem exige um 
Lanterna de Cabeça Fenix HM75R 1600 Lúmens;2124.20;Acessório;PH-8580;10;https://images.tcdn.com.br/img/img_prod/620600/lanterna_de_cabela_fenix_hm75r_1600_lumens_8580_1_cc436300fd574ca138a4751e592a7138.png;Lanterna de Cabeça Fenix HM75R com Power Extender - 1600 Lúmens A Lanterna Fenix HM75R pegou o que já era perfeito no modelo campeão de vend
Lanterna Fenix WF26R 3000 Lúmens;1604.00;Acessório;PH-8582;4;https://images.tcdn.com.br/img/img_prod/620600/lanterna_fenix_wf26r_3000_lumens_id_8582_1_83eef73ab81c7aa46c7649bfc9712be3.png;Carregador Inteligente Fenix ARE-X1 V2.0 para Baterias de Alta Performance O Carregador Fenix ARE-X1 V2.0 é o parceiro indispensável para qu
Lanterna de Cabeça Fenix HM55R 1200 Lúmens;938.60;Acessório;PH-8584;5;https://images.tcdn.com.br/img/img_prod/620600/lanterna_de_cabela_fenix_hm55r_preta_1200_lumens_id_8584_1_e3f7696b8774dd131d2c65d531fd6cfd.png;Lanterna de Cabeça Multifuncional Fenix HM55R - 1200 Lúmens A Lanterna de Cabeça Fenix HM55R é a solução compacta definitiva para quem busca
Munição CBC .223 Rem EXPT 55gr C Cx 50 Unidades;964.47;Munição;PH-8586;100;https://images.tcdn.com.br/img/img_prod/620600/munio_cbc_223_rem_expt_55gr_c_cx_50_unidades_1_20260703144558_98841c446e64.png;Munição CBC .223 Remington EXPT 55gr - Precisão de Elite Domine o estande ou o campo com a Munição CBC .223 REM EXPT 55gr . Desenvolvida par
Estojo 5.56x45mm Desespoletado - Cx 500 Unidades;5852.51;Acessório;PH-8588;10;https://images.tcdn.com.br/img/img_prod/620600/estojo_556x45mm_desespoletado_cx_50_1_20260703150318_221a6c743415.png;Estojo CBC 5,56x45mm - Alta Performance para Recarga O Estojo CBC 5,56x45mm (Código 10001524) é a escolha premium para atiradores e recarreg
Munição CBC .22 LR Target LRN 40gr Pote 300un;440.26;Munição;PH-8590;100;https://images.tcdn.com.br/img/img_prod/620600/munio_cbc_22_lr_target_lrn_40gr_cx_300_uni_1_20260703152724_ab1ba43625de.png;Munição CBC .22 LR Target LRN CHOG 40gr - Embalagem com 300 Unidades A Munição CBC .22 LR Target LRN (CHOG) de 40 grains é a referência abso
Munição CBC .22 LR Target LRN 40gr Pote 500un;726.18;Munição;PH-8592;20;https://images.tcdn.com.br/img/img_prod/620600/munio_cbc_22_lr_target_lrn_40gr_cx_500un_1_20260703154514_33ff8ec510e4.png;Munição CBC .22 LR Target LRN CHOG 40gr - Embalagem com 500 Unidades A Munição CBC .22 LR Target LRN (CHOG) de 40 grains é a referência abso
Prensa de Recarga para Slug;12000.00;Acessório;PH-8594;1;https://images.tcdn.com.br/img/img_prod/620600/prensa_de_recarga_1_20260709142815_c60233357ea2.jpg;Prensa de Recarga de Slugs Eleve o nível da sua precisão com a Prensa para Slugs Pro Hunters . Desenvolvida para atiradores que exigem consi
Cartucho CBC Cal 16GA Câmara 70mm Velox Chumbo 5 Cx 10 Unidades;97.66;Munição;PH-8596;1;https://images.tcdn.com.br/img/img_prod/620600/cartucho_cbc_cal_16ga_cmara_70mm_velox_chumbo_5_cx_1_20260723162426_c668133f759e.png;Cartucho CBC Calibre 16GA Câmara 70mm Chumbo 5 Cartucho carregado com bagos múltiplos de chumbo, fabricado com matérias-primas de alta quali
Cartucho CBC Cal 16GA Câmara 70mm SG SPECIAL Cx 30 Unidades;265.23;Munição;PH-8598;1;https://images.tcdn.com.br/img/img_prod/620600/cartucho_cbc_cal_16ga_cmara_70mm_sg_special_cx_10_1_20260723164744_d879346386b4.png;Cartucho CBC Calibre 16GA Câmara 70mm Chumbo 5 Cartucho carregado com bagos múltiplos de chumbo, fabricado com matérias-primas de alta quali
Munição CBC Cal 9mm EXPO Subsônica Blister 147gr Cx 10 unidades;184.05;Munição;PH-8600;1;https://images.tcdn.com.br/img/img_prod/620600/munio_cbc_cal_9mm_expo_subsnica_blister_147gr_1_20260723171012_882b00dadfd6.png;Munição CBC Calibre 9mm LUGER ETOG - Blister Munição CBC calibre 9mm Luger Encamisado Total Ogival 147 grains Antes de finalizar sua compra 
Munição CBC Cal .38 SPL ETPP Treina 158gr Cx 50 Unidades;329.80;Munição;PH-8602;0;https://images.tcdn.com.br/img/img_prod/620600/munio_cbc_cal_38_spl_etpp_treina_158gr_cx_50_unida_1_20260723172822_9d79d187a624.png;Munição CBC Calibre .38SPL ETPP Treina 158gr Munição CBC calibre .38SPL Ponta Ogival Antes de finalizar sua compra confirme a disponibilidad
Munição CBC Cal .300 BLK ETOG Sub 200gr Cx 50 unidades;934.20;Munição;PH-8604;1;https://images.tcdn.com.br/img/img_prod/620600/munio_cbc_cal_300_blk_etog_sub_200gr_cx_50_unidade_1_20260724135901_d3c39975042b.png;PRODUTO CONTROLADO PELO EXÉRCITO Este item requer autorização prévia para a realização da compra. Caso não possua a autorização, a compra se
Cartucho CBC Cal 12GA Câmara 70mm Chumbo 3T TP5 Cx 25 unidades;169.77;Munição;PH-8606;1;https://images.tcdn.com.br/img/img_prod/620600/cartucho_cbc_cal_12ga_cmara_70mm_chumbo_3t_tp5_cx_1_20260724150355_018b2b95ad4f.png;Cartucho CBC Cal 12GA Câmara 70mm Chumbo 3T TP5 Cx 25 unidades Garanta máxima eficiência e confiabilidade para suas atividades com o Cartuch
Carregador PT 58/59 HCPlus 15T Calibre .380 Capacidade 15 Tiros;424.70;Acessório;PH-8608;1;https://images.tcdn.com.br/img/img_prod/620600/carregador_pt_5859_hcplus_15t_calibre_380_capacida_1_20260729151339_7accd307898f.png;Carregador Taurus PT 58 / 59 HCPlus 15 Tiros Calibre .380 Carregador PT 58/59 HCPlus 15T, um componente original e essencial para quem busca
"Pistola Revint 1911 Double Barrel ""Second Century"" Calibre .45 x 2";98550.00;Arma;PH-8610;1;https://images.tcdn.com.br/img/img_prod/620600/pistola_revint_1911_double_barrel_second_century_c_8_20260730101803_65740f769d72.jpg;"Pistola Revint 1911 Double Barrel ""Second Century"" - Calibre .45 x 2 Desenvolvida no coração da Itália, na região de Brescia, a Pistola Revi"
Munição CBC Cal. 38TPC Etog 124gr Cx 50 Unidades;375.30;Munição;PH-8612;10;https://images.tcdn.com.br/img/img_prod/620600/munio_cbc_cal_38tpc_etog_124gr_cx_50_unidades_1_20260804172557_b466fca14e2c.png;MUN CBC 38TPC ETOG 124GR (50 unidades) MUN CBC 38TPC ETOG 124GR Antes de finalizar sua compra confirme a disponibilidade de entrega para seu
Pistola Taurus 1911 Government Calibre 38TPC/9mm;0.00;Arma;PH-8614;1;https://images.tcdn.com.br/img/img_prod/620600/pistola_taurus_1911_government_calibre_38tpc9mm_1_20260806161415_5322e76a3cc2.jpg;Pistola Taurus 1911 Government Calibre 38TPC/9mm Se o seu objetivo é dominar o estande de tiro com a imponência de um clássico em tamanho in
Pistola Taurus 1911 Calibre .45 ACP Oxidado Fosco;0.00;Arma;PH-8616;1;https://images.tcdn.com.br/img/img_prod/620600/pistola_taurus_1911_calibre_45_acp_oxidado_fosco_1_20260806163624_5ceb7c3a6d5b.png;Pistola Taurus 1911 Clássica Calibre .45 ACP 8 Tiros A Pistola Taurus 1911 é construída totalmente em aço, marcando a estreia do fabricante 
"Fuzil Semiautomatico Taurus T10 - Cal 7,62x51mm / 308 Win 16""";27490.00;Acessório;PH-8618;1;https://images.tcdn.com.br/img/img_prod/620600/fuzil_semiautomatico_taurus_t10_cal_762x51mm_30_1_20260813143704_eba1c40a0449.png;"Fuzil Taurus T10 16"" Calibre 7,62x51mm / .308 Win M-LOK O Fuzil T10 16” nos calibres .308 Win e 7,62x51mm e com capacidade de 20 disparos, r"
"Fuzil Semiautomatico Taurus T10 - Cal 7,62x51mm / 308 Win 20"" Cerakote";29705.99;Acessório;PH-8620;1;https://images.tcdn.com.br/img/img_prod/620600/fuzil_semiautomatico_taurus_t10_cal_762x51mm_30_1_20260813162807_07b94721bb2c.png;"Fuzil Taurus T10 20"" Calibre 7,62 / .308 Cerakote O Fuzil Taurus T10 com cano de 20 polegadas (508 mm) combina alto desempenho, precisão e m"
